#line 1 "C:\\DevWork\\4.IFTechWork\\1.p1pDisplay3Inch\\Touch_1pUPS_335_bat\\tps.c"
// Generated by   : ImageConverter 565 Online
// Generated from : tps.jpg
// Time generated : Wed, 22 Dec 21 03:51:12 +0100  (Server timezone: CET)
// Image Size     : 310x70 pixels
// Memory usage   : 43400 bytes


#if defined(__AVR__)
    #include <avr/pgmspace.h>
#elif defined(__PIC32MX__)
    #define PROGMEM
#elif defined(__arm__)
    #define PROGMEM
#endif

const unsigned short tps[21700] PROGMEM={
0xFFFF, 0xFFFF, 0xFFFF, 0xFFFF, 0xFFFF, 0xFFFF, 0xFFFF, 0xFFFF, 0xFFFF, 0xFFFF, 0xFFFF, 0xFFFF, 0xFFFF, 0xFFFF, 0xFFFF, 0xFFFF,   // 0x0010 (16) pixels
0xFFFF, 0xFFFF, 0xFFFF, 0xFFFF, 0xFFFF, 0xFFFF, 0xFFFF, 0xFFFF, 0xFFFF, 0xFFFF, 0xFFFF, 0xFFFF, 0xFFFF, 0xFFFF, 0xFFFF, 0xFFFF,   // 0x0020 (32) pixels
0xFFFF, 0xFFFF, 0xFFFF, 0xFFFF, 0xFFFF, 0xFFFF, 0xFFFF, 0xFFFF, 0xFFFF, 0xFFFF, 0xFFFF, 0xFFFF, 0xFFFF, 0xFFFF, 0xFFFF, 0xFFFF,   // 0x0030 (48) pixels
0xFFFF, 0xFFFF, 0xFFFF, 0xFFFF, 0xFFFF, 0xFFFF, 0xFFFF, 0xFFFF, 0xFFFF, 0xFFFF, 0xFFFF, 0xFFFF, 0xFFFF, 0xFFFF, 0xFFFF, 0xFFFF,   // 0x0040 (64) pixels
0xFFFF, 0xFFFF, 0xFFFF, 0xFFFF, 0xFFFF, 0xFFFF, 0xFFFF, 0xFFFF, 0xFFFF, 0xFFFF, 0xFFFF, 0xFFFF, 0xFFFF, 0xFFFF, 0xFFFF, 0xFFFF,   // 0x0050 (80) pixels
0xFFFF, 0xFFFF, 0xFFFF, 0xFFFF, 0xFFFF, 0xFFFF, 0xFFFF, 0xFFFF, 0xFFFF, 0xFFFF, 0xFFFF, 0xFFFF, 0xFFFF, 0xFFFF, 0xFFFF, 0xFFFF,   // 0x0060 (96) pixels
0xFFFF, 0xFFFF, 0xFFFF, 0xFFFF, 0xFFFF, 0xFFFF, 0xFFFF, 0xFFFF, 0xFFFF, 0xFFFF, 0xFFFF, 0xFFFF, 0xFFFF, 0xFFFF, 0xFFFF, 0xFFFF,   // 0x0070 (112) pixels
0xFFFF, 0xFFFF, 0xFFFF, 0xFFFF, 0xFFFF, 0xFFFF, 0xFFFF, 0xFFFF, 0xFFFF, 0xFFFF, 0xFFFF, 0xFFFF, 0xFFFF, 0xFFFF, 0xFFFF, 0xFFFF,   // 0x0080 (128) pixels
0xFFFF, 0xFFFF, 0xFFFF, 0xFFFF, 0xFFFF, 0xFFFF, 0xFFFF, 0xFFFF, 0xFFFF, 0xFFFF, 0xFFFF, 0xFFFF, 0xFFFF, 0xFFFF, 0xFFFF, 0xFFFF,   // 0x0090 (144) pixels
0xFFFF, 0xFFFF, 0xFFFF, 0xFFFF, 0xFFFF, 0xFFFF, 0xFFFF, 0xFFFF, 0xFFFF, 0xFFFF, 0xFFFF, 0xFFFF, 0xFFFF, 0xFFFF, 0xFFFF, 0xFFFF,   // 0x00A0 (160) pixels
0xFFFF, 0xFFFF, 0xFFFF, 0xFFFF, 0xFFFF, 0xFFFF, 0xFFFF, 0xFFFF, 0xFFFF, 0xFFFF, 0xFFFF, 0xFFFF, 0xFFFF, 0xFFFF, 0xFFFF, 0xFFFF,   // 0x00B0 (176) pixels
0xFFFF, 0xFFFF, 0xFFFF, 0xFFFF, 0xFFFF, 0xFFFF, 0xFFFF, 0xFFFF, 0xFFFF, 0xFFFF, 0xFFFF, 0xFFFF, 0xFFFF, 0xFFFF, 0xFFFF, 0xFFFF,   // 0x00C0 (192) pixels
0xFFFF, 0xFFFF, 0xFFFF, 0xFFFF, 0xFFFF, 0xFFFF, 0xFFFF, 0xFFFF, 0xFFFF, 0xFFFF, 0xFFFF, 0xFFFF, 0xFFFF, 0xFFFF, 0xFFFF, 0xFFFF,   // 0x00D0 (208) pixels
0xFFFF, 0xFFFF, 0xFFFF, 0xFFFF, 0xFFFF, 0xFFFF, 0xFFFF, 0xFFFF, 0xFFFF, 0xFFFF, 0xFFFF, 0xFFFF, 0xFFFF, 0xFFFF, 0xFFFF, 0xFFFF,   // 0x00E0 (224) pixels
0xFFFF, 0xFFFF, 0xFFFF, 0xFFFF, 0xFFFF, 0xFFFF, 0xFFFF, 0xFFFF, 0xFFFF, 0xFFFF, 0xFFFF, 0xFFFF, 0xFFFF, 0xFFFF, 0xFFFF, 0xFFFF,   // 0x00F0 (240) pixels
0xFFFF, 0xFFFF, 0xFFFF, 0xFFFF, 0xFFFF, 0xFFFF, 0xFFFF, 0xFFFF, 0xFFFF, 0xFFFF, 0xFFFF, 0xFFFF, 0xFFFF, 0xFFFF, 0xFFFF, 0xFFFF,   // 0x0100 (256) pixels
0xFFFF, 0xFFFF, 0xFFFF, 0xFFFF, 0xFFFF, 0xFFFF, 0xFFFF, 0xFFFF, 0xFFFF, 0xFFFF, 0xFFFF, 0xFFFF, 0xFFFF, 0xFFFF, 0xFFFF, 0xFFFF,   // 0x0110 (272) pixels
0xFFFF, 0xFFFF, 0xFFFF, 0xFFFF, 0xFFFF, 0xFFFF, 0xFFFF, 0xFFFF, 0xFFFF, 0xFFFF, 0xFFFF, 0xFFFF, 0xFFFF, 0xFFFF, 0xFFFF, 0xFFFF,   // 0x0120 (288) pixels
0xFFFF, 0xFFFF, 0xFFFF, 0xFFFF, 0xFFFF, 0xFFFF, 0xFFFF, 0xFFFF, 0xFFFF, 0xFFFF, 0xFFFF, 0xFFFF, 0xFFFF, 0xFFFF, 0xFFFF, 0xFFFF,   // 0x0130 (304) pixels
0xFFFF, 0xFFFF, 0xFFFF, 0xFFFF, 0xFFFF, 0xFFFF, 0xFFFF, 0xFFFF, 0xFFFF, 0xFFFF, 0xFFFF, 0xFFFF, 0xFFFF, 0xFFFF, 0xFFFF, 0xFFFF,   // 0x0140 (320) pixels
0xFFFF, 0xFFFF, 0xFFFF, 0xFFFF, 0xFFFF, 0xFFFF, 0xFFFF, 0xFFFF, 0xFFFF, 0xFFFF, 0xFFFF, 0xFFFF, 0xFFFF, 0xFFFF, 0xFFFF, 0xFFFF,   // 0x0150 (336) pixels
0xFFFF, 0xFFFF, 0xFFFF, 0xFFFF, 0xFFFF, 0xFFFF, 0xFFFF, 0xFFFF, 0xFFFF, 0xFFFF, 0xFFFF, 0xFFFF, 0xFFFF, 0xFFFF, 0xFFFF, 0xFFFF,   // 0x0160 (352) pixels
0xFFFF, 0xFFFF, 0xFFFF, 0xFFFF, 0xFFFF, 0xFFFF, 0xFFFF, 0xFFFF, 0xFFFF, 0xFFFF, 0xFFFF, 0xFFFF, 0xFFFF, 0xFFFF, 0xFFFF, 0xFFFF,   // 0x0170 (368) pixels
0xFFFF, 0xFFFF, 0xFFFF, 0xFFFF, 0xFFFF, 0xFFFF, 0xFFFF, 0xFFFF, 0xFFFF, 0xFFFF, 0xFFFF, 0xFFFF, 0xFFFF, 0xFFFF, 0xFFFF, 0xFFFF,   // 0x0180 (384) pixels
0xFFFF, 0xFFFF, 0xFFFF, 0xFFFF, 0xFFFF, 0xFFFF, 0xFFFF, 0xFFFF, 0xFFFF, 0xFFFF, 0xFFFF, 0xFFFF, 0xFFFF, 0xFFFF, 0xFFFF, 0xFFFF,   // 0x0190 (400) pixels
0xFFFF, 0xFFFF, 0xFFFF, 0xFFFF, 0xFFFF, 0xFFFF, 0xFFFF, 0xFFFF, 0xFFFF, 0xFFFF, 0xFFFF, 0xFFFF, 0xFFFF, 0xFFFF, 0xFFFF, 0xFFFF,   // 0x01A0 (416) pixels
0xFFFF, 0xFFFF, 0xFFFF, 0xFFFF, 0xFFFF, 0xFFFF, 0xFFFF, 0xFFFF, 0xFFFF, 0xFFFF, 0xFFFF, 0xFFFF, 0xFFFF, 0xFFFF, 0xFFFF, 0xFFFF,   // 0x01B0 (432) pixels
0xFFFF, 0xFFFF, 0xFFFF, 0xFFFF, 0xFFFF, 0xFFFF, 0xFFFF, 0xFFFF, 0xFFFF, 0xFFFF, 0xFFFF, 0xFFFF, 0xFFFF, 0xFFFF, 0xFFFF, 0xFFFF,   // 0x01C0 (448) pixels
0xFFFF, 0xFFFF, 0xFFFF, 0xFFFF, 0xFFFF, 0xFFFF, 0xFFFF, 0xFFFF, 0xFFFF, 0xFFFF, 0xFFFF, 0xFFFF, 0xFFFF, 0xFFFF, 0xFFFF, 0xFFFF,   // 0x01D0 (464) pixels
0xFFFF, 0xFFFF, 0xFFFF, 0xFFFF, 0xFFFF, 0xFFFF, 0xFFFF, 0xFFFF, 0xFFFF, 0xFFFF, 0xFFFF, 0xFFFF, 0xFFFF, 0xFFFF, 0xFFFF, 0xFFFF,   // 0x01E0 (480) pixels
0xFFFF, 0xFFFF, 0xFFFF, 0xFFFF, 0xFFFF, 0xFFFF, 0xFFFF, 0xFFFF, 0xFFFF, 0xFFFF, 0xFFFF, 0xFFFF, 0xFFFF, 0xFFFF, 0xFFFF, 0xFFFF,   // 0x01F0 (496) pixels
0xFFFF, 0xFFFF, 0xFFFF, 0xFFFF, 0xFFFF, 0xFFFF, 0xFFFF, 0xFFFF, 0xFFFF, 0xFFFF, 0xFFFF, 0xFFFF, 0xFFFF, 0xFFFF, 0xFFFF, 0xFFFF,   // 0x0200 (512) pixels
0xFFFF, 0xFFFF, 0xFFFF, 0xFFFF, 0xFFFF, 0xFFFF, 0xFFFF, 0xFFFF, 0xFFFF, 0xFFFF, 0xFFFF, 0xFFFF, 0xFFFF, 0xFFFF, 0xFFFF, 0xFFFF,   // 0x0210 (528) pixels
0xFFFF, 0xFFFF, 0xFFFF, 0xFFFF, 0xFFFF, 0xFFFF, 0xFFFF, 0xFFFF, 0xFFFF, 0xFFFF, 0xFFFF, 0xFFFF, 0xFFFF, 0xFFFF, 0xFFFF, 0xFFFF,   // 0x0220 (544) pixels
0xFFFF, 0xFFFF, 0xFFFF, 0xFFFF, 0xFFFF, 0xFFFF, 0xFFFF, 0xFFFF, 0xFFFF, 0xFFFF, 0xFFFF, 0xFFFF, 0xFFFF, 0xFFFF, 0xFFFF, 0xFFFF,   // 0x0230 (560) pixels
0xFFFF, 0xFFFF, 0xFFFF, 0xFFFF, 0xFFFF, 0xFFFF, 0xFFFF, 0xFFFF, 0xFFFF, 0xFFFF, 0xFFFF, 0xFFFF, 0xFFFF, 0xFFFF, 0xFFFF, 0xFFFF,   // 0x0240 (576) pixels
0xFFFF, 0xFFFF, 0xFFFF, 0xFFFF, 0xFFFF, 0xFFFF, 0xFFFF, 0xFFFF, 0xFFFF, 0xFFFF, 0xFFFF, 0xFFFF, 0xFFFF, 0xFFFF, 0xFFFF, 0xFFFF,   // 0x0250 (592) pixels
0xFFFF, 0xFFFF, 0xFFFF, 0xFFFF, 0xFFFF, 0xFFFF, 0xFFFF, 0xFFFF, 0xFFFF, 0xFFFF, 0xFFFF, 0xFFFF, 0xFFFF, 0xFFFF, 0xFFFF, 0xFFFF,   // 0x0260 (608) pixels
0xFFFF, 0xFFFF, 0xFFFF, 0xFFFF, 0xFFFF, 0xFFFF, 0xFFFF, 0xFFFF, 0xFFFF, 0xFFFF, 0xFFFF, 0xFFFF, 0xFFFF, 0xFFFF, 0xFFFF, 0xFFFF,   // 0x0270 (624) pixels
0xFFFF, 0xFFFF, 0xFFFF, 0xFFFF, 0xFFFF, 0xFFFF, 0xFFFF, 0xFFFF, 0xFFFF, 0xFFFF, 0xFFFF, 0xFFFF, 0xFFFF, 0xFFFF, 0xFFFF, 0xFFFF,   // 0x0280 (640) pixels
0xFFFF, 0xFFFF, 0xFFFF, 0xFFFF, 0xFFFF, 0xFFFF, 0xFFFF, 0xFFFF, 0xFFFF, 0xFFFF, 0xFFFF, 0xFFFF, 0xFFFF, 0xFFFF, 0xFFFF, 0xFFFF,   // 0x0290 (656) pixels
0xFFFF, 0xFFFF, 0xFFFF, 0xFFFF, 0xFFFF, 0xFFFF, 0xFFFF, 0xFFFF, 0xFFFF, 0xFFFF, 0xFFFF, 0xFFFF, 0xFFFF, 0xFFFF, 0xFFFF, 0xFFFF,   // 0x02A0 (672) pixels
0xFFFF, 0xFFFF, 0xFFFF, 0xFFFF, 0xFFFF, 0xFFFF, 0xFFFF, 0xFFFF, 0xFFFF, 0xFFFF, 0xFFFF, 0xFFFF, 0xFFFF, 0xFFFF, 0xFFFF, 0xFFFF,   // 0x02B0 (688) pixels
0xFFFF, 0xFFFF, 0xFFFF, 0xFFFF, 0xFFFF, 0xFFFF, 0xFFFF, 0xFFFF, 0xFFFF, 0xFFFF, 0xFFFF, 0xFFFF, 0xFFFF, 0xFFFF, 0xFFFF, 0xFFFF,   // 0x02C0 (704) pixels
0xFFFF, 0xFFFF, 0xFFFF, 0xFFFF, 0xFFFF, 0xFFFF, 0xFFFF, 0xFFFF, 0xFFFF, 0xFFFF, 0xFFFF, 0xFFFF, 0xFFFF, 0xFFFF, 0xFFFF, 0xFFFF,   // 0x02D0 (720) pixels
0xFFFF, 0xFFFF, 0xFFFF, 0xFFFF, 0xFFFF, 0xFFFF, 0xFFFF, 0xFFFF, 0xFFFF, 0xFFFF, 0xFFFF, 0xFFFF, 0xFFFF, 0xFFFF, 0xFFFF, 0xFFFF,   // 0x02E0 (736) pixels
0xFFFF, 0xFFFF, 0xFFFF, 0xFFFF, 0xFFFF, 0xFFFF, 0xFFFF, 0xFFFF, 0xFFFF, 0xFFFF, 0xFFFF, 0xFFFF, 0xFFFF, 0xFFFF, 0xFFFF, 0xFFFF,   // 0x02F0 (752) pixels
0xFFFF, 0xFFFF, 0xFFFF, 0xFFFF, 0xFFFF, 0xFFFF, 0xFFFF, 0xFFFF, 0xFFFF, 0xFFFF, 0xFFFF, 0xFFFF, 0xFFFF, 0xFFFF, 0xFFFF, 0xFFFF,   // 0x0300 (768) pixels
0xFFFF, 0xFFFF, 0xFFFF, 0xFFFF, 0xFFFF, 0xFFFF, 0xFFFF, 0xFFFF, 0xFFFF, 0xFFFF, 0xFFFF, 0xFFFF, 0xFFFF, 0xFFFF, 0xFFFF, 0xFFFF,   // 0x0310 (784) pixels
0xFFFF, 0xFFFF, 0xFFFF, 0xFFFF, 0xFFFF, 0xFFFF, 0xFFFF, 0xFFFF, 0xFFFF, 0xFFFF, 0xFFFF, 0xFFFF, 0xFFFF, 0xFFFF, 0xFFFF, 0xFFFF,   // 0x0320 (800) pixels
0xFFFF, 0xFFFF, 0xFFFF, 0xFFFF, 0xFFFF, 0xFFFF, 0xFFFF, 0xFFFF, 0xFFFF, 0xFFFF, 0xFFFF, 0xFFFF, 0xFFFF, 0xFFFF, 0xFFFF, 0xFFFF,   // 0x0330 (816) pixels
0xFFFF, 0xFFFF, 0xFFFF, 0xFFFF, 0xFFFF, 0xFFFF, 0xFFFF, 0xFFFF, 0xFFFF, 0xFFFF, 0xFFFF, 0xFFFF, 0xFFFF, 0xFFFF, 0xFFFF, 0xFFFF,   // 0x0340 (832) pixels
0xFFFF, 0xFFFF, 0xFFFF, 0xFFFF, 0xFFFF, 0xFFFF, 0xFFFF, 0xFFFF, 0xFFFF, 0xFFFF, 0xFFFF, 0xFFFF, 0xFFFF, 0xFFFF, 0xFFFF, 0xFFFF,   // 0x0350 (848) pixels
0xFFFF, 0xFFFF, 0xFFFF, 0xFFFF, 0xFFFF, 0xFFFF, 0xFFFF, 0xFFFF, 0xFFFF, 0xFFFF, 0xFFFF, 0xFFFF, 0xFFFF, 0xFFFF, 0xFFFF, 0xFFFF,   // 0x0360 (864) pixels
0xFFFF, 0xFFFF, 0xFFFF, 0xFFFF, 0xFFFF, 0xFFFF, 0xFFFF, 0xFFFF, 0xFFFF, 0xFFFF, 0xFFFF, 0xFFFF, 0xFFFF, 0xFFFF, 0xFFFF, 0xFFFF,   // 0x0370 (880) pixels
0xFFFF, 0xFFFF, 0xFFFF, 0xFFFF, 0xFFFF, 0xFFFF, 0xFFFF, 0xFFFF, 0xFFFF, 0xFFFF, 0xFFFF, 0xFFFF, 0xFFFF, 0xFFFF, 0xFFFF, 0xFFFF,   // 0x0380 (896) pixels
0xFFFF, 0xFFFF, 0xFFFF, 0xFFFF, 0xFFFF, 0xFFFF, 0xFFFF, 0xFFFF, 0xFFFF, 0xFFFF, 0xFFFF, 0xFFFF, 0xFFFF, 0xFFFF, 0xFFFF, 0xFFFF,   // 0x0390 (912) pixels
0xFFFF, 0xFFFF, 0xFFFF, 0xFFFF, 0xFFFF, 0xFFFF, 0xFFFF, 0xFFFF, 0xFFFF, 0xFFFF, 0xFFFF, 0xFFFF, 0xFFFF, 0xFFFF, 0xFFFF, 0xFFFF,   // 0x03A0 (928) pixels
0xFFFF, 0xFFFF, 0xFFFF, 0xFFFF, 0xFFFF, 0xFFFF, 0xFFFF, 0xFFFF, 0xFFFF, 0xFFFF, 0xFFFF, 0xFFFF, 0xFFFF, 0xFFFF, 0xFFFF, 0xFFFF,   // 0x03B0 (944) pixels
0xFFFF, 0xFFFF, 0xFFFF, 0xFFFF, 0xFFFF, 0xFFFF, 0xFFFF, 0xFFFF, 0xFFFF, 0xFFFF, 0xFFFF, 0xFFFF, 0xFFFF, 0xFFFF, 0xFFFF, 0xFFFF,   // 0x03C0 (960) pixels
0xFFFF, 0xFFFF, 0xFFFF, 0xFFFF, 0xFFFF, 0xFFFF, 0xFFFF, 0xFFFF, 0xFFFF, 0xFFFF, 0xFFFF, 0xFFFF, 0xFFFF, 0xFFFF, 0xFFFF, 0xFFFF,   // 0x03D0 (976) pixels
0xFFFF, 0xFFFF, 0xFFFF, 0xFFFF, 0xFFFF, 0xFFFF, 0xFFFF, 0xFFFF, 0xFFFF, 0xFFFF, 0xFFFF, 0xFFFF, 0xFFFF, 0xFFFF, 0xFFFF, 0xFFFF,   // 0x03E0 (992) pixels
0xFFFF, 0xFFFF, 0xFFFF, 0xFFFF, 0xFFFF, 0xFFFF, 0xFFFF, 0xFFFF, 0xFFFF, 0xFFFF, 0xFFFF, 0xFFFF, 0xFFFF, 0xFFFF, 0xFFFF, 0xFFFF,   // 0x03F0 (1008) pixels
0xFFFF, 0xFFFF, 0xFFFF, 0xFFFF, 0xFFFF, 0xFFFF, 0xFFFF, 0xFFFF, 0xFFFF, 0xFFFF, 0xFFFF, 0xFFFF, 0xFFFF, 0xFFFF, 0xFFFF, 0xFFFF,   // 0x0400 (1024) pixels
0xFFFF, 0xFFFF, 0xFFFF, 0xFFFF, 0xFFFF, 0xFFFF, 0xFFFF, 0xFFFF, 0xFFFF, 0xFFFF, 0xFFFF, 0xFFFF, 0xFFFF, 0xFFFF, 0xFFFF, 0xFFFF,   // 0x0410 (1040) pixels
0xFFFF, 0xFFFF, 0xFFFF, 0xFFFF, 0xFFFF, 0xFFFF, 0xFFFF, 0xFFFF, 0xFFFF, 0xFFFF, 0xFFFF, 0xFFFF, 0xFFFF, 0xFFFF, 0xFFFF, 0xFFFF,   // 0x0420 (1056) pixels
0xFFFF, 0xFFFF, 0xFFFF, 0xFFFF, 0xFFFF, 0xFFFF, 0xFFFF, 0xFFFF, 0xFFFF, 0xFFFF, 0xFFFF, 0xFFFF, 0xFFFF, 0xFFFF, 0xFFFF, 0xFFFF,   // 0x0430 (1072) pixels
0xFFFF, 0xFFFF, 0xFFFF, 0xFFFF, 0xFFFF, 0xFFFF, 0xFFFF, 0xFFFF, 0xFFFF, 0xFFFF, 0xFFFF, 0xFFFF, 0xFFFF, 0xFFFF, 0xFFFF, 0xFFFF,   // 0x0440 (1088) pixels
0xFFFF, 0xFFFF, 0xFFFF, 0xFFFF, 0xFFFF, 0xFFFF, 0xFFFF, 0xFFFF, 0xFFFF, 0xFFFF, 0xFFFF, 0xFFFF, 0xFFFF, 0xFFFF, 0xFFFF, 0xFFFF,   // 0x0450 (1104) pixels
0xFFFF, 0xFFFF, 0xFFFF, 0xFFFF, 0xFFFF, 0xFFFF, 0xFFFF, 0xFFFF, 0xFFFF, 0xFFFF, 0xFFFF, 0xFFFF, 0xFFFF, 0xFFFF, 0xFFFF, 0xFFFF,   // 0x0460 (1120) pixels
0xFFFF, 0xFFFF, 0xFFFF, 0xFFFF, 0xFFFF, 0xFFFF, 0xFFFF, 0xFFFF, 0xFFFF, 0xFFFF, 0xFFFF, 0xFFFF, 0xFFFF, 0xFFFF, 0xFFFF, 0xFFFF,   // 0x0470 (1136) pixels
0xFFFF, 0xFFFF, 0xFFFF, 0xFFFF, 0xFFFF, 0xFFFF, 0xFFFF, 0xFFFF, 0xFFFF, 0xFFFF, 0xFFFF, 0xFFFF, 0xFFFF, 0xFFFF, 0xFFFF, 0xFFFF,   // 0x0480 (1152) pixels
0xFFFF, 0xFFFF, 0xFFFF, 0xFFFF, 0xFFFF, 0xFFFF, 0xFFFF, 0xFFFF, 0xFFFF, 0xFFFF, 0xFFFF, 0xFFFF, 0xFFFF, 0xFFFF, 0xFFFF, 0xFFFF,   // 0x0490 (1168) pixels
0xFFFF, 0xFFFF, 0xFFFF, 0xFFFF, 0xFFFF, 0xFFFF, 0xFFFF, 0xFFFF, 0xFFFF, 0xFFFF, 0xFFFF, 0xFFFF, 0xFFFF, 0xFFFF, 0xFFFF, 0xFFFF,   // 0x04A0 (1184) pixels
0xFFFF, 0xFFFF, 0xFFFF, 0xFFFF, 0xFFFF, 0xFFFF, 0xFFFF, 0xFFFF, 0xFFFF, 0xFFFF, 0xFFFF, 0xFFFF, 0xFFFF, 0xFFFF, 0xFFFF, 0xFFFF,   // 0x04B0 (1200) pixels
0xFFFF, 0xFFFF, 0xFFFF, 0xFFFF, 0xFFFF, 0xFFFF, 0xFFFF, 0xFFFF, 0xFFFF, 0xFFFF, 0xFFFF, 0xFFFF, 0xFFFF, 0xFFFF, 0xFFFF, 0xFFFF,   // 0x04C0 (1216) pixels
0xFFFF, 0xFFFF, 0xFFFF, 0xFFFF, 0xFFFF, 0xFFFF, 0xFFFF, 0xFFFF, 0xFFFF, 0xFFFF, 0xFFFF, 0xFFFF, 0xFFFF, 0xFFFF, 0xFFFF, 0xFFFF,   // 0x04D0 (1232) pixels
0xFFFF, 0xFFFF, 0xFFFF, 0xFFFF, 0xFFFF, 0xFFFF, 0xFFFF, 0xFFFF, 0xFFFF, 0xFFFF, 0xFFFF, 0xFFFF, 0xFFFF, 0xFFFF, 0xFFFF, 0xFFFF,   // 0x04E0 (1248) pixels
0xFFFF, 0xFFFF, 0xFFFF, 0xFFFF, 0xFFFF, 0xFFFF, 0xFFFF, 0xFFFF, 0xFFFF, 0xFFFF, 0xFFFF, 0xFFFF, 0xFFFF, 0xFFFF, 0xFFFF, 0xFFFF,   // 0x04F0 (1264) pixels
0xFFFF, 0xFFFF, 0xFFFF, 0xFFFF, 0xFFFF, 0xFFFF, 0xFFFF, 0xFFFF, 0xFFFF, 0xFFFF, 0xFFFF, 0xFFFF, 0xFFFF, 0xFFFF, 0xFFFF, 0xFFFF,   // 0x0500 (1280) pixels
0xFFFF, 0xFFFF, 0xFFFF, 0xFFFF, 0xFFFF, 0xFFFF, 0xFFFF, 0xFFFF, 0xFFFF, 0xFFFF, 0xFFFF, 0xFFFF, 0xFFFF, 0xFFFF, 0xFFFF, 0xFFFF,   // 0x0510 (1296) pixels
0xFFFF, 0xFFFF, 0xFFFF, 0xFFFF, 0xFFFF, 0xFFFF, 0xFFFF, 0xFFFF, 0xFFFF, 0xFFFF, 0xFFFF, 0xFFFF, 0xFFFF, 0xFFFF, 0xFFFF, 0xFFFF,   // 0x0520 (1312) pixels
0xFFFF, 0xFFFF, 0xFFFF, 0xFFFF, 0xFFFF, 0xFFFF, 0xFFFF, 0xFFFF, 0xFFFF, 0xFFFF, 0xFFFF, 0xFFFF, 0xFFFF, 0xFFFF, 0xFFFF, 0xFFFF,   // 0x0530 (1328) pixels
0xFFFF, 0xFFFF, 0xFFFF, 0xFFFF, 0xFFFF, 0xFFFF, 0xFFFF, 0xFFFF, 0xFFFF, 0xFFFF, 0xFFFF, 0xFFFF, 0xFFFF, 0xFFFF, 0xFFFF, 0xFFFF,   // 0x0540 (1344) pixels
0xFFFF, 0xFFFF, 0xFFFF, 0xFFFF, 0xFFFF, 0xFFFF, 0xFFFF, 0xFFFF, 0xFFFF, 0xFFFF, 0xFFFF, 0xFFFF, 0xFFFF, 0xFFFF, 0xFFFF, 0xFFFF,   // 0x0550 (1360) pixels
0xFFFF, 0xFFFF, 0xFFFF, 0xFFFF, 0xFFFF, 0xFFFF, 0xFFFF, 0xFFFF, 0xFFFF, 0xFFFF, 0xFFFF, 0xFFFF, 0xFFFF, 0xFFFF, 0xFFFF, 0xFFFF,   // 0x0560 (1376) pixels
0xFFFF, 0xFFFF, 0xFFFF, 0xFFFF, 0xFFFF, 0xFFFF, 0xFFFF, 0xFFFF, 0xFFFF, 0xFFFF, 0xFFFF, 0xFFFF, 0xFFFF, 0xFFFF, 0xFFFF, 0xFFFF,   // 0x0570 (1392) pixels
0xFFFF, 0xFFFF, 0xFFFF, 0xFFFF, 0xFFFF, 0xFFFF, 0xFFFF, 0xFFFF, 0xFFFF, 0xFFFF, 0xFFFF, 0xFFFF, 0xFFFF, 0xFFFF, 0xFFFF, 0xFFFF,   // 0x0580 (1408) pixels
0xFFFF, 0xFFFF, 0xFFFF, 0xFFFF, 0xFFFF, 0xFFFF, 0xFFFF, 0xFFFF, 0xFFFF, 0xFFFF, 0xFFFF, 0xFFFF, 0xFFFF, 0xFFFF, 0xFFFF, 0xFFFF,   // 0x0590 (1424) pixels
0xFFFF, 0xFFFF, 0xFFFF, 0xFFFF, 0xFFFF, 0xFFFF, 0xFFFF, 0xFFFF, 0xFFFF, 0xFFFF, 0xFFFF, 0xFFFF, 0xFFFF, 0xFFFF, 0xFFFF, 0xFFFF,   // 0x05A0 (1440) pixels
0xFFFF, 0xFFFF, 0xFFFF, 0xFFFF, 0xFFFF, 0xFFFF, 0xFFFF, 0xFFFF, 0xFFFF, 0xFFFF, 0xFFFF, 0xFFFF, 0xFFFF, 0xFFFF, 0xFFFF, 0xFFFF,   // 0x05B0 (1456) pixels
0xFFFF, 0xFFFF, 0xFFFF, 0xFFFF, 0xFFFF, 0xFFFF, 0xFFFF, 0xFFFF, 0xFFFF, 0xFFFF, 0xFFFF, 0xFFFF, 0xFFFF, 0xFFFF, 0xFFFF, 0xFFFF,   // 0x05C0 (1472) pixels
0xFFFF, 0xFFFF, 0xFFFF, 0xFFFF, 0xFFFF, 0xFFFF, 0xFFFF, 0xFFFF, 0xFFFF, 0xFFFF, 0xFFFF, 0xFFFF, 0xFFFF, 0xFFFF, 0xFFFF, 0xFFFF,   // 0x05D0 (1488) pixels
0xFFFF, 0xFFFF, 0xFFFF, 0xFFFF, 0xFFFF, 0xFFFF, 0xFFFF, 0xFFFF, 0xFFFF, 0xFFFF, 0xFFFF, 0xFFFF, 0xFFFF, 0xFFFF, 0xFFFF, 0xFFFF,   // 0x05E0 (1504) pixels
0xFFFF, 0xFFFF, 0xFFFF, 0xFFFF, 0xFFFF, 0xFFFF, 0xFFFF, 0xFFFF, 0xFFFF, 0xFFFF, 0xFFFF, 0xFFFF, 0xFFFF, 0xFFFF, 0xFFFF, 0xFFFF,   // 0x05F0 (1520) pixels
0xFFFF, 0xFFFF, 0xFFFF, 0xFFFF, 0xFFFF, 0xFFFF, 0xFFFF, 0xFFFF, 0xFFFF, 0xFFFF, 0xFFFF, 0xFFFF, 0xFFFF, 0xFFFF, 0xFFFF, 0xFFFF,   // 0x0600 (1536) pixels
0xFFFF, 0xFFFF, 0xFFFF, 0xFFFF, 0xFFFF, 0xFFFF, 0xFFFF, 0xFFFF, 0xFFFF, 0xFFFF, 0xFFFF, 0xFFFF, 0xFFFF, 0xFFFF, 0xFFFF, 0xFFFF,   // 0x0610 (1552) pixels
0xFFFF, 0xFFFF, 0xFFFF, 0xFFFF, 0xFFFF, 0xFFFF, 0xFFFF, 0xFFFF, 0xFFFF, 0xFFFF, 0xFFFF, 0xFFFF, 0xFFFF, 0xFFFF, 0xFFFF, 0xFFFF,   // 0x0620 (1568) pixels
0xFFFF, 0xFFFF, 0xFFFF, 0xFFFF, 0xFFFF, 0xFFFF, 0xFFFF, 0xFFFF, 0xFFFF, 0xFFFF, 0xFFFF, 0xFFFF, 0xFFFF, 0xFFFF, 0xFFFF, 0xFFFF,   // 0x0630 (1584) pixels
0xFFFF, 0xFFFF, 0xFFFF, 0xFFFF, 0xFFFF, 0xFFFF, 0xFFFF, 0xFFFF, 0xFFFF, 0xFFFF, 0xFFFF, 0xFFFF, 0xFFFF, 0xFFFF, 0xFFFF, 0xFFFF,   // 0x0640 (1600) pixels
0xFFFF, 0xFFFF, 0xFFFF, 0xFFFF, 0xFFFF, 0xFFFF, 0xFFFF, 0xFFFF, 0xFFFF, 0xFFFF, 0xFFFF, 0xFFFF, 0xFFFF, 0xFFFF, 0xFFFF, 0xFFFF,   // 0x0650 (1616) pixels
0xFFFF, 0xFFFF, 0xFFFF, 0xFFFF, 0xFFFF, 0xFFFF, 0xFFFF, 0xFFFF, 0xFFFF, 0xFFFF, 0xFFFF, 0xFFFF, 0xFFFF, 0xFFFF, 0xFFFF, 0xFFFF,   // 0x0660 (1632) pixels
0xFFFF, 0xFFFF, 0xFFFF, 0xFFFF, 0xFFFF, 0xFFFF, 0xFFFF, 0xFFFF, 0xFFFF, 0xFFFF, 0xFFFF, 0xFFFF, 0xFFFF, 0xFFFF, 0xFFFF, 0xFFFF,   // 0x0670 (1648) pixels
0xFFFF, 0xFFFF, 0xFFFF, 0xFFFF, 0xFFFF, 0xFFFF, 0xFFFF, 0xFFFF, 0xFFFF, 0xFFFF, 0xFFFF, 0xFFFF, 0xFFFF, 0xFFFF, 0xFFFF, 0xFFFF,   // 0x0680 (1664) pixels
0xFFFF, 0xFFFF, 0xFFFF, 0xFFFF, 0xFFFF, 0xFFFF, 0xFFFF, 0xFFFF, 0xFFFF, 0xFFFF, 0xFFFF, 0xFFFF, 0xFFFF, 0xFFFF, 0xFFFF, 0xFFFF,   // 0x0690 (1680) pixels
0xFFFF, 0xFFFF, 0xFFFF, 0xFFFF, 0xFFFF, 0xFFFF, 0xFFFF, 0xFFFF, 0xFFFF, 0xFFFF, 0xFFFF, 0xFFFF, 0xFFFF, 0xFFFF, 0xFFFF, 0xFFFF,   // 0x06A0 (1696) pixels
0xFFFF, 0xFFFF, 0xFFFF, 0xFFFF, 0xFFFF, 0xFFFF, 0xFFFF, 0xFFFF, 0xFFFF, 0xFFFF, 0xFFFF, 0xFFFF, 0xFFFF, 0xFFFF, 0xFFFF, 0xFFFF,   // 0x06B0 (1712) pixels
0xFFFF, 0xFFFF, 0xFFFF, 0xFFFF, 0xFFFF, 0xFFFF, 0xFFFF, 0xFFFF, 0xFFFF, 0xFFFF, 0xFFFF, 0xFFFF, 0xFFFF, 0xFFFF, 0xFFFF, 0xFFFF,   // 0x06C0 (1728) pixels
0xFFFF, 0xFFFF, 0xFFFF, 0xFFFF, 0xFFFF, 0xFFFF, 0xFFFF, 0xFFFF, 0xFFFF, 0xFFFF, 0xFFFF, 0xFFFF, 0xFFFF, 0xFFFF, 0xFFFF, 0xFFFF,   // 0x06D0 (1744) pixels
0xFFFF, 0xFFFF, 0xFFFF, 0xFFFF, 0xFFFF, 0xFFFF, 0xFFFF, 0xFFFF, 0xFFFF, 0xFFFF, 0xFFFF, 0xFFFF, 0xFFFF, 0xFFFF, 0xFFFF, 0xFFFF,   // 0x06E0 (1760) pixels
0xFFFF, 0xFFFF, 0xFFFF, 0xFFFF, 0xFFFF, 0xFFFF, 0xFFFF, 0xFFFF, 0xFFFF, 0xFFFF, 0xFFFF, 0xFFFF, 0xFFFF, 0xFFFF, 0xFFFF, 0xFFFF,   // 0x06F0 (1776) pixels
0xFFFF, 0xFFFF, 0xFFFF, 0xFFFF, 0xFFFF, 0xFFFF, 0xFFFF, 0xFFFF, 0xFFFF, 0xFFFF, 0xFFFF, 0xFFFF, 0xFFFF, 0xFFFF, 0xFFFF, 0xFFFF,   // 0x0700 (1792) pixels
0xFFFF, 0xFFFF, 0xFFFF, 0xFFFF, 0xFFFF, 0xFFFF, 0xFFFF, 0xFFFF, 0xFFFF, 0xFFFF, 0xFFFF, 0xFFFF, 0xFFFF, 0xFFFF, 0xFFFF, 0xFFFF,   // 0x0710 (1808) pixels
0xFFFF, 0xFFFF, 0xFFFF, 0xFFFF, 0xFFFF, 0xFFFF, 0xFFFF, 0xFFFF, 0xFFFF, 0xFFFF, 0xFFFF, 0xFFFF, 0xFFFF, 0xFFFF, 0xFFFF, 0xFFFF,   // 0x0720 (1824) pixels
0xFFFF, 0xFFFF, 0xFFFF, 0xFFFF, 0xFFFF, 0xFFFF, 0xFFFF, 0xFFFF, 0xFFFF, 0xFFFF, 0xFFFF, 0xFFFF, 0xFFFF, 0xFFFF, 0xFFFF, 0xFFFF,   // 0x0730 (1840) pixels
0xFFFF, 0xFFFF, 0xFFFF, 0xFFFF, 0xFFFF, 0xFFFF, 0xFFFF, 0xFFFF, 0xFFFF, 0xFFFF, 0xFFFF, 0xFFFF, 0xFFFF, 0xFFFF, 0xFFFF, 0xFFFF,   // 0x0740 (1856) pixels
0xFFFF, 0xFFFF, 0xFFFF, 0xFFFF, 0xFFFF, 0xFFFF, 0xFFFF, 0xFFFF, 0xFFFF, 0xFFFF, 0xFFFF, 0xFFFF, 0xFFFF, 0xFFFF, 0xFFFF, 0xFFFF,   // 0x0750 (1872) pixels
0xFFFF, 0xFFFF, 0xFFFF, 0xFFFF, 0xFFFF, 0xFFFF, 0xFFFF, 0xFFFF, 0xFFFF, 0xFFFF, 0xFFFF, 0xFFFF, 0xFFFF, 0xFFFF, 0xFFFF, 0xFFFF,   // 0x0760 (1888) pixels
0xFFFF, 0xFFFF, 0xFFFF, 0xFFFF, 0xFFFF, 0xFFFF, 0xFFFF, 0xFFFF, 0xFFFF, 0xFFFF, 0xFFFF, 0xFFFF, 0xFFFF, 0xFFFF, 0xFFFF, 0xFFFF,   // 0x0770 (1904) pixels
0xFFFF, 0xFFFF, 0xFFFF, 0xFFFF, 0xFFFF, 0xFFFF, 0xFFFF, 0xFFFF, 0xFFFF, 0xFFFF, 0xFFFF, 0xFFFF, 0xFFFF, 0xFFFF, 0xFFFF, 0xFFFF,   // 0x0780 (1920) pixels
0xFFFF, 0xFFFF, 0xFFFF, 0xFFFF, 0xFFFF, 0xFFFF, 0xFFFF, 0xFFFF, 0xFFFF, 0xFFFF, 0xFFFF, 0xFFFF, 0xFFFF, 0xFFFF, 0xFFFF, 0xFFFF,   // 0x0790 (1936) pixels
0xFFFF, 0xFFFF, 0xFFFF, 0xFFFF, 0xFFFF, 0xFFFF, 0xFFFF, 0xFFFF, 0xFFFF, 0xFFFF, 0xFFFF, 0xFFFF, 0xFFFF, 0xFFFF, 0xFFFF, 0xFFFF,   // 0x07A0 (1952) pixels
0xFFFF, 0xFFFF, 0xFFFF, 0xFFFF, 0xFFFF, 0xFFFF, 0xFFFF, 0xFFFF, 0xFFFF, 0xFFFF, 0xFFFF, 0xFFFF, 0xFFFF, 0xFFFF, 0xFFFF, 0xFFFF,   // 0x07B0 (1968) pixels
0xFFFF, 0xFFFF, 0xFFFF, 0xFFFF, 0xFFFF, 0xFFFF, 0xFFFF, 0xFFFF, 0xFFFF, 0xFFFF, 0xFFFF, 0xFFFF, 0xFFFF, 0xFFFF, 0xFFFF, 0xFFFF,   // 0x07C0 (1984) pixels
0xFFFF, 0xFFFF, 0xFFFF, 0xFFFF, 0xFFFF, 0xFFFF, 0xFFFF, 0xFFFF, 0xFFFF, 0xFFFF, 0xFFFF, 0xFFFF, 0xFFFF, 0xFFFF, 0xFFFF, 0xFFFF,   // 0x07D0 (2000) pixels
0xFFFF, 0xFFFF, 0xFFFF, 0xFFFF, 0xFFFF, 0xFFFF, 0xFFFF, 0xFFFF, 0xFFFF, 0xFFFF, 0xFFFF, 0xFFFF, 0xFFFF, 0xFFFF, 0xFFFF, 0xFFFF,   // 0x07E0 (2016) pixels
0xFFFF, 0xFFFF, 0xFFFF, 0xFFFF, 0xFFFF, 0xFFFF, 0xFFFF, 0xFFFF, 0xFFFF, 0xFFFF, 0xFFFF, 0xFFFF, 0xFFFF, 0xFFFF, 0xFFFF, 0xFFFF,   // 0x07F0 (2032) pixels
0xFFFF, 0xFFFF, 0xFFFF, 0xFFFF, 0xFFFF, 0xFFFF, 0xFFFF, 0xFFFF, 0xFFFF, 0xFFFF, 0xFFFF, 0xFFFF, 0xFFFF, 0xFFFF, 0xFFFF, 0xFFFF,   // 0x0800 (2048) pixels
0xFFFF, 0xFFFF, 0xFFFF, 0xFFFF, 0xFFFF, 0xFFFF, 0xFFFF, 0xFFFF, 0xFFFF, 0xFFFF, 0xFFFF, 0xFFFF, 0xFFFF, 0xFFFF, 0xFFFF, 0xFFFF,   // 0x0810 (2064) pixels
0xFFFF, 0xFFFF, 0xFFFF, 0xFFFF, 0xFFFF, 0xFFFF, 0xFFFF, 0xFFFF, 0xFFFF, 0xFFFF, 0xFFFF, 0xFFFF, 0xFFFF, 0xFFFF, 0xFFFF, 0xFFFF,   // 0x0820 (2080) pixels
0xFFFF, 0xFFFF, 0xFFFF, 0xFFFF, 0xFFFF, 0xFFFF, 0xFFFF, 0xFFFF, 0xFFFF, 0xFFFF, 0xFFFF, 0xFFFF, 0xFFFF, 0xFFFF, 0xFFFF, 0xFFFF,   // 0x0830 (2096) pixels
0xFFFF, 0xFFFF, 0xFFFF, 0xFFFF, 0xFFFF, 0xFFFF, 0xFFFF, 0xFFFF, 0xFFFF, 0xFFFF, 0xFFFF, 0xFFFF, 0xFFFF, 0xFFFF, 0xFFFF, 0xFFFF,   // 0x0840 (2112) pixels
0xFFFF, 0xFFFF, 0xFFFF, 0xFFFF, 0xFFFF, 0xFFFF, 0xFFFF, 0xFFFF, 0xFFFF, 0xFFFF, 0xFFFF, 0xFFFF, 0xFFFF, 0xFFFF, 0xFFFF, 0xFFFF,   // 0x0850 (2128) pixels
0xFFFF, 0xFFFF, 0xFFFF, 0xFFFF, 0xFFFF, 0xFFFF, 0xFFFF, 0xFFFF, 0xFFFF, 0xFFFF, 0xFFFF, 0xFFFF, 0xFFFF, 0xFFFF, 0xFFFF, 0xFFFF,   // 0x0860 (2144) pixels
0xFFFF, 0xFFFF, 0xFFFF, 0xFFFF, 0xFFFF, 0xFFFF, 0xFFFF, 0xFFFF, 0xFFFF, 0xFFFF, 0xFFFF, 0xFFFF, 0xFFFF, 0xFFFF, 0xFFFF, 0xFFFF,   // 0x0870 (2160) pixels
0xFFFF, 0xFFFF, 0xFFFF, 0xFFFF, 0xFFFF, 0xFFFF, 0xFFFF, 0xFFFF, 0xFFFF, 0xFFFF, 0xFFFF, 0xFFFF, 0xFFFF, 0xFFFF, 0xFFFF, 0xFFFF,   // 0x0880 (2176) pixels
0xFFFF, 0xFFFF, 0xFFFF, 0xFFFF, 0xFFFF, 0xFFFF, 0xFFFF, 0xFFFF, 0xFFFF, 0xFFFF, 0xFFFF, 0xFFFF, 0xFFFF, 0xFFFF, 0xFFFF, 0xFFFF,   // 0x0890 (2192) pixels
0xFFFF, 0xFFFF, 0xFFFF, 0xFFFF, 0xFFFF, 0xFFFF, 0xFFFF, 0xFFFF, 0xFFFF, 0xFFFF, 0xFFFF, 0xFFFF, 0xFFFF, 0xFFFF, 0xFFFF, 0xFFFF,   // 0x08A0 (2208) pixels
0xFFFF, 0xFFFF, 0xFFFF, 0xFFFF, 0xFFFF, 0xFFFF, 0xFFFF, 0xFFFF, 0xFFFF, 0xFFFF, 0xFFFF, 0xFFFF, 0xFFFF, 0xFFFF, 0xFFFF, 0xFFFF,   // 0x08B0 (2224) pixels
0xFFFF, 0xFFFF, 0xFFFF, 0xFFFF, 0xFFFF, 0xFFFF, 0xFFFF, 0xFFFF, 0xFFFF, 0xFFFF, 0xFFFF, 0xFFFF, 0xFFFF, 0xFFFF, 0xFFFF, 0xFFFF,   // 0x08C0 (2240) pixels
0xFFFF, 0xFFFF, 0xFFFF, 0xFFFF, 0xFFFF, 0xFFFF, 0xFFFF, 0xFFFF, 0xFFFF, 0xFFFF, 0xFFFF, 0xFFFF, 0xFFFF, 0xFFFF, 0xFFFF, 0xFFFF,   // 0x08D0 (2256) pixels
0xFFFF, 0xFFFF, 0xFFFF, 0xFFFF, 0xFFFF, 0xFFFF, 0xFFFF, 0xFFFF, 0xFFFF, 0xFFFF, 0xFFFF, 0xFFFF, 0xFFFF, 0xFFFF, 0xFFFF, 0xFFFF,   // 0x08E0 (2272) pixels
0xFFFF, 0xFFFF, 0xFFFF, 0xFFFF, 0xFFFF, 0xFFFF, 0xFFFF, 0xFFFF, 0xFFFF, 0xFFFF, 0xFFFF, 0xFFFF, 0xFFFF, 0xFFFF, 0xFFFF, 0xFFFF,   // 0x08F0 (2288) pixels
0xFFFF, 0xFFFF, 0xFFFF, 0xFFFF, 0xFFFF, 0xFFFF, 0xFFFF, 0xFFFF, 0xFFFF, 0xFFFF, 0xFFFF, 0xFFFF, 0xFFFF, 0xFFFF, 0xFFFF, 0xFFFF,   // 0x0900 (2304) pixels
0xFFFF, 0xFFFF, 0xFFFF, 0xFFFF, 0xFFFF, 0xFFFF, 0xFFFF, 0xFFFF, 0xFFFF, 0xFFFF, 0xFFFF, 0xFFFF, 0xFFFF, 0xFFFF, 0xFFFF, 0xFFFF,   // 0x0910 (2320) pixels
0xFFFF, 0xFFFF, 0xFFFF, 0xFFFF, 0xFFFF, 0xFFFF, 0xFFFF, 0xFFFF, 0xFFFF, 0xFFFF, 0xFFFF, 0xFFFF, 0xFFFF, 0xFFFF, 0xFFFF, 0xFFFF,   // 0x0920 (2336) pixels
0xFFFF, 0xFFFF, 0xFFFF, 0xFFFF, 0xFFFF, 0xFFFF, 0xFFFF, 0xFFFF, 0xFFFF, 0xFFFF, 0xFFFF, 0xFFFF, 0xFFFF, 0xFFFF, 0xFFFF, 0xFFFF,   // 0x0930 (2352) pixels
0xFFFF, 0xFFFF, 0xFFFF, 0xFFFF, 0xFFFF, 0xFFFF, 0xFFFF, 0xFFFF, 0xFFFF, 0xFFFF, 0xFFFF, 0xFFFF, 0xFFFF, 0xFFFF, 0xFFFF, 0xFFFF,   // 0x0940 (2368) pixels
0xFFFF, 0xFFFF, 0xFFFF, 0xFFFF, 0xFFFF, 0xFFFF, 0xFFFF, 0xFFFF, 0xFFFF, 0xFFFF, 0xFFFF, 0xFFFF, 0xFFFF, 0xFFFF, 0xFFFF, 0xFFFF,   // 0x0950 (2384) pixels
0xFFFF, 0xFFFF, 0xFFFF, 0xFFFF, 0xFFFF, 0xFFFF, 0xFFFF, 0xFFFF, 0xFFFF, 0xFFFF, 0xFFFF, 0xFFFF, 0xFFFF, 0xFFFF, 0xFFFF, 0xFFFF,   // 0x0960 (2400) pixels
0xFFFF, 0xFFFF, 0xFFFF, 0xFFFF, 0xFFFF, 0xFFFF, 0xFFFF, 0xFFFF, 0xFFFF, 0xFFFF, 0xFFFF, 0xFFFF, 0xFFFF, 0xFFFF, 0xFFFF, 0xFFFF,   // 0x0970 (2416) pixels
0xFFFF, 0xFFFF, 0xFFFF, 0xFFFF, 0xFFFF, 0xFFFF, 0xFFFF, 0xFFFF, 0xFFFF, 0xFFFF, 0xFFFF, 0xFFFF, 0xFFFF, 0xFFFF, 0xFFFF, 0xFFFF,   // 0x0980 (2432) pixels
0xFFFF, 0xFFFF, 0xFFFF, 0xFFFF, 0xFFFF, 0xFFFF, 0xFFFF, 0xFFFF, 0xFFFF, 0xFFFF, 0xFFFF, 0xFFFF, 0xFFFF, 0xFFFF, 0xFFFF, 0xFFFF,   // 0x0990 (2448) pixels
0xFFFF, 0xFFFF, 0xFFFF, 0xFFFF, 0xFFFF, 0xFFFF, 0xFFFF, 0xFFFF, 0xFFFF, 0xFFFF, 0xFFFF, 0xFFFF, 0xFFFF, 0xFFFF, 0xFFFF, 0xFFFF,   // 0x09A0 (2464) pixels
0xFFFF, 0xFFFF, 0xFFFF, 0xFFFF, 0xFFFF, 0xFFFF, 0xFFFF, 0xFFFF, 0xFFFF, 0xFFFF, 0xFFFF, 0xFFFF, 0xFFFF, 0xFFFF, 0xFFFF, 0xFFFF,   // 0x09B0 (2480) pixels
0xFFFF, 0xFFFF, 0xFFFF, 0xFFFF, 0xFFFF, 0xFFFF, 0xFFFF, 0xFFFF, 0xFFFF, 0xFFFF, 0xFFFF, 0xFFFF, 0xFFFF, 0xFFFF, 0xFFFF, 0xFFFF,   // 0x09C0 (2496) pixels
0xFFFF, 0xFFFF, 0xFFFF, 0xFFFF, 0xFFFF, 0xFFFF, 0xFFFF, 0xFFFF, 0xFFFF, 0xFFFF, 0xFFFF, 0xFFFF, 0xFFFF, 0xFFFF, 0xFFFF, 0xFFFF,   // 0x09D0 (2512) pixels
0xFFFF, 0xFFFF, 0xFFFF, 0xFFFF, 0xFFFF, 0xFFFF, 0xFFFF, 0xFFFF, 0xFFDF, 0xFFFF, 0xFFFF, 0xFFFF, 0xFFDE, 0xFFDE, 0xFFFF, 0xFFFE,   // 0x09E0 (2528) pixels
0xF7FF, 0xFFFF, 0xFFFF, 0xFFFF, 0xFFFF, 0xFFFF, 0xFFDF, 0xFFBF, 0xFFFF, 0xFFFF, 0xFFFF, 0xFFFF, 0xFFFF, 0xFFFF, 0xFFFF, 0xFFFE,   // 0x09F0 (2544) pixels
0xF7FF, 0xFFFF, 0xFFFF, 0xFFFF, 0xFFFF, 0xFFFF, 0xF77D, 0xE6DA, 0xDE58, 0xDD96, 0xDCF4, 0xE492, 0xE451, 0xE40F, 0xE3EE, 0xEBCE,   // 0x0A00 (2560) pixels
0xEBCF, 0xEBCF, 0xEC51, 0xDCB2, 0xDD14, 0xF597, 0xF65A, 0xF77E, 0xFFFF, 0xF7FF, 0xF7FF, 0xF7FF, 0xFFFF, 0xFFFF, 0xFFFF, 0xFFDF,   // 0x0A10 (2576) pixels
0xFFDF, 0xFFFF, 0xFFFF, 0xFFDF, 0xFFDF, 0xFFFF, 0xF7FF, 0xFFDF, 0xFFFF, 0xFFFF, 0xFFFF, 0xFFFF, 0xFFFF, 0xFFFF, 0xFFFF, 0xFFFF,   // 0x0A20 (2592) pixels
0xFFFF, 0xFFFF, 0xFFFF, 0xFFFF, 0xFFFF, 0xFFFF, 0xFFFF, 0xFFFF, 0xFFFF, 0xFFFF, 0xFFFF, 0xFFFF, 0xFFFF, 0xFFFF, 0xFFFF, 0xFFFF,   // 0x0A30 (2608) pixels
0xFFFF, 0xFFFF, 0xFFFF, 0xFFFF, 0xFFFF, 0xFFFF, 0xFFFF, 0xFFFF, 0xFFFF, 0xFFFF, 0xFFFF, 0xFFFF, 0xFFFF, 0xFFFF, 0xFFFF, 0xFFFF,   // 0x0A40 (2624) pixels
0xFFFF, 0xFFFF, 0xFFFF, 0xFFFF, 0xFFFF, 0xFFFF, 0xFFFF, 0xFFFF, 0xFFFF, 0xFFFF, 0xFFFF, 0xFFFF, 0xFFFF, 0xFFFF, 0xFFFF, 0xFFFF,   // 0x0A50 (2640) pixels
0xFFFF, 0xFFFF, 0xFFFF, 0xFFFF, 0xFFFF, 0xFFFF, 0xFFFF, 0xFFFF, 0xFFFF, 0xFFFF, 0xFFFF, 0xFFFF, 0xFFFF, 0xFFFF, 0xFFFF, 0xFFFF,   // 0x0A60 (2656) pixels
0xFFFF, 0xFFFF, 0xFFFF, 0xFFFF, 0xFFFF, 0xFFFF, 0xFFFF, 0xFFFF, 0xFFFE, 0xFFDF, 0xFFDF, 0xFFFF, 0xFFFE, 0xFFDF, 0xFFDF, 0xFFDF,   // 0x0A70 (2672) pixels
0xFFFF, 0xFFDF, 0xFFFF, 0xFFDD, 0xFFFE, 0xFFFE, 0xFFFF, 0xFFFF, 0xFFFD, 0xE79E, 0xAE1E, 0xC6DF, 0xB5FC, 0xF7DD, 0xFFFF, 0xFFFD,   // 0x0A80 (2688) pixels
0xF7FF, 0xF7FE, 0xFFFF, 0xFFFF, 0xFFDF, 0xFFDF, 0xFFDF, 0xFFFE, 0xFFFF, 0xFFFF, 0xFFFF, 0xFFFF, 0xFFFF, 0xFFFF, 0xFFFF, 0xFFFF,   // 0x0A90 (2704) pixels
0xFFFF, 0xFFFF, 0xFFFF, 0xFFFF, 0xFFDF, 0xFFBE, 0xEF9F, 0xAE7D, 0xBEBE, 0xAE1C, 0xEFBF, 0xFFFE, 0xFFFF, 0xFFDF, 0xFFFF, 0xFFFE,   // 0x0AA0 (2720) pixels
0xFFFE, 0xFFFF, 0xFFFF, 0xF7DF, 0xFFFF, 0xFFFF, 0xFFFF, 0xFFFE, 0xFFFF, 0xFFDF, 0xFFBF, 0xFFDF, 0xF7BF, 0xFFFF, 0xFFFF, 0xFFDE,   // 0x0AB0 (2736) pixels
0xFFDF, 0xF7FF, 0xEFFF, 0xFFFC, 0xFF7B, 0xB69F, 0xB69C, 0xBE7B, 0xCF1F, 0xFFFF, 0xFFFE, 0xFFFF, 0xFFFF, 0xF7FE, 0xFFFF, 0xFFDF,   // 0x0AC0 (2752) pixels
0xFFFF, 0xFFFF, 0xFFFF, 0xFFDE, 0xFFFF, 0xFFFF, 0xFFFF, 0xFFFF, 0xFFFD, 0xFFFE, 0xFFFF, 0xFFFF, 0xFFFF, 0xFFBE, 0xFFFE, 0xFFFF,   // 0x0AD0 (2768) pixels
0xFFFF, 0xFFFF, 0xFFFF, 0xFFFF, 0xFFFF, 0xFFFF, 0xFFFF, 0xFFFF, 0xFFFF, 0xFFFF, 0xFFFF, 0xFFFF, 0xFFFF, 0xFFFF, 0xFFFF, 0xFFFF,   // 0x0AE0 (2784) pixels
0xFFFF, 0xFFFF, 0xFFFF, 0xFFFF, 0xFFFF, 0xFFFF, 0xFFFF, 0xFFFF, 0xFFFF, 0xFFFF, 0xFFFF, 0xFFFF, 0xFFFF, 0xFFFF, 0xFFFF, 0xFFFF,   // 0x0AF0 (2800) pixels
0xFFFF, 0xFFFF, 0xFFFF, 0xFFFF, 0xFFFF, 0xFFFF, 0xFFFF, 0xFFFF, 0xFFFF, 0xFFFF, 0xFFFF, 0xFFFF, 0xFFFF, 0xFFFF, 0xFFFF, 0xFFFF,   // 0x0B00 (2816) pixels
0xFFFF, 0xFFFF, 0xFFFF, 0xFFFF, 0xFFFF, 0xFFFF, 0xFFFF, 0xFFFF, 0xFFFF, 0xFFFF, 0xFFFF, 0xFFFF, 0xFFFF, 0xFFFF, 0xFFFF, 0xFFFF,   // 0x0B10 (2832) pixels
0xFFFF, 0xFFFF, 0xFFDF, 0xFFFF, 0xFFFF, 0xFFFF, 0xFFFE, 0xFFFF, 0xFFFF, 0xFFFF, 0xFFDF, 0xFFDF, 0xFFFE, 0xF7FD, 0xFFFF, 0xFFFF,   // 0x0B20 (2848) pixels
0xFFFF, 0xFFFF, 0xF7FF, 0xF7FF, 0xFFFF, 0xF7FF, 0xFF5B, 0xF658, 0xE513, 0xE3EF, 0xEAEB, 0xE9C8, 0xE905, 0xE884, 0xD840, 0xD000,   // 0x0B30 (2864) pixels
0xD000, 0xD000, 0xD801, 0xD802, 0xD802, 0xD801, 0xD020, 0xE000, 0xE801, 0xE001, 0xD801, 0xD842, 0xD905, 0xE1C7, 0xEA6A, 0xEB6E,   // 0x0B40 (2880) pixels
0xED14, 0xFEDA, 0xFFDF, 0xFFDF, 0xF7FE, 0xEFFF, 0xFFDF, 0xF7BF, 0xFFDF, 0xFFFF, 0xEFFF, 0xFFFF, 0xFF9E, 0xFFFF, 0xFFFF, 0xFFFF,   // 0x0B50 (2896) pixels
0xFFFF, 0xFFFF, 0xFFFF, 0xFFFF, 0xFFFF, 0xFFFF, 0xFFFF, 0xFFFF, 0xFFFF, 0xFFFF, 0xFFFF, 0xFFFF, 0xFFFF, 0xFFFF, 0xFFFF, 0xFFFF,   // 0x0B60 (2912) pixels
0xFFFF, 0xFFFF, 0xFFFF, 0xFFFF, 0xFFFF, 0xFFFF, 0xFFFF, 0xFFFF, 0xFFFF, 0xFFFF, 0xFFFF, 0xFFFF, 0xFFFF, 0xFFFF, 0xFFFF, 0xFFFF,   // 0x0B70 (2928) pixels
0xFFFF, 0xFFFF, 0xFFFF, 0xFFFF, 0xFFFF, 0xFFFF, 0xFFFF, 0xFFFF, 0xFFFF, 0xFFFF, 0xFFFF, 0xFFFF, 0xFFFF, 0xFFFF, 0xFFFF, 0xFFFF,   // 0x0B80 (2944) pixels
0xFFFF, 0xFFFF, 0xFFFF, 0xFFFF, 0xFFFF, 0xFFFF, 0xFFFF, 0xFFFF, 0xFFFF, 0xFFFF, 0xFFFF, 0xFFFF, 0xFFFF, 0xFFFF, 0xFFFF, 0xFFFF,   // 0x0B90 (2960) pixels
0xFFFF, 0xFFFF, 0xFFFF, 0xFFFF, 0xFFFF, 0xFFFF, 0xFFFF, 0xFFFF, 0xFFFF, 0xFFFF, 0xFFFF, 0xFFFF, 0xFFFF, 0xFFFF, 0xFFFE, 0xFFFF,   // 0x0BA0 (2976) pixels
0xFFFF, 0xF7FE, 0xFFFE, 0xFFFF, 0xFFFF, 0xFFFE, 0xFFDF, 0xFFFF, 0xFFFF, 0xFFFF, 0xFFFF, 0xFFFF, 0xFFDF, 0xFFFF, 0xFFFF, 0x8D17,   // 0x0BB0 (2992) pixels
0x010D, 0x096D, 0x218E, 0xB5F9, 0xFFDF, 0xFFFF, 0xFFFF, 0xFFFF, 0xFFFE, 0xFFDE, 0xFFDF, 0xFFDF, 0xFFFF, 0xFFFD, 0xFFFF, 0xFFFF,   // 0x0BC0 (3008) pixels
0xFFFF, 0xFFFF, 0xFFFF, 0xFFFF, 0xFFFF, 0xFFFF, 0xFFFF, 0xFFFD, 0xFFFE, 0xFFFF, 0xFFFF, 0xFFDE, 0xA577, 0x016C, 0x118D, 0x198D,   // 0x0BD0 (3024) pixels
0x9D37, 0xF79D, 0xFFFF, 0xFFDF, 0xFFFF, 0xFFFF, 0xFFFF, 0xFFDF, 0xFFBF, 0xFFFF, 0xFFBE, 0xFFFF, 0xFFFF, 0xFFFF, 0xFFFF, 0xFFFF,   // 0x0BE0 (3040) pixels
0xFFDF, 0xFFFF, 0xFFFF, 0xFFFF, 0xFFFF, 0xBE39, 0x73B4, 0x6C36, 0x63F8, 0xFFBF, 0xE71C, 0x1A11, 0x096D, 0x092C, 0x9D78, 0xEFBF,   // 0x0BF0 (3056) pixels
0xFFDE, 0xFFFF, 0xFFFF, 0xFFFF, 0xFFFF, 0xFFFF, 0xFFDE, 0xFFFF, 0xFFFF, 0xFFFF, 0xFFFF, 0xFFFF, 0xFFFF, 0xFFDF, 0xE77F, 0xD71F,   // 0x0C00 (3072) pixels
0xDF7F, 0xD6FF, 0xF7DF, 0xFFFF, 0xFFFF, 0xF7FF, 0xFFFF, 0xFFFF, 0xFFFF, 0xFFFF, 0xFFFF, 0xFFFF, 0xFFFF, 0xFFFF, 0xFFFF, 0xFFFF,   // 0x0C10 (3088) pixels
0xFFFF, 0xFFFF, 0xFFFF, 0xFFFF, 0xFFFF, 0xFFFF, 0xFFFF, 0xFFFF, 0xFFFF, 0xFFFF, 0xFFFF, 0xFFFF, 0xFFFF, 0xFFFF, 0xFFFF, 0xFFFF,   // 0x0C20 (3104) pixels
0xFFFF, 0xFFFF, 0xFFFF, 0xFFFF, 0xFFFF, 0xFFFF, 0xFFFF, 0xFFFF, 0xFFFF, 0xFFFF, 0xFFFF, 0xFFFF, 0xFFFF, 0xFFFF, 0xFFFF, 0xFFFF,   // 0x0C30 (3120) pixels
0xFFFF, 0xFFFF, 0xFFFF, 0xFFFF, 0xFFFF, 0xFFFF, 0xFFFF, 0xFFFF, 0xFFFF, 0xFFFF, 0xFFFF, 0xFFFF, 0xFFFF, 0xFFFF, 0xFFFF, 0xFFFF,   // 0x0C40 (3136) pixels
0xFFFF, 0xFFFF, 0xFFFF, 0xFFFF, 0xFFDF, 0xFFFF, 0xFFFF, 0xFFFF, 0xFFFF, 0xFFFF, 0xFFFF, 0xF7FF, 0xF7FF, 0xFFDF, 0xFFBF, 0xFFBF,   // 0x0C50 (3152) pixels
0xFFDF, 0xFFFF, 0xFFFF, 0xFF9F, 0xFFDF, 0xFFFF, 0xF7FF, 0xF7FE, 0xEEF9, 0xF554, 0xF3AF, 0xEA4A, 0xF084, 0xE002, 0xD001, 0xD001,   // 0x0C60 (3168) pixels
0xD022, 0xC822, 0xD083, 0xD8E4, 0xE946, 0xE9A7, 0xF249, 0xEAAA, 0xE2CA, 0xE2CB, 0xEAEB, 0xE2AB, 0xE249, 0xEA29, 0xE9A7, 0xE946,   // 0x0C70 (3184) pixels
0xD8E4, 0xC8A2, 0xD021, 0xD801, 0xE000, 0xD800, 0xD822, 0xE0A5, 0xDA0A, 0xE4D3, 0xFF3B, 0xFFFD, 0xF7FE, 0xFFDE, 0xF7DF, 0xF7FF,   // 0x0C80 (3200) pixels
0xFFFF, 0xFFDF, 0xFFFF, 0xFFFF, 0xFFFF, 0xFFFF, 0xFFFF, 0xFFFF, 0xFFFF, 0xFFFF, 0xFFFF, 0xFFFF, 0xFFFF, 0xFFFF, 0xFFFF, 0xFFFF,   // 0x0C90 (3216) pixels
0xFFFF, 0xFFFF, 0xFFFF, 0xFFFF, 0xFFFF, 0xFFFF, 0xFFFF, 0xFFFF, 0xFFFF, 0xFFFF, 0xFFFF, 0xFFFF, 0xFFFF, 0xFFFF, 0xFFFF, 0xFFFF,   // 0x0CA0 (3232) pixels
0xFFFF, 0xFFFF, 0xFFFF, 0xFFFF, 0xFFFF, 0xFFFF, 0xFFFF, 0xFFFF, 0xFFFF, 0xFFFF, 0xFFFF, 0xFFFF, 0xFFFF, 0xFFFF, 0xFFFF, 0xFFFF,   // 0x0CB0 (3248) pixels
0xFFFF, 0xFFFF, 0xFFFF, 0xFFFF, 0xFFFF, 0xFFFF, 0xFFFF, 0xFFFF, 0xFFFF, 0xFFFF, 0xFFFF, 0xFFFF, 0xFFFF, 0xFFFF, 0xFFFF, 0xFFFF,   // 0x0CC0 (3264) pixels
0xFFFF, 0xFFFF, 0xFFFF, 0xFFFF, 0xFFFF, 0xFFFF, 0xFFFF, 0xFFFF, 0xFFFF, 0xFFFF, 0xFFFF, 0xFFFF, 0xFFFF, 0xFFFF, 0xFFFF, 0xFFFF,   // 0x0CD0 (3280) pixels
0xFFFF, 0xFFFF, 0xFFFF, 0xFFFF, 0xFFFF, 0xEF9F, 0xF7FF, 0xEFFF, 0xEFFF, 0xF7FF, 0xF7FF, 0xEFFF, 0xF7DF, 0xF7FF, 0xEFFF, 0xF7FF,   // 0x0CE0 (3296) pixels
0xE77F, 0xFFFF, 0xFFFF, 0xFFFF, 0xFFFF, 0x8518, 0x0110, 0x09D1, 0x0970, 0xADFB, 0xF7FF, 0xFFFF, 0xFFDF, 0xFFFF, 0xFFFE, 0xFFFE,   // 0x0CF0 (3312) pixels
0xFFFF, 0xF7BF, 0xFFFF, 0xF7FF, 0xFFFF, 0xFFFF, 0xFFFF, 0xFFFF, 0xFFFF, 0xFFFF, 0xFFFF, 0xFFFF, 0xFFFE, 0xFFFF, 0xFFFF, 0xF7FF,   // 0x0D00 (3328) pixels
0xFFFF, 0xFFFE, 0xA5DB, 0x014F, 0x09B2, 0x094F, 0x9D7A, 0xFFFF, 0xFFFF, 0xFFBF, 0xFFFF, 0xFFFF, 0xFFDF, 0xFFDF, 0xFFFF, 0xFFBE,   // 0x0D10 (3344) pixels
0xFFFF, 0xFFFF, 0xE79F, 0xC6BE, 0xD73E, 0xE7BF, 0xFFFF, 0xF7BD, 0xFFFE, 0xFFFE, 0xEFBF, 0x8CF6, 0x004C, 0x012E, 0x012F, 0xE75F,   // 0x0D20 (3360) pixels
0xE77F, 0x0191, 0x0191, 0x0111, 0x8D17, 0xF7FF, 0xFFFE, 0xFFFF, 0xFFFF, 0xF7FE, 0xFFFF, 0xFFDF, 0xFFFF, 0xFFFF, 0xFFFF, 0xFFFF,   // 0x0D30 (3376) pixels
0xFFFF, 0xFFFF, 0xFFFF, 0xFFFF, 0x5B93, 0x19EF, 0x2232, 0x19CE, 0xA5B9, 0xEFDE, 0xF7FF, 0xF7FF, 0xFFFF, 0xFFFF, 0xFFFF, 0xFFFF,   // 0x0D40 (3392) pixels
0xFFFF, 0xFFFF, 0xFFFF, 0xFFFF, 0xFFFF, 0xFFFF, 0xFFFF, 0xFFFF, 0xFFFF, 0xFFFF, 0xFFFF, 0xFFFF, 0xFFFF, 0xFFFF, 0xFFFF, 0xFFFF,   // 0x0D50 (3408) pixels
0xFFFF, 0xFFFF, 0xFFFF, 0xFFFF, 0xFFFF, 0xFFFF, 0xFFFF, 0xFFFF, 0xFFFF, 0xFFFF, 0xFFFF, 0xFFFF, 0xFFFF, 0xFFFF, 0xFFFF, 0xFFFF,   // 0x0D60 (3424) pixels
0xFFFF, 0xFFFF, 0xFFFF, 0xFFFF, 0xFFFF, 0xFFFF, 0xFFFF, 0xFFFF, 0xFFFF, 0xFFFF, 0xFFFF, 0xFFFF, 0xFFFF, 0xFFFF, 0xFFFF, 0xFFFF,   // 0x0D70 (3440) pixels
0xFFFF, 0xFFFF, 0xFFFF, 0xFFFF, 0xFFFF, 0xFFFF, 0xFFFF, 0xFFFF, 0xFFFF, 0xFFFF, 0xFFDF, 0xFFDF, 0xFFDF, 0xFFDF, 0xFFDF, 0xFFDF,   // 0x0D80 (3456) pixels
0xFFDF, 0xFFDF, 0xF7FF, 0xF7FF, 0xF7FF, 0xFFFF, 0xFFBE, 0xFFBF, 0xFFDF, 0xEFDF, 0xFF3B, 0xF596, 0xEB8F, 0xE1A8, 0xE064, 0xE001,   // 0x0D90 (3472) pixels
0xD800, 0xD000, 0xD927, 0xE1E9, 0xF2ED, 0xF3F0, 0xECD3, 0xEDB6, 0xEE99, 0xF71B, 0xEFBF, 0xFFDF, 0xFFFF, 0xFFFE, 0xFFFE, 0xFFFE,   // 0x0DA0 (3488) pixels
0xFFFE, 0xFFFE, 0xFFFF, 0xFFFF, 0xF7BE, 0xF71C, 0xEE59, 0xE5B6, 0xDC71, 0xE34E, 0xE208, 0xD8E4, 0xD001, 0xE021, 0xF022, 0xE002,   // 0x0DB0 (3504) pixels
0xD947, 0xEBCF, 0xFED9, 0xFFFD, 0xF7FF, 0xFFDF, 0xFFBF, 0xFFDF, 0xFFBF, 0xFFFF, 0xFFFF, 0xFFFF, 0xFFFF, 0xFFFF, 0xFFFF, 0xFFFF,   // 0x0DC0 (3520) pixels
0xFFFF, 0xFFFF, 0xFFFF, 0xFFFF, 0xFFFF, 0xFFFF, 0xFFFF, 0xFFFF, 0xFFFF, 0xFFFF, 0xFFFF, 0xFFFF, 0xFFFF, 0xFFFF, 0xFFFF, 0xFFFF,   // 0x0DD0 (3536) pixels
0xFFFF, 0xFFFF, 0xFFFF, 0xFFFF, 0xFFFF, 0xFFFF, 0xFFFF, 0xFFFF, 0xFFFF, 0xFFFF, 0xFFFF, 0xFFFF, 0xFFFF, 0xFFFF, 0xFFFF, 0xFFFF,   // 0x0DE0 (3552) pixels
0xFFFF, 0xFFFF, 0xFFFF, 0xFFFF, 0xFFFF, 0xFFFF, 0xFFFF, 0xFFFF, 0xFFFF, 0xFFFF, 0xFFFF, 0xFFFF, 0xFFFF, 0xFFFF, 0xFFFF, 0xFFFF,   // 0x0DF0 (3568) pixels
0xFFFF, 0xFFFF, 0xFFFF, 0xFFFF, 0xFFFF, 0xFFFF, 0xFFFF, 0xFFFF, 0xFFFF, 0xFFFF, 0xFFFF, 0xFFFF, 0xFFFF, 0xFFFF, 0xFFFF, 0xFFFF,   // 0x0E00 (3584) pixels
0xFFFF, 0xFFFF, 0xFFFF, 0xFFFF, 0xFFFF, 0xFFFF, 0xFFFF, 0xFFFF, 0xFFFF, 0xFFFF, 0xCEBC, 0x5312, 0x3AB2, 0x3AF3, 0x4312, 0x4313,   // 0x0E10 (3600) pixels
0x4314, 0x3AD3, 0x4312, 0x4313, 0x3AD2, 0x3AF3, 0x3AB0, 0xB61B, 0xF7DF, 0xFFFE, 0xFFFF, 0x9558, 0x0191, 0x1253, 0x0991, 0xAE3C,   // 0x0E20 (3616) pixels
0xFFFF, 0xFFFE, 0xFFFF, 0xFFFF, 0xFFFF, 0xFFFF, 0xCEBD, 0x6BD4, 0x6C36, 0x6C36, 0x6C35, 0x6C35, 0x7456, 0x7456, 0x7456, 0x7456,   // 0x0E30 (3632) pixels
0x6C35, 0x6C35, 0x7434, 0x7435, 0x6C36, 0x7456, 0xD6FD, 0xFFFE, 0xADFB, 0x0171, 0x1214, 0x0970, 0x9D9B, 0xF7FF, 0xFFFF, 0xFFBF,   // 0x0E40 (3648) pixels
0xFFFF, 0xFFFF, 0xFFFF, 0xFFFF, 0xF79D, 0xFFFF, 0xEF9F, 0x7C76, 0x220F, 0x098E, 0x222F, 0x5394, 0xC6DF, 0xFFFF, 0xFFBC, 0xFFFD,   // 0x0E50 (3664) pixels
0xF7FF, 0x8D17, 0x00F0, 0x1212, 0x11F2, 0xDF7D, 0xE79F, 0x1233, 0x0A13, 0x0132, 0x9538, 0xFFFF, 0xFFFF, 0xFFDE, 0xFFFF, 0xFFFF,   // 0x0E60 (3680) pixels
0xFFFF, 0xFFFF, 0xFFFF, 0xFFFF, 0xFFDF, 0xFFFF, 0xFFFF, 0xFFFF, 0xFFFF, 0xFFFF, 0x53D6, 0x014F, 0x0193, 0x00CD, 0x9DB9, 0xF7FF,   // 0x0E70 (3696) pixels
0xFFFF, 0xFFFF, 0xFFFF, 0xFFFF, 0xFFFF, 0xFFFF, 0xFFFF, 0xFFFF, 0xFFFF, 0xFFFF, 0xFFFF, 0xFFFF, 0xFFFF, 0xFFFF, 0xFFFF, 0xFFFF,   // 0x0E80 (3712) pixels
0xFFFF, 0xFFFF, 0xFFFF, 0xFFFF, 0xFFFF, 0xFFFF, 0xFFFF, 0xFFFF, 0xFFFF, 0xFFFF, 0xFFFF, 0xFFFF, 0xFFFF, 0xFFFF, 0xFFFF, 0xFFFF,   // 0x0E90 (3728) pixels
0xFFFF, 0xFFFF, 0xFFFF, 0xFFFF, 0xFFFF, 0xFFFF, 0xFFFF, 0xFFFF, 0xFFFF, 0xFFFF, 0xFFFF, 0xFFFF, 0xFFFF, 0xFFFF, 0xFFFF, 0xFFFF,   // 0x0EA0 (3744) pixels
0xFFFF, 0xFFFF, 0xFFFF, 0xFFFF, 0xFFFF, 0xFFFF, 0xFFFF, 0xFFFF, 0xFFFF, 0xFFFF, 0xFFFF, 0xFFFF, 0xFFFF, 0xFFFF, 0xFFFF, 0xFFFF,   // 0x0EB0 (3760) pixels
0xF7FF, 0xF7FF, 0xFFFF, 0xFFFF, 0xFFFF, 0xFFFF, 0xFFFF, 0xFFDF, 0xFFFF, 0xF7DE, 0xF7FF, 0xEFFF, 0xF7FF, 0xF71A, 0xECF3, 0xD30C,   // 0x0EC0 (3776) pixels
0xE061, 0xE021, 0xD801, 0xD843, 0xE188, 0xE34E, 0xE4F4, 0xE637, 0xE71C, 0xF7BE, 0xFFFF, 0xFFFF, 0xFFFF, 0xFFFF, 0xFFFF, 0xFFFF,   // 0x0ED0 (3792) pixels
0xFF7F, 0xFFDF, 0xFFFF, 0xF7FF, 0xFFFF, 0xFFFF, 0xFFDF, 0xF7FF, 0xFFDF, 0xF7FF, 0xEFFF, 0xFFFF, 0xFFBF, 0xFFFF, 0xFFFE, 0xFFDE,   // 0x0EE0 (3808) pixels
0xFFFF, 0xE638, 0xEC31, 0xF209, 0xD862, 0xD041, 0xD863, 0xD801, 0xC166, 0xECD2, 0xFFBC, 0xFFDE, 0xFFFF, 0xFFFF, 0xFFDF, 0xFFFF,   // 0x0EF0 (3824) pixels
0xFFFF, 0xFFFF, 0xFFFF, 0xFFFF, 0xFFFF, 0xFFFF, 0xFFFF, 0xFFFF, 0xFFFF, 0xFFFF, 0xFFFF, 0xFFFF, 0xFFFF, 0xFFFF, 0xFFFF, 0xFFFF,   // 0x0F00 (3840) pixels
0xFFFF, 0xFFFF, 0xFFFF, 0xFFFF, 0xFFFF, 0xFFFF, 0xFFFF, 0xFFFF, 0xFFFF, 0xFFFF, 0xFFFF, 0xFFFF, 0xFFFF, 0xFFFF, 0xFFFF, 0xFFFF,   // 0x0F10 (3856) pixels
0xFFFF, 0xFFFF, 0xFFFF, 0xFFFF, 0xFFFF, 0xFFFF, 0xFFFF, 0xFFFF, 0xFFFF, 0xFFFF, 0xFFFF, 0xFFFF, 0xFFFF, 0xFFFF, 0xFFFF, 0xFFFF,   // 0x0F20 (3872) pixels
0xFFFF, 0xFFFF, 0xFFFF, 0xFFFF, 0xFFFF, 0xFFFF, 0xFFFF, 0xFFFF, 0xFFFF, 0xFFFF, 0xFFFF, 0xFFFF, 0xFFFF, 0xFFFF, 0xFFFF, 0xFFFF,   // 0x0F30 (3888) pixels
0xFFFF, 0xFFFF, 0xFFFF, 0xFFFF, 0xFFFF, 0xFFFF, 0xFFFF, 0xFFFF, 0xFFFF, 0xFFFF, 0xFFFF, 0xFFFF, 0xFFFF, 0xFFFF, 0xFFFF, 0xFFFF,   // 0x0F40 (3904) pixels
0xCEDE, 0x094D, 0x0130, 0x01B2, 0x01B1, 0x0170, 0x0192, 0x0192, 0x0170, 0x0191, 0x0171, 0x0170, 0x00EC, 0x9D9B, 0xFFFF, 0xFFDE,   // 0x0F50 (3920) pixels
0xFFFE, 0x9537, 0x010F, 0x09F2, 0x0991, 0xB65C, 0xFFFF, 0xFFFD, 0xFFDF, 0xFFDE, 0xFFFE, 0xF7FF, 0xADFD, 0x00ED, 0x010F, 0x0150,   // 0x0F60 (3936) pixels
0x014F, 0x014F, 0x014F, 0x014F, 0x014F, 0x014F, 0x014F, 0x014F, 0x014F, 0x0150, 0x00EF, 0x010D, 0xBE7C, 0xFFFF, 0xAE1B, 0x0130,   // 0x0F70 (3952) pixels
0x09F3, 0x014F, 0x9599, 0xF7FE, 0xFFFE, 0xFFFF, 0xFFFF, 0xFFFF, 0xFFBF, 0xFFFF, 0xFFFF, 0xEFDF, 0x4B32, 0x014E, 0x0191, 0x0A33,   // 0x0F80 (3968) pixels
0x0991, 0x0150, 0x11CF, 0xC6BF, 0xFFFF, 0xFFDD, 0xFFFF, 0x9559, 0x0131, 0x09D1, 0x11F0, 0xE75B, 0xE79C, 0x1232, 0x09D2, 0x0131,   // 0x0F90 (3984) pixels
0x9517, 0xF7FF, 0xFFFE, 0xFFDF, 0xFFFF, 0xFFFF, 0xFFFF, 0xFFDF, 0xFFFF, 0xFFFF, 0xFFDF, 0xFFFF, 0xFFFF, 0xFFDF, 0xFFFF, 0xFFFF,   // 0x0FA0 (4000) pixels
0x4BB6, 0x0170, 0x1235, 0x014F, 0x9D9A, 0xFFFF, 0xFFDE, 0xFFDF, 0xFFFF, 0xFFFF, 0xFFFF, 0xFFFF, 0xFFFF, 0xFFFF, 0xFFFF, 0xFFFF,   // 0x0FB0 (4016) pixels
0xFFFF, 0xFFFF, 0xFFFF, 0xFFFF, 0xFFFF, 0xFFFF, 0xFFFF, 0xFFFF, 0xFFFF, 0xFFFF, 0xFFFF, 0xFFFF, 0xFFFF, 0xFFFF, 0xFFFF, 0xFFFF,   // 0x0FC0 (4032) pixels
0xFFFF, 0xFFFF, 0xFFFF, 0xFFFF, 0xFFFF, 0xFFFF, 0xFFFF, 0xFFFF, 0xFFFF, 0xFFFF, 0xFFFF, 0xFFFF, 0xFFFF, 0xFFFF, 0xFFFF, 0xFFFF,   // 0x0FD0 (4048) pixels
0xFFFF, 0xFFFF, 0xFFFF, 0xFFFF, 0xFFFF, 0xFFFF, 0xFFFF, 0xFFFF, 0xFFFF, 0xFFFF, 0xFFFF, 0xFFFF, 0xFFFF, 0xFFFF, 0xFFFF, 0xFFFF,   // 0x0FE0 (4064) pixels
0xFFFF, 0xFFFF, 0xFFFF, 0xFFFF, 0xFFFF, 0xFFFF, 0xF7FF, 0xFFFF, 0xFFDF, 0xFFBF, 0xFFDE, 0xF7FF, 0xF7FF, 0xEFFF, 0xFFFF, 0xFFDD,   // 0x0FF0 (4080) pixels
0xFEDA, 0xF4F3, 0xD229, 0xC862, 0xD000, 0xD800, 0xD9C8, 0xEB4D, 0xED33, 0xEED9, 0xF7FE, 0xF7FF, 0xFFDF, 0xFFDF, 0xFFFF, 0xFFFF,   // 0x1000 (4096) pixels
0xFFFF, 0xFFFF, 0xFFDF, 0xFFBF, 0xFFBF, 0xFFBF, 0xFFFF, 0xF7FF, 0xEFFE, 0xEF1A, 0xF617, 0xFD75, 0xFD75, 0xFDB6, 0xFE58, 0xFF1B,   // 0x1010 (4112) pixels
0xEFBD, 0xF7FF, 0xFFFF, 0xFFDF, 0xFFBE, 0xFFDE, 0xF7DF, 0xFFFF, 0xF7FF, 0xF7FE, 0xE5D6, 0xE2CB, 0xE0A4, 0xE821, 0xE823, 0xD023,   // 0x1020 (4128) pixels
0xD32D, 0xFF9C, 0xFFFF, 0xE79D, 0xF7FF, 0xFFFF, 0xFFFF, 0xFFFF, 0xFFFF, 0xFFFF, 0xFFFF, 0xFFFF, 0xFFFF, 0xFFFF, 0xFFFF, 0xFFFF,   // 0x1030 (4144) pixels
0xFFFF, 0xFFFF, 0xFFFF, 0xFFFF, 0xFFFF, 0xFFFF, 0xFFFF, 0xFFFF, 0xFFFF, 0xFFFF, 0xFFFF, 0xFFFF, 0xFFFF, 0xFFFF, 0xFFFF, 0xFFFF,   // 0x1040 (4160) pixels
0xFFFF, 0xFFFF, 0xFFFF, 0xFFFF, 0xFFFF, 0xFFFF, 0xFFFF, 0xFFFF, 0xFFFF, 0xFFFF, 0xFFFF, 0xFFFF, 0xFFFF, 0xFFFF, 0xFFFF, 0xFFFF,   // 0x1050 (4176) pixels
0xFFFF, 0xFFFF, 0xFFFF, 0xFFFF, 0xFFFF, 0xFFFF, 0xFFFF, 0xFFFF, 0xFFFF, 0xFFFF, 0xFFFF, 0xFFFF, 0xFFFF, 0xFFFF, 0xFFFF, 0xFFFF,   // 0x1060 (4192) pixels
0xFFFF, 0xFFFF, 0xFFFF, 0xFFFF, 0xFFFF, 0xFFFF, 0xFFFF, 0xFFFF, 0xFFFF, 0xFFFF, 0xFFFF, 0xFFFF, 0xFFFF, 0xFFFF, 0xFFFF, 0xFFFF,   // 0x1070 (4208) pixels
0xFFFF, 0xFFFF, 0xFFFF, 0xFFFF, 0xFFFF, 0xFFFF, 0xCEFE, 0x19CF, 0x1235, 0x0A34, 0x01D0, 0x098F, 0x0190, 0x0190, 0x0170, 0x0170,   // 0x1080 (4224) pixels
0x0990, 0x094F, 0x090B, 0xA59A, 0xFFFF, 0xFFFF, 0xFFDF, 0x9D39, 0x0131, 0x11F3, 0x1191, 0xB63C, 0xFFDF, 0xFFDD, 0xFFFF, 0xFFFE,   // 0x1090 (4240) pixels
0xF7FF, 0xF7FF, 0xA5BC, 0x00AC, 0x010F, 0x0151, 0x0150, 0x0150, 0x014F, 0x014F, 0x014F, 0x014F, 0x0150, 0x0150, 0x0151, 0x0151,   // 0x10A0 (4256) pixels
0x00EF, 0x012D, 0xC6BD, 0xFFFF, 0xADFB, 0x0170, 0x1233, 0x018F, 0x9599, 0xEFFD, 0xFFFE, 0xFFFF, 0xFFDE, 0xFFDE, 0xFFFF, 0xF7DE,   // 0x10B0 (4272) pixels
0xF7FF, 0x7497, 0x012E, 0x11F3, 0x01B1, 0x01D0, 0x11B1, 0x11D3, 0x0171, 0x3AD3, 0xEF9F, 0xFFFF, 0xF7DF, 0x9D38, 0x0110, 0x09D1,   // 0x10C0 (4288) pixels
0x09B0, 0xE75C, 0xEF9D, 0x11F1, 0x1212, 0x0951, 0x9538, 0xF7FF, 0xFFFF, 0xFFFF, 0xFFFF, 0xF7FF, 0xFFDE, 0xFFFF, 0xFFFF, 0xFFFF,   // 0x10D0 (4304) pixels
0xFFDF, 0xFFFF, 0xFFFF, 0xFFFF, 0xFFFF, 0xFFFF, 0x4354, 0x0170, 0x09F3, 0x016F, 0x84F8, 0xFFFF, 0xFFDF, 0xFFBF, 0xFFFF, 0xFFFF,   // 0x10E0 (4320) pixels
0xFFFF, 0xFFFF, 0xFFFF, 0xFFFF, 0xFFFF, 0xFFFF, 0xFFFF, 0xFFFF, 0xFFFF, 0xFFFF, 0xFFFF, 0xFFFF, 0xFFFF, 0xFFFF, 0xFFFF, 0xFFFF,   // 0x10F0 (4336) pixels
0xFFFF, 0xFFFF, 0xFFFF, 0xFFFF, 0xFFFF, 0xFFFF, 0xFFFF, 0xFFFF, 0xFFFF, 0xFFFF, 0xFFFF, 0xFFFF, 0xFFFF, 0xFFFF, 0xFFFF, 0xFFFF,   // 0x1100 (4352) pixels
0xFFFF, 0xFFFF, 0xFFFF, 0xFFFF, 0xFFFF, 0xFFFF, 0xFFFF, 0xFFFF, 0xFFFF, 0xFFFF, 0xFFFF, 0xFFFF, 0xFFFF, 0xFFFF, 0xFFFF, 0xFFFF,   // 0x1110 (4368) pixels
0xFFFF, 0xFFFF, 0xFFFF, 0xFFFF, 0xFFFF, 0xFFFF, 0xFFFF, 0xFFFF, 0xFFFF, 0xFFFF, 0xFFFF, 0xFFFF, 0xFFDF, 0xFFDF, 0xFFFF, 0xFFFF,   // 0x1120 (4384) pixels
0xFFFF, 0xFFFE, 0xFFFE, 0xFF7C, 0xFD55, 0xE2CD, 0xD865, 0xE002, 0xE003, 0xE229, 0xF4B2, 0xF637, 0xF7DF, 0xFFFF, 0xFFFF, 0xFFFF,   // 0x1130 (4400) pixels
0xFFFF, 0xFFFF, 0xFFFF, 0xFFFF, 0xFFFD, 0xFFFE, 0xFFFE, 0xFFFF, 0xFFFF, 0xFFFF, 0xF7FF, 0xF7FF, 0xF7FE, 0xEE37, 0xE36D, 0xD945,   // 0x1140 (4416) pixels
0xC800, 0xD000, 0xD800, 0xD000, 0xE823, 0xE147, 0xD2EC, 0xFE9A, 0xFFFF, 0xF7FF, 0xF7FF, 0xF7FF, 0xFFFF, 0xF7DF, 0xF7FF, 0xF7FF,   // 0x1150 (4432) pixels
0xFFFF, 0xFFBE, 0xFD55, 0xC9E9, 0xE021, 0xF0A4, 0xD002, 0xDA8B, 0xFF5B, 0xF7FF, 0xFFDF, 0xF7FF, 0xFFFF, 0xFFFF, 0xFFFF, 0xFFFF,   // 0x1160 (4448) pixels
0xFFFF, 0xFFFF, 0xFFFF, 0xFFFF, 0xFFFF, 0xFFFF, 0xFFFF, 0xFFFF, 0xFFFF, 0xFFFF, 0xFFFF, 0xFFFF, 0xFFFF, 0xFFFF, 0xFFFF, 0xFFFF,   // 0x1170 (4464) pixels
0xFFFF, 0xFFFF, 0xFFFF, 0xFFFF, 0xFFFF, 0xFFFF, 0xFFFF, 0xFFFF, 0xFFFF, 0xFFFF, 0xFFFF, 0xFFFF, 0xFFFF, 0xFFFF, 0xFFFF, 0xFFFF,   // 0x1180 (4480) pixels
0xFFFF, 0xFFFF, 0xFFFF, 0xFFFF, 0xFFFF, 0xFFFF, 0xFFFF, 0xFFFF, 0xFFFF, 0xFFFF, 0xFFFF, 0xFFFF, 0xFFFF, 0xFFFF, 0xFFFF, 0xFFFF,   // 0x1190 (4496) pixels
0xFFFF, 0xFFFF, 0xFFFF, 0xFFFF, 0xFFFF, 0xFFFF, 0xFFFF, 0xFFFF, 0xFFFF, 0xFFFF, 0xFFFF, 0xFFFF, 0xFFFF, 0xFFFF, 0xFFFF, 0xFFFF,   // 0x11A0 (4512) pixels
0xFFFF, 0xFFFF, 0xFFFF, 0xFFFF, 0xFFFF, 0xFFFF, 0xFFFF, 0xFFFF, 0xFFFF, 0xFFFF, 0xFFFF, 0xFFFF, 0xCEFD, 0x1A0F, 0x09F3, 0x01B1,   // 0x11B0 (4528) pixels
0x53F5, 0xA5DB, 0xADFB, 0xA5FB, 0xA5FC, 0xADDC, 0xADFD, 0xADDC, 0xA579, 0xE75F, 0xFFFF, 0xF7DE, 0xFFFF, 0x9D3A, 0x0151, 0x09F2,   // 0x11C0 (4544) pixels
0x1190, 0xB63B, 0xFFFF, 0xFFFF, 0xFFDF, 0xFFFF, 0xFFFF, 0xFFFF, 0xCEBD, 0x7415, 0x84B9, 0x84D9, 0x955B, 0x8D1A, 0x7CB8, 0x7477,   // 0x11D0 (4560) pixels
0x7477, 0x7CB8, 0x8D1A, 0x955B, 0x8D3B, 0x84F9, 0x6C56, 0x7456, 0xE73E, 0xFFFF, 0xADDB, 0x0170, 0x1213, 0x014F, 0x9D9A, 0xF7FF,   // 0x11E0 (4576) pixels
0xFFFF, 0xFFFF, 0xFFFF, 0xFFFF, 0xFFDF, 0xFFFF, 0xD75F, 0x11CE, 0x09D2, 0x0971, 0x4333, 0xB69D, 0x7436, 0x0990, 0x1235, 0x014F,   // 0x11F0 (4592) pixels
0xA59A, 0xFFFF, 0xFFFF, 0x8CF6, 0x0110, 0x1212, 0x11F1, 0xE75D, 0xEF7E, 0x11F1, 0x09F2, 0x0110, 0x9538, 0xF7FF, 0xFFFF, 0xFFFF,   // 0x1200 (4608) pixels
0xFFFF, 0xFFFF, 0xFFFF, 0xFFFF, 0xFFFF, 0xFFFF, 0xFFFF, 0xFFFF, 0xFFDF, 0xFFFF, 0xFFFF, 0xE71C, 0x2210, 0x09D1, 0x1213, 0x09B0,   // 0x1210 (4624) pixels
0x5B94, 0xF7DF, 0xFFFF, 0xFFDE, 0xFFFF, 0xFFFF, 0xFFFF, 0xFFFF, 0xFFFF, 0xFFFF, 0xFFFF, 0xFFFF, 0xFFFF, 0xFFFF, 0xFFFF, 0xFFFF,   // 0x1220 (4640) pixels
0xFFFF, 0xFFFF, 0xFFFF, 0xFFFF, 0xFFFF, 0xFFFF, 0xFFFF, 0xFFFF, 0xFFFF, 0xFFFF, 0xFFFF, 0xFFFF, 0xFFFF, 0xFFFF, 0xFFFF, 0xFFFF,   // 0x1230 (4656) pixels
0xFFFF, 0xFFFF, 0xFFFF, 0xFFFF, 0xFFFF, 0xFFFF, 0xFFFF, 0xFFFF, 0xFFFF, 0xFFFF, 0xFFFF, 0xFFFF, 0xFFFF, 0xFFFF, 0xFFFF, 0xFFFF,   // 0x1240 (4672) pixels
0xFFFF, 0xFFFF, 0xFFFF, 0xFFFF, 0xFFFF, 0xFFFF, 0xFFFF, 0xFFFF, 0xFFFF, 0xFFFF, 0xFFFF, 0xFFFF, 0xFFFF, 0xFFFF, 0xFFFF, 0xFFFF,   // 0x1250 (4688) pixels
0xFFFF, 0xFFFF, 0xFFDF, 0xFFFF, 0xF7FF, 0xEFFF, 0xFFFE, 0xFEBA, 0xEBD1, 0xC969, 0xE800, 0xD041, 0xD228, 0xECF3, 0xFEBA, 0xFF9F,   // 0x1260 (4704) pixels
0xFFFF, 0xF7FF, 0xFFFF, 0xFFFE, 0xFFFE, 0xFFFF, 0xFFFF, 0xFFFF, 0xFFFF, 0xFFFF, 0xFFFF, 0xFFFF, 0xFFFF, 0xFFFF, 0xFFFF, 0xFFFF,   // 0x1270 (4720) pixels
0xFFFF, 0xFFFF, 0xEC91, 0xD126, 0xD801, 0xF084, 0xEB0B, 0xF4D1, 0xF3F0, 0xD989, 0xF040, 0xE821, 0xC083, 0xFD35, 0xFFBE, 0xFFFF,   // 0x1280 (4736) pixels
0xFFFF, 0xF7FF, 0xFFFE, 0xFFDE, 0xFFFF, 0xFFFF, 0xF7FF, 0xFFFF, 0xFFFF, 0xF77F, 0xE2E8, 0xD821, 0xF824, 0xE804, 0xDB2E, 0xFFFE,   // 0x1290 (4752) pixels
0xF7FF, 0xFFBF, 0xFFFF, 0xFFFF, 0xFFFF, 0xFFFF, 0xFFFF, 0xFFFF, 0xFFFF, 0xFFFF, 0xFFFF, 0xFFFF, 0xFFFF, 0xFFFF, 0xFFFF, 0xFFFF,   // 0x12A0 (4768) pixels
0xFFFF, 0xFFFF, 0xFFFF, 0xFFFF, 0xFFFF, 0xFFFF, 0xFFFF, 0xFFFF, 0xFFFF, 0xFFFF, 0xFFFF, 0xFFFF, 0xFFFF, 0xFFFF, 0xFFFF, 0xFFFF,   // 0x12B0 (4784) pixels
0xFFFF, 0xFFFF, 0xFFFF, 0xFFFF, 0xFFFF, 0xFFFF, 0xFFFF, 0xFFFF, 0xFFFF, 0xFFFF, 0xFFFF, 0xFFFF, 0xFFFF, 0xFFFF, 0xFFFF, 0xFFFF,   // 0x12C0 (4800) pixels
0xFFFF, 0xFFFF, 0xFFFF, 0xFFFF, 0xFFFF, 0xFFFF, 0xFFFF, 0xFFFF, 0xFFFF, 0xFFFF, 0xFFFF, 0xFFFF, 0xFFFF, 0xFFFF, 0xFFFF, 0xFFFF,   // 0x12D0 (4816) pixels
0xFFFF, 0xFFFF, 0xFFFF, 0xFFFF, 0xFFFF, 0xFFFF, 0xFFFF, 0xFFFF, 0xFFFF, 0xFFFF, 0xFFFF, 0xFFFF, 0xFFFF, 0xFFFF, 0xFFFF, 0xFFFF,   // 0x12E0 (4832) pixels
0xFFFF, 0xFFFF, 0xC6DD, 0x2231, 0x09D3, 0x014E, 0x8CF7, 0xFFFF, 0xFFFF, 0xFFFE, 0xFFFF, 0xFFFF, 0xFFFF, 0xFFFF, 0xFFFF, 0xFFFF,   // 0x12F0 (4848) pixels
0xFFDE, 0xFFFF, 0xFFFF, 0x8D39, 0x0170, 0x0A11, 0x09AF, 0xAE5A, 0xF7FF, 0xFFFE, 0xFFFF, 0xFFFF, 0xFFFE, 0xFFFE, 0xFFFF, 0xFFDF,   // 0x1300 (4864) pixels
0xFFFF, 0xD6FB, 0xD6BB, 0xE73D, 0xF7BF, 0xFFFF, 0xFFFF, 0xF7BF, 0xE73D, 0xD6BB, 0xD67B, 0xEF9D, 0xFFFF, 0xFFFF, 0xFFBE, 0xFFFF,   // 0x1310 (4880) pixels
0xA5BB, 0x0170, 0x19F5, 0x0110, 0x9D9B, 0xFFFF, 0xFFDF, 0xFFDF, 0xFFFF, 0xFFFF, 0xFFBF, 0xFFFF, 0x84F7, 0x014D, 0x11D3, 0x1190,   // 0x1320 (4896) pixels
0xCEFF, 0xFFFD, 0xFFFF, 0x3AB1, 0x0171, 0x0170, 0x5372, 0xF7DF, 0xFFFF, 0x9558, 0x0170, 0x01F1, 0x1212, 0xE75E, 0xE77E, 0x1212,   // 0x1330 (4912) pixels
0x01F1, 0x01B1, 0x9538, 0xF7FF, 0xFFFF, 0xFFDF, 0xFFFF, 0xFFFF, 0xFFFF, 0xFFBF, 0xFFFF, 0xFFFF, 0xFFFF, 0xFFFF, 0xFFDF, 0xFFFF,   // 0x1340 (4928) pixels
0xF79F, 0xA535, 0x012E, 0x1233, 0x1274, 0x01B0, 0x220F, 0xD6FF, 0xFFFF, 0xFFFE, 0xFFFF, 0xFFFF, 0xFFFF, 0xFFFF, 0xFFFF, 0xFFFF,   // 0x1350 (4944) pixels
0xFFFF, 0xFFFF, 0xFFFF, 0xFFFF, 0xFFFF, 0xFFFF, 0xFFFF, 0xFFFF, 0xFFFF, 0xFFFF, 0xFFFF, 0xFFFF, 0xFFFF, 0xFFFF, 0xFFFF, 0xFFFF,   // 0x1360 (4960) pixels
0xFFFF, 0xFFFF, 0xFFFF, 0xFFFF, 0xFFFF, 0xFFFF, 0xFFFF, 0xFFFF, 0xFFFF, 0xFFFF, 0xFFFF, 0xFFFF, 0xFFFF, 0xFFFF, 0xFFFF, 0xFFFF,   // 0x1370 (4976) pixels
0xFFFF, 0xFFFF, 0xFFFF, 0xFFFF, 0xFFFF, 0xFFFF, 0xFFFF, 0xFFFF, 0xFFDF, 0xFFFF, 0xFFFF, 0xFFFF, 0xFFDF, 0xFFFF, 0xFFDF, 0xFFDF,   // 0x1380 (4992) pixels
0xFFFF, 0xF7FF, 0xF7FF, 0xFFFE, 0xFFFE, 0xF7BD, 0xFFFF, 0xFFDF, 0xFFFF, 0xF7FF, 0xF7FD, 0xFE16, 0xEACB, 0xD802, 0xD801, 0xF105,   // 0x1390 (5008) pixels
0xD4F5, 0xF65A, 0xFFBF, 0xFFFF, 0xFFFF, 0xFFFF, 0xFFFF, 0xFFBF, 0xFFFF, 0xFFFF, 0xFFFF, 0xFFFF, 0xFFFF, 0xFFFF, 0xFFFF, 0xFFDF,   // 0x13A0 (5024) pixels
0xF7FF, 0xF7FE, 0xFFFF, 0xFFDF, 0xFFBF, 0xEFFF, 0xFFFD, 0xF3EE, 0xF800, 0xC002, 0xD38F, 0xF6FB, 0xF7FF, 0xFFFF, 0xFFBF, 0xFF1E,   // 0x13B0 (5040) pixels
0xBAE8, 0xE000, 0xF26A, 0xF7DD, 0xF7DF, 0xFFFF, 0xF7FF, 0xFFFF, 0xFFFF, 0xFFFF, 0xFFFF, 0xFFFF, 0xFFFF, 0xFFFF, 0xFFFF, 0xFFFF,   // 0x13C0 (5056) pixels
0xF7FE, 0xD38F, 0xD803, 0xE883, 0xE801, 0xEDB4, 0xFFDE, 0xEFFF, 0xFFFF, 0xFFFF, 0xFFFF, 0xFFFF, 0xFFFF, 0xFFFF, 0xFFFF, 0xFFFF,   // 0x13D0 (5072) pixels
0xFFFF, 0xFFFF, 0xF7BF, 0xFFBF, 0xFFDF, 0xFFBF, 0xFFFF, 0xFFFE, 0xFFFF, 0xFFFF, 0xFFFE, 0xFFBE, 0xFFFF, 0xFFFF, 0xFFFF, 0xFFFF,   // 0x13E0 (5088) pixels
0xFFFF, 0xFFFF, 0xFFFF, 0xFFFF, 0xF7BF, 0xFFFF, 0xFFFF, 0xFFDE, 0xFFFE, 0xFFDF, 0xFFFF, 0xFFFF, 0xF7FF, 0xF7FE, 0xFFFE, 0xFFBF,   // 0x13F0 (5104) pixels
0xFFFF, 0xFFFF, 0xFFDE, 0xFFFE, 0xFFFE, 0xFFFE, 0xFFDE, 0xFFDF, 0xFFDF, 0xFFDE, 0xFFDF, 0xFFFF, 0xFFDF, 0xFFFF, 0xFFDE, 0xFFFF,   // 0x1400 (5120) pixels
0xFFDF, 0xFFFF, 0xF7DF, 0xFFFF, 0xFFFF, 0xFFDF, 0xFFFF, 0xFFFF, 0xFFFF, 0xFFFE, 0xFFBE, 0xFFFF, 0xF7FD, 0xFFFF, 0xFFDF, 0xFFDF,   // 0x1410 (5136) pixels
0xFFFF, 0xFFFF, 0xFFFF, 0xFFFF, 0xFFFF, 0xFFFF, 0xFFFF, 0xFFFF, 0xD71D, 0x21F2, 0x11F1, 0x012E, 0x8478, 0xFFFF, 0xFFDF, 0xFFFE,   // 0x1420 (5152) pixels
0xFFDF, 0xFFDF, 0xFFFF, 0xFFDE, 0xFFFF, 0xFFDE, 0xFFDE, 0xFFFF, 0xFFFF, 0x9579, 0x0130, 0x0A12, 0x09B0, 0xB63B, 0xFFFF, 0xFFFE,   // 0x1430 (5168) pixels
0xF7FF, 0xFFDF, 0xFFFF, 0xFFFF, 0xFFFF, 0xFFFF, 0xBE9C, 0x0970, 0x01B1, 0x012F, 0x7C98, 0xFFFE, 0xFFDF, 0xE79F, 0x11D2, 0x018F,   // 0x1440 (5184) pixels
0x00F0, 0x5BB4, 0xFFFF, 0xFFDF, 0xFFDF, 0xFFFF, 0xA5DB, 0x0170, 0x0A13, 0x016F, 0x9D9A, 0xFFFF, 0xFFFF, 0xFFDF, 0xFFFF, 0xFFFF,   // 0x1450 (5200) pixels
0xFFFF, 0xFFFF, 0x3B96, 0x0190, 0x0150, 0x4B53, 0xFFFF, 0xFFFF, 0xFFFF, 0x7CB8, 0x016F, 0x1210, 0x2231, 0xEFFF, 0xF7FF, 0xA5B7,   // 0x1460 (5216) pixels
0x010F, 0x11F2, 0x09F1, 0xE73C, 0xEF9E, 0x1212, 0x09D2, 0x0170, 0x9538, 0xFFFF, 0xFFFE, 0xFFDE, 0xFFFF, 0xFFFF, 0xFFFF, 0xFFFF,   // 0x1470 (5232) pixels
0xF7FE, 0xF7DE, 0xFFDE, 0xFFFE, 0xFFDD, 0xF7FF, 0xC71F, 0x11EF, 0x0212, 0x1232, 0x1212, 0x1214, 0x0170, 0x3B53, 0xF7FF, 0xFFDE,   // 0x1480 (5248) pixels
0xFFFF, 0xFFDF, 0xFFFF, 0xFFFF, 0xFFFE, 0xFFFF, 0xFFFF, 0xFFBF, 0xFFFF, 0xFFFF, 0xFFFF, 0xFFFF, 0xFFFF, 0xFFFF, 0xFFFF, 0xFFFF,   // 0x1490 (5264) pixels
0xFFFF, 0xFFFF, 0xFFFF, 0xFFFF, 0xFFFF, 0xFFFF, 0xFFFF, 0xFFFF, 0xFFFF, 0xFFFF, 0xFFFF, 0xFFFF, 0xFFFF, 0xFFFF, 0xFFFF, 0xFFFF,   // 0x14A0 (5280) pixels
0xFFFF, 0xFFFF, 0xFFFF, 0xFFFF, 0xFFFF, 0xFFFF, 0xFFFF, 0xFFFF, 0xFFFF, 0xFFFF, 0xFFFF, 0xFFFF, 0xFFFF, 0xFFFF, 0xFFFF, 0xFFFF,   // 0x14B0 (5296) pixels
0xFFFF, 0xFFFF, 0xFFFF, 0xFFFF, 0xFFFF, 0xFFFF, 0xFFDE, 0xF7DD, 0xF7FF, 0xFFFE, 0xFFFE, 0xF7FF, 0xFFFF, 0xFFBF, 0xF7FF, 0xF5B6,   // 0x14C0 (5312) pixels
0xEA2B, 0xD802, 0xD022, 0xDACB, 0xE5F6, 0xEFFD, 0xFF9F, 0xFFDF, 0xFFFF, 0xF7FF, 0xEFFF, 0xF7FF, 0xFFFF, 0xFFDF, 0xFFDF, 0xFFFF,   // 0x14D0 (5328) pixels
0xFFFF, 0xFFFF, 0xFFDF, 0xFFFF, 0xFFFF, 0xFFFF, 0xFFFF, 0xFFFF, 0xFFFF, 0xFFDF, 0xFFFF, 0xF7FF, 0xE4B2, 0xD0C4, 0xE000, 0xEB6D,   // 0x14E0 (5344) pixels
0xFEFB, 0xFFDF, 0xFFFF, 0xFFFF, 0xFFFF, 0xFFFF, 0xFDB3, 0xE864, 0xF30D, 0xFFFE, 0xFFFF, 0xFFBF, 0xF7FF, 0xFFFF, 0xFFFF, 0xFFFF,   // 0x14F0 (5360) pixels
0xFFFF, 0xFFFF, 0xFFFF, 0xFFFF, 0xFFFF, 0xFFFF, 0xFFFF, 0xFF1C, 0xDA2A, 0xE083, 0xE842, 0xCA49, 0xFFBD, 0xF7DF, 0xFFFF, 0xFFFF,   // 0x1500 (5376) pixels
0xFFFF, 0xFFFF, 0xFFFF, 0xFFFF, 0xFFFF, 0xFFFF, 0xFFFF, 0xFFFF, 0xFFFF, 0xFFFF, 0xFFFF, 0xFFFE, 0xFFFE, 0xFFFD, 0xFFDF, 0xFFDF,   // 0x1510 (5392) pixels
0xFFFF, 0xFFDF, 0xFFBF, 0xFFBF, 0xFFFF, 0xFFDF, 0xFFFF, 0xFFFF, 0xFFFF, 0xFFFF, 0xFFFF, 0xFFFF, 0xFFDF, 0xFFDF, 0xFFFE, 0xFFFF,   // 0x1520 (5408) pixels
0xFFBF, 0xFFDF, 0xFFFF, 0xFFFF, 0xFFFF, 0xFFBF, 0xFFFF, 0xFFDF, 0xFFFF, 0xFFDF, 0xFFDF, 0xFFDF, 0xFFBF, 0xFFFF, 0xFFFF, 0xFFFF,   // 0x1530 (5424) pixels
0xFFDF, 0xFFDF, 0xFFFF, 0xFFFE, 0xFFFF, 0xF79F, 0xFFFF, 0xFFDF, 0xFFFF, 0xFFFF, 0xFFDF, 0xFFFF, 0xFFFE, 0xFFDE, 0xFFFF, 0xFFDD,   // 0x1540 (5440) pixels
0xFFFF, 0xF7FF, 0xF7FF, 0xF7BE, 0xFFBF, 0xFFFF, 0xFFFF, 0xFFFF, 0xFFFF, 0xFFFF, 0xFFFF, 0xFFFF, 0xFFFF, 0xFFFF, 0xC6DD, 0x19D1,   // 0x1550 (5456) pixels
0x09F1, 0x01B0, 0x7478, 0xE79F, 0xE79F, 0xE7DF, 0xE7BE, 0xE7BE, 0xEFFF, 0xE7BE, 0xE79E, 0xFFFF, 0xFFFF, 0xFFFE, 0xFFFF, 0x9579,   // 0x1560 (5472) pixels
0x0130, 0x0A12, 0x09B0, 0xB63B, 0xFFFF, 0xFFFE, 0xFFFF, 0xFFDF, 0xFFFF, 0xFFFE, 0xFFFF, 0xFFFF, 0xC6DC, 0x11B1, 0x09D1, 0x014F,   // 0x1570 (5488) pixels
0x7498, 0xFFFF, 0xFFDF, 0xE79E, 0x19F2, 0x01D0, 0x0110, 0x63D4, 0xFFFF, 0xFFDF, 0xFFDF, 0xFFFF, 0xA5DB, 0x0170, 0x0A13, 0x016F,   // 0x1580 (5504) pixels
0x9D9A, 0xFFFF, 0xFFFF, 0xFFDF, 0xFFFF, 0xFFFF, 0xFFFF, 0xEF9E, 0x2AF3, 0x0191, 0x0151, 0x6435, 0xFFFF, 0xFFFF, 0xFFFF, 0x9DBB,   // 0x1590 (5520) pixels
0x0170, 0x0A12, 0x11D1, 0x9DBB, 0xBE9E, 0x7CB7, 0x0990, 0x1212, 0x09F1, 0xE75C, 0xEF9E, 0x1212, 0x09D2, 0x0170, 0x9558, 0xFFFF,   // 0x15A0 (5536) pixels
0xFFFE, 0xFFDE, 0xFFFF, 0xFFFF, 0xFFFF, 0xFFDF, 0xFFFF, 0xFFDF, 0xFFFF, 0xFF7E, 0xFFFF, 0xCEDE, 0x32B1, 0x016F, 0x1252, 0x1212,   // 0x15B0 (5552) pixels
0x014E, 0x1210, 0x1212, 0x0971, 0x6BF6, 0xFFFF, 0xFFFF, 0xFFFF, 0xFFDF, 0xFFDF, 0xFFDF, 0xFFFF, 0xFFFF, 0xFFFF, 0xFFFF, 0xFFFF,   // 0x15C0 (5568) pixels
0xFFFF, 0xFFFF, 0xFFFF, 0xFFFF, 0xFFFF, 0xFFFF, 0xFFFF, 0xFFFF, 0xFFFF, 0xFFFF, 0xFFFF, 0xFFFF, 0xFFFF, 0xFFFF, 0xFFFF, 0xFFFF,   // 0x15D0 (5584) pixels
0xFFFF, 0xFFFF, 0xFFFF, 0xFFFF, 0xFFFF, 0xFFFF, 0xFFFF, 0xFFFF, 0xFFFF, 0xFFFF, 0xFFFF, 0xFFFF, 0xFFFF, 0xFFFF, 0xFFFF, 0xFFFF,   // 0x15E0 (5600) pixels
0xFFFF, 0xFFFF, 0xFFFF, 0xFFFF, 0xFFFF, 0xFFFF, 0xFFFF, 0xFFFF, 0xFFFF, 0xFFFF, 0xFFFF, 0xF7FF, 0xFFBE, 0xFFFE, 0xFFFE, 0xFFDF,   // 0x15F0 (5616) pixels
0xFFDF, 0xF7FF, 0xFF9D, 0xF616, 0xE9A7, 0xC043, 0xC885, 0xFB90, 0xFEBB, 0xFFFE, 0xFFFF, 0xFFFF, 0xFFDF, 0xFFFF, 0xFFDF, 0xF7DF,   // 0x1600 (5632) pixels
0xFFFF, 0xFFFF, 0xFFDF, 0xFFFF, 0xFFDF, 0xFFFF, 0xFFDF, 0xFFDF, 0xFFBF, 0xFFDF, 0xFFFF, 0xFFDF, 0xF7DF, 0xFFBF, 0xFFFF, 0xFFDF,   // 0x1610 (5648) pixels
0xFFFF, 0xF679, 0xE147, 0xE800, 0xE0E5, 0xFE98, 0xF7FF, 0xFFDF, 0xFFFF, 0xF7FF, 0xF7FF, 0xF7FF, 0xFF9C, 0xD968, 0xEBCF, 0xFFFF,   // 0x1620 (5664) pixels
0xFFFF, 0xFFDF, 0xFFFF, 0xFFFF, 0xFFFF, 0xFFFF, 0xFFFF, 0xFFFF, 0xFFFF, 0xFFFF, 0xFFFF, 0xFFFF, 0xFFFF, 0xFFDF, 0xEDF6, 0xD0C4,   // 0x1630 (5680) pixels
0xE842, 0xD843, 0xEE78, 0xFFDF, 0xFFFF, 0xFFFF, 0xFFFF, 0xFFFF, 0xFFFF, 0xFFFF, 0xFFFF, 0xFFFF, 0xFFFF, 0xF7DF, 0xFFFF, 0xFFFF,   // 0x1640 (5696) pixels
0xFFDF, 0xFFFF, 0xF7DF, 0xF7FF, 0xF7FE, 0xFFFF, 0xF7FF, 0xF7DE, 0xFFFF, 0xFFFF, 0xFFFF, 0xFFFE, 0xFFFF, 0xFFFF, 0xFFFF, 0xFFDE,   // 0x1650 (5712) pixels
0xFFFF, 0xFFFF, 0xFFFF, 0xFFFF, 0xFFFF, 0xFFDE, 0xFFDF, 0xFFFF, 0xFFFF, 0xF7FF, 0xEF7F, 0xFFFF, 0xFFFC, 0xFFFD, 0xFFFE, 0xF7BE,   // 0x1660 (5728) pixels
0xFFFF, 0xFFFF, 0xF7FF, 0xEFFD, 0xFFFF, 0xF7DE, 0xFFFF, 0xFFFF, 0xFFFF, 0xEFBE, 0xFFFF, 0xFFFF, 0xFFFE, 0xFFFF, 0xFFFE, 0xFFFE,   // 0x1670 (5744) pixels
0xFFFF, 0xFFFF, 0xF7DD, 0xFFFE, 0xFFFF, 0xFFFE, 0xFFFF, 0xDF5F, 0xF7FF, 0xFFFF, 0xFFDF, 0xFFFF, 0xFFFF, 0xFFFF, 0xFFFF, 0xFFFF,   // 0x1680 (5760) pixels
0xFFFF, 0xFFFF, 0xFFFF, 0xFFFF, 0xCF1C, 0x19F1, 0x0212, 0x01D1, 0x2293, 0x3B12, 0x32D3, 0x2AF2, 0x2AF1, 0x2AF1, 0x2AF2, 0x2270,   // 0x1690 (5776) pixels
0x4B31, 0xDF7F, 0xFFFF, 0xFFFF, 0xFFFF, 0x9579, 0x0130, 0x0A12, 0x09B0, 0xB63B, 0xFFFF, 0xFFFE, 0xFFFF, 0xFFFF, 0xFFFF, 0xFFFE,   // 0x16A0 (5792) pixels
0xFFFF, 0xFFFF, 0xCF1D, 0x19F2, 0x09F2, 0x0170, 0x7498, 0xFFFF, 0xFFDF, 0xDF7E, 0x19F2, 0x01F1, 0x0150, 0x6C35, 0xFFFF, 0xFFDF,   // 0x16B0 (5808) pixels
0xFFDF, 0xFFFF, 0xA5DB, 0x0170, 0x0A13, 0x016F, 0x9D9A, 0xFFFF, 0xFFFF, 0xFFDF, 0xFFFF, 0xFFFF, 0xFFFF, 0xE73D, 0x1251, 0x09D2,   // 0x16C0 (5824) pixels
0x0150, 0x7CF8, 0xFFFF, 0xFFFF, 0xFFFF, 0xB65C, 0x0190, 0x0A34, 0x09B1, 0x21EF, 0x2A12, 0x11D1, 0x1A12, 0x1A13, 0x09F1, 0xE75D,   // 0x16D0 (5840) pixels
0xEF9E, 0x0A12, 0x09F2, 0x0170, 0x9558, 0xFFFF, 0xFFFE, 0xFFDE, 0xFFFF, 0xFFFF, 0xFFFF, 0xFFDF, 0xFFBF, 0xFFFF, 0xFFFF, 0xFFFF,   // 0x16E0 (5856) pixels
0xB61D, 0x2A51, 0x0170, 0x1A34, 0x014F, 0x4313, 0x9D9B, 0x21EF, 0x0150, 0x1A15, 0x0970, 0x5375, 0xE75E, 0xFFFF, 0xFFFF, 0xFFDE,   // 0x16F0 (5872) pixels
0xFFFF, 0xFFFF, 0xFFFF, 0xFFDE, 0xFFFF, 0xFFFF, 0xFFFF, 0xFFFF, 0xFFFF, 0xFFFF, 0xFFFF, 0xFFFF, 0xFFFF, 0xFFFF, 0xFFFF, 0xFFFF,   // 0x1700 (5888) pixels
0xFFFF, 0xFFFF, 0xFFFF, 0xFFFF, 0xFFFF, 0xFFFF, 0xFFFF, 0xFFFF, 0xFFFF, 0xFFFF, 0xFFFF, 0xFFFF, 0xFFFF, 0xFFFF, 0xFFFF, 0xFFFF,   // 0x1710 (5904) pixels
0xFFFF, 0xFFFF, 0xFFFF, 0xFFFF, 0xFFFF, 0xFFFF, 0xFFFF, 0xFFFF, 0xFFFF, 0xFFFF, 0xFFFF, 0xFFFF, 0xFFFF, 0xFFFF, 0xFFFF, 0xFFFF,   // 0x1720 (5920) pixels
0xFFFF, 0xF7FF, 0xFFFF, 0xFFDF, 0xFFBF, 0xFFFF, 0xF7BE, 0xEE37, 0xCA89, 0xC800, 0xD0E5, 0xF450, 0xFF9C, 0xEFFF, 0xF7FF, 0xFFFF,   // 0x1730 (5936) pixels
0xFFFF, 0xEFFF, 0xF7FE, 0xF7FE, 0xF7FF, 0xFFFF, 0xFFFF, 0xFFFF, 0xFFFF, 0xFFFF, 0xFFFF, 0xFFFF, 0xFFFF, 0xFFDF, 0xFFFF, 0xFFFF,   // 0x1740 (5952) pixels
0xFFFF, 0xFFFF, 0xFFFF, 0xFFDF, 0xFFDF, 0xFFFF, 0xFFFE, 0xE3AF, 0xE001, 0xF801, 0xE36E, 0xFFDD, 0xE7FF, 0xEF9F, 0xFFFF, 0xFFFF,   // 0x1750 (5968) pixels
0xFFFF, 0xF7FF, 0xFFFF, 0xC26B, 0xE493, 0xFFFF, 0xFFBF, 0xFFDF, 0xFFFF, 0xFFFF, 0xFFFF, 0xFFFF, 0xFFFF, 0xFFFF, 0xFFFF, 0xFFFF,   // 0x1760 (5984) pixels
0xFFFF, 0xFFFF, 0xF7FF, 0xFFBE, 0xF7FE, 0xDA49, 0xE801, 0xE803, 0xE4B2, 0xFFFF, 0xFFFF, 0xFFFF, 0xFFFF, 0xFFFF, 0xFFFF, 0xFFFF,   // 0x1770 (6000) pixels
0xFFFF, 0xFFFF, 0xFFFF, 0xFFFE, 0xFFFF, 0xFFDF, 0xFFFF, 0xD6DF, 0x9519, 0xA57C, 0x9DB8, 0x9DD8, 0xAE7A, 0xA5F9, 0x9DB9, 0x9D79,   // 0x1780 (6016) pixels
0x9D98, 0xADF8, 0xFFDE, 0xFFDF, 0xFFFF, 0xFFFF, 0xFFFF, 0xF7FF, 0xE75F, 0x8455, 0xCEBC, 0xFFFE, 0xFFFF, 0xFFBF, 0xF7FF, 0xC6BC,   // 0x1790 (6032) pixels
0x428F, 0xBE1C, 0xFFFF, 0xFFFF, 0xFFFF, 0xFFFF, 0xDF5D, 0x7C94, 0x84F7, 0x84F8, 0x7C95, 0xCEFB, 0xF7FF, 0xFFFF, 0xB61A, 0x428F,   // 0x17A0 (6048) pixels
0xC69B, 0xFFFF, 0xFFFF, 0xFFFF, 0xF7DD, 0xFFFF, 0xDF3F, 0xDF3F, 0xFFFF, 0xFFFF, 0xFFFF, 0xFFFF, 0xD6BD, 0x4AB1, 0xA5BA, 0xFFDF,   // 0x17B0 (6064) pixels
0xFFBE, 0xFFFF, 0xFFFF, 0xFFFF, 0xFFFF, 0xFFFF, 0xFFFF, 0xFFFF, 0xFFFF, 0xFFFF, 0xCEFB, 0x19F1, 0x0A33, 0x0A75, 0x11F3, 0x014E,   // 0x17C0 (6080) pixels
0x0152, 0x01B3, 0x0191, 0x01B2, 0x01B2, 0x010E, 0x19EF, 0xE7DF, 0xFFFF, 0xF7BC, 0xFFFF, 0x9579, 0x0130, 0x0A12, 0x09B0, 0xB63B,   // 0x17D0 (6096) pixels
0xFFFF, 0xFFFE, 0xFFFF, 0xFFDF, 0xFFFF, 0xFFFE, 0xFFFF, 0xFFFF, 0xD73E, 0x2232, 0x09F2, 0x0170, 0x7477, 0xFFFF, 0xFFBF, 0xD73D,   // 0x17E0 (6112) pixels
0x19F2, 0x0A12, 0x0150, 0x7476, 0xFFFF, 0xFFDF, 0xFFFF, 0xFFFF, 0xA5DB, 0x0170, 0x0A13, 0x016F, 0x9D9A, 0xFFFF, 0xFFFF, 0xFFDF,   // 0x17F0 (6128) pixels
0xFFFF, 0xFFFF, 0xFFDF, 0xDF1C, 0x0A10, 0x11F3, 0x010F, 0x8D7A, 0xFFDE, 0xFFFF, 0xFFDE, 0xCEFD, 0x11F2, 0x0A13, 0x1A53, 0x1A10,   // 0x1800 (6144) pixels
0x11B3, 0x1233, 0x1A33, 0x1A13, 0x09D1, 0xE75D, 0xEF7D, 0x0A12, 0x09F2, 0x0150, 0x9538, 0xF7FF, 0xFFDE, 0xFFDE, 0xFFFF, 0xF7BE,   // 0x1810 (6160) pixels
0xFFFF, 0xFFFF, 0xFFFE, 0xFFFF, 0xDF7D, 0x7476, 0x118F, 0x0131, 0x1A55, 0x0170, 0x19AD, 0xCEFF, 0xFFFF, 0x9D19, 0x114E, 0x0990,   // 0x1820 (6176) pixels
0x1A54, 0x0131, 0x2A50, 0x9DBB, 0xF7FF, 0xF7FE, 0xFFFE, 0xFFDE, 0xFFFF, 0xFFFF, 0xFFFF, 0xFFFF, 0xFFFF, 0xFFFF, 0xFFFF, 0xFFFF,   // 0x1830 (6192) pixels
0xFFFF, 0xFFFF, 0xFFFF, 0xFFFF, 0xFFFF, 0xFFFF, 0xFFFF, 0xFFFF, 0xFFFF, 0xFFFF, 0xFFFF, 0xFFFF, 0xFFFF, 0xFFFF, 0xFFFF, 0xFFFF,   // 0x1840 (6208) pixels
0xFFFF, 0xFFFF, 0xFFFF, 0xFFFF, 0xFFFF, 0xFFFF, 0xFFFF, 0xFFFF, 0xFFFF, 0xFFFF, 0xFFFF, 0xFFFF, 0xFFFF, 0xFFFF, 0xFFFF, 0xFFFF,   // 0x1850 (6224) pixels
0xFFFF, 0xFFFF, 0xFFDF, 0xFFFF, 0xFFFF, 0xF7DF, 0xFFFF, 0xFFFF, 0xEFFF, 0xF7FF, 0xF7FF, 0xEEFB, 0xE2ED, 0xE001, 0xE085, 0xF4B3,   // 0x1860 (6240) pixels
0xFFDF, 0xFFDF, 0xFFDF, 0xFFDF, 0xFFBF, 0xFF9F, 0xFFBF, 0xFFFF, 0xFFFF, 0xFFFF, 0xFFFF, 0xFFDF, 0xFFDF, 0xFFBF, 0xFFDF, 0xFFDF,   // 0x1870 (6256) pixels
0xF7FE, 0xF7FE, 0xFFFF, 0xFFFF, 0xFFFF, 0xFFFF, 0xFFDF, 0xFFDF, 0xFFDF, 0xF7FF, 0xFFBF, 0xFFFF, 0xFEF9, 0xD926, 0xE801, 0xE061,   // 0x1880 (6272) pixels
0xE555, 0xFFDF, 0xFFFF, 0xF7FF, 0xFFFF, 0xFFFF, 0xFFFF, 0xFFFF, 0xF7FF, 0xBBD0, 0xE5D7, 0xFFFF, 0xFFDF, 0xFFDF, 0xFFDE, 0xFFFF,   // 0x1890 (6288) pixels
0xFFFF, 0xFFFF, 0xFFFF, 0xFFFF, 0xFFFF, 0xFFFF, 0xFFFF, 0xFFFF, 0xEFFF, 0xF7DF, 0xFFFF, 0xE451, 0xE001, 0xE001, 0xEBD0, 0xF7FF,   // 0x18A0 (6304) pixels
0xFFFF, 0xFFFF, 0xFFFF, 0xFFFF, 0xFFFF, 0xFFFF, 0xFFFF, 0xFFFF, 0xFFDE, 0xFFFE, 0xFFFF, 0xFFFF, 0xF7BF, 0x9D18, 0x218C, 0x196D,   // 0x18B0 (6320) pixels
0x2A12, 0x21F2, 0x1150, 0x1992, 0x3A95, 0x1990, 0x196F, 0x4252, 0xFFFF, 0xFFFF, 0xFFFF, 0xFFFF, 0xFFFE, 0xF7DF, 0xBE5D, 0x0068,   // 0x18C0 (6336) pixels
0x9D39, 0xFFFE, 0xFFFF, 0xFFBF, 0xFFFF, 0xB63C, 0x0089, 0x9DBB, 0xFFFF, 0xFFBF, 0xFFFF, 0xF7FF, 0xD73F, 0x42F0, 0x3290, 0x3AD2,   // 0x18D0 (6352) pixels
0x3AB0, 0xD73E, 0xF7FF, 0xF7FF, 0x9D79, 0x008C, 0xBE5C, 0xFFFF, 0xFFFF, 0xFFDF, 0xFFFF, 0xF7DF, 0x4AD2, 0x42B0, 0xEFDF, 0xFFFF,   // 0x18E0 (6368) pixels
0xFFFF, 0xFFFF, 0xCE7D, 0x00AB, 0x84D8, 0xFFFF, 0xFFFF, 0xFFFF, 0xFFFF, 0xFFFF, 0xFFFF, 0xFFFF, 0xFFFF, 0xFFFF, 0xFFFF, 0xFFFF,   // 0x18F0 (6384) pixels
0xD6DC, 0x21D1, 0x09F1, 0x0A13, 0x19F2, 0x118D, 0x098F, 0x018F, 0x0191, 0x0171, 0x0171, 0x010F, 0x21CF, 0xE75F, 0xFFFF, 0xFFDE,   // 0x1900 (6400) pixels
0xFFFF, 0x9579, 0x0130, 0x0A12, 0x09B0, 0xB63B, 0xFFFF, 0xFFFE, 0xFFFF, 0xFFDF, 0xFFFF, 0xFFFF, 0xFFDF, 0xFFFF, 0xDF5E, 0x2252,   // 0x1910 (6416) pixels
0x09D2, 0x0171, 0x6C56, 0xFFFF, 0xFFDF, 0xCEFC, 0x11D2, 0x0A12, 0x012F, 0x7C96, 0xFFFF, 0xFFFF, 0xFFFF, 0xFFFF, 0xA5DB, 0x0150,   // 0x1920 (6432) pixels
0x0A13, 0x016F, 0x9D9A, 0xFFFF, 0xFFFF, 0xFFDF, 0xFFFF, 0xFFFF, 0xFFDF, 0xDF1C, 0x09F0, 0x11F3, 0x010F, 0x8D9A, 0xFFDE, 0xFFFF,   // 0x1930 (6448) pixels
0xFFFF, 0xC6BC, 0x09D1, 0x0A33, 0x1231, 0x09CD, 0x016F, 0x01AF, 0x1A12, 0x11F2, 0x09D1, 0xE75D, 0xEF9E, 0x0A12, 0x09D2, 0x0150,   // 0x1940 (6464) pixels
0x9559, 0xFFFF, 0xFFFE, 0xFFFF, 0xFFFF, 0xFFFF, 0xFFFF, 0xF77F, 0xE7DF, 0x8516, 0x3AF0, 0x012D, 0x11F3, 0x1A35, 0x016F, 0x1A70,   // 0x1950 (6480) pixels
0xCEFB, 0xFFFF, 0xFFDF, 0xFFFF, 0xAE3A, 0x098D, 0x0190, 0x1234, 0x0172, 0x014F, 0x4353, 0xAE1B, 0xF7FF, 0xFFFF, 0xF7DF, 0xFFFF,   // 0x1960 (6496) pixels
0xFFFF, 0xFFFF, 0xFFFF, 0xFFFF, 0xFFFF, 0xFFFF, 0xFFFF, 0xFFFF, 0xFFFF, 0xFFFF, 0xFFFF, 0xFFFF, 0xFFFF, 0xFFFF, 0xFFFF, 0xFFFF,   // 0x1970 (6512) pixels
0xFFFF, 0xFFFF, 0xFFFF, 0xFFFF, 0xFFFF, 0xFFFF, 0xFFFF, 0xFFFF, 0xFFFF, 0xFFFF, 0xFFFF, 0xFFFF, 0xFFFF, 0xFFFF, 0xFFFF, 0xFFFF,   // 0x1980 (6528) pixels
0xFFFF, 0xFFFF, 0xFFFF, 0xFFFF, 0xFFFF, 0xFFFF, 0xFFFF, 0xFFFF, 0xFFFF, 0xFFFF, 0xFFFF, 0xF7BE, 0xFFFF, 0xFFDF, 0xF7FF, 0xFFBC,   // 0x1990 (6544) pixels
0xF42F, 0xC801, 0xD064, 0xE4D3, 0xFFFE, 0xF7FF, 0xFFBF, 0xF7FF, 0xEFFF, 0xF7FF, 0xFFDF, 0xFFDF, 0xFFFF, 0xFFFE, 0xFFFF, 0xFFFF,   // 0x19A0 (6560) pixels
0xFFFF, 0xFFDF, 0xFFDF, 0xFFFF, 0xFFFF, 0xFFFF, 0xFFFF, 0xFFFF, 0xFFFF, 0xF7FF, 0xFFFF, 0xFFFF, 0xFFFF, 0xFFFF, 0xFFBE, 0xEFFF,   // 0x19B0 (6576) pixels
0xFFBF, 0xF7DE, 0xED33, 0xD001, 0xF104, 0xD0A1, 0xEDF7, 0xFF9F, 0xFFBF, 0xF7FF, 0xFFFF, 0xFFDE, 0xFFFF, 0xFFBF, 0xEFFF, 0xDDD8,   // 0x19C0 (6592) pixels
0xFF3C, 0xFFFF, 0xFFDF, 0xFFFF, 0xFFFF, 0xFFFF, 0xFFFF, 0xFFFF, 0xFFFF, 0xFFFF, 0xFFFF, 0xFFFF, 0xFFFF, 0xFFFF, 0xF7FF, 0xF7FF,   // 0x19D0 (6608) pixels
0xFF9F, 0xE5B5, 0xE063, 0xE001, 0xEBAF, 0xFFFF, 0xFFFF, 0xFFFF, 0xFFFF, 0xFFFF, 0xFFFF, 0xFFFF, 0xFFFF, 0xFFFF, 0xFFFF, 0xFFFF,   // 0x19E0 (6624) pixels
0xFFFF, 0xFFFE, 0xFFFF, 0xEFDF, 0xD73E, 0xEFFF, 0xEFFF, 0x9D9B, 0x00CD, 0x3AB2, 0xE7FF, 0xEFFD, 0xEFFF, 0xE73F, 0xF7FE, 0xFFFF,   // 0x19F0 (6640) pixels
0xF79F, 0xFFFF, 0xF7DE, 0xF7FF, 0xB63E, 0x00AC, 0x951B, 0xFFFF, 0xFFFF, 0xFFDF, 0xFFFE, 0xBE5D, 0x114E, 0xA5FC, 0xFFFE, 0xFFFF,   // 0x1A00 (6656) pixels
0xF7BF, 0xAD99, 0xAE1C, 0xAE1C, 0xAE7E, 0xAE7D, 0xAE5E, 0xB63B, 0xAD7B, 0xEFFF, 0xAE1B, 0x112E, 0xC6BE, 0xF7BF, 0xFFFF, 0xFFDF,   // 0x1A10 (6672) pixels
0xFFFF, 0xF7FF, 0x3252, 0x2A31, 0xF7FF, 0xFFDF, 0xFFFF, 0xFFFE, 0xD6FF, 0x112E, 0x8D1A, 0xF7FF, 0xFFFE, 0xFFDF, 0xFFFF, 0xFFFF,   // 0x1A20 (6688) pixels
0xFFFF, 0xFFFF, 0xFFFF, 0xFFFF, 0xFFFF, 0xFFFF, 0xD6FE, 0x21D2, 0x09B1, 0x09D0, 0x5BD5, 0xAE19, 0xBE7B, 0xAE5A, 0xAE59, 0xAE19,   // 0x1A30 (6704) pixels
0xAE5A, 0xB65C, 0xB61A, 0xFFFF, 0xFFFF, 0xFFFE, 0xFFFF, 0x9579, 0x0130, 0x0A12, 0x09B0, 0xB63B, 0xFFFF, 0xFFFE, 0xFFFF, 0xFFDF,   // 0x1A40 (6720) pixels
0xFFFF, 0xFFFF, 0xFFDF, 0xFFFE, 0xDF9E, 0x2A72, 0x01B1, 0x0150, 0x6416, 0xFFFF, 0xFFDF, 0xC6DC, 0x11B2, 0x0211, 0x012F, 0x84F7,   // 0x1A50 (6736) pixels
0xFFFF, 0xFFFF, 0xFFFF, 0xFFFF, 0xA5DB, 0x0150, 0x0A13, 0x016F, 0x9D9A, 0xFFFF, 0xFFFF, 0xFFDF, 0xFFFF, 0xFFFF, 0xFFFF, 0xE73D,   // 0x1A60 (6752) pixels
0x1210, 0x09D2, 0x0130, 0x8539, 0xFFFF, 0xFFFF, 0xFFBE, 0xC6DE, 0x11D1, 0x01F1, 0x09CE, 0x6C55, 0x9DDC, 0x5C15, 0x0991, 0x11D2,   // 0x1A70 (6768) pixels
0x09D1, 0xE75D, 0xEF9E, 0x0A12, 0x09D2, 0x0170, 0x9538, 0xFFFF, 0xFFFF, 0xFFDE, 0xF7BF, 0xFFFF, 0xEF9E, 0x9CF5, 0x11D0, 0x014F,   // 0x1A80 (6784) pixels
0x0191, 0x09F3, 0x09D2, 0x00EC, 0x5393, 0xDFDF, 0xFFFE, 0xF7BE, 0xFFDF, 0xFFFF, 0xEFDF, 0xBEBC, 0x32B0, 0x012D, 0x0A13, 0x09D4,   // 0x1A90 (6800) pixels
0x0193, 0x0970, 0x2A0E, 0xCE9D, 0xFFFF, 0xFFDF, 0xFFFF, 0xFFFF, 0xFFFF, 0xFFFF, 0xFFFF, 0xFFFF, 0xFFFF, 0xFFFF, 0xFFFF, 0xFFFF,   // 0x1AA0 (6816) pixels
0xFFFF, 0xFFFF, 0xFFFF, 0xFFFF, 0xFFFF, 0xFFFF, 0xFFFF, 0xFFFF, 0xFFFF, 0xFFFF, 0xFFFF, 0xFFFF, 0xFFFF, 0xFFFF, 0xFFFF, 0xFFFF,   // 0x1AB0 (6832) pixels
0xFFFF, 0xFFFF, 0xFFFF, 0xFFFF, 0xFFFF, 0xFFFF, 0xFFFF, 0xFFFF, 0xFFFF, 0xFFFF, 0xFFFF, 0xFFFF, 0xFFFF, 0xFFFF, 0xF7FF, 0xFFFF,   // 0x1AC0 (6848) pixels
0xFFFF, 0xFFFF, 0xFFDF, 0xFF5E, 0xF5D7, 0xD147, 0xD000, 0xEB2B, 0xFF9C, 0xF7DE, 0xFFFF, 0xF7DD, 0xFFFD, 0xF7FE, 0xF7FF, 0xF7FF,   // 0x1AD0 (6864) pixels
0xF7FF, 0xF7FF, 0xF7FD, 0xF7FC, 0xFFFE, 0xFFFE, 0xFFFE, 0xFFDE, 0xFFDE, 0xFFFE, 0xFFFE, 0xFFDE, 0xFF7D, 0xFFBF, 0xFFFF, 0xFFFF,   // 0x1AE0 (6880) pixels
0xF7FF, 0xFFFF, 0xFFFF, 0xFFDF, 0xFFFF, 0xF7FF, 0xFFDF, 0xFFDE, 0xE3AE, 0xD801, 0xE925, 0xD042, 0xF4F4, 0xFFDF, 0xF7FF, 0xFFFF,   // 0x1AF0 (6896) pixels
0xFFFF, 0xFFFF, 0xFFFF, 0xFFDF, 0xFFFF, 0xFF9E, 0xFFFE, 0xFFFF, 0xFFDF, 0xFFFF, 0xFFFF, 0xF7DF, 0xFFFF, 0xFFFF, 0xFFFF, 0xFFFF,   // 0x1B00 (6912) pixels
0xFFFF, 0xFFFF, 0xFFFF, 0xFFFF, 0xFFDE, 0xFFFF, 0xFFDF, 0xEDD6, 0xD883, 0xE801, 0xEBF0, 0xFFFF, 0xFFFF, 0xFFFF, 0xFFFF, 0xFFFF,   // 0x1B10 (6928) pixels
0xFFFF, 0xFFFF, 0xFFFF, 0xFFFF, 0xFFDF, 0xFFDF, 0xFFFF, 0xFFFE, 0xFFDE, 0xFFFF, 0xF7FF, 0xEFFF, 0xD71F, 0x218E, 0x29F2, 0x114E,   // 0x1B20 (6944) pixels
0x6C34, 0xF7FF, 0xF7DF, 0xFFFF, 0xFFFE, 0xFFFF, 0xFFBF, 0xFFFF, 0xFFFF, 0xF7FF, 0x6BF6, 0x00CE, 0x5357, 0xEFFF, 0xFFFF, 0xFFBF,   // 0x1B30 (6960) pixels
0xFFFE, 0xBE5D, 0x090E, 0x9DDC, 0xFFFF, 0xFFFF, 0xCE9D, 0x31ED, 0x29CD, 0x42D2, 0x4B33, 0x4312, 0x4311, 0x2A0A, 0x31AC, 0xE7BE,   // 0x1B40 (6976) pixels
0xBE9C, 0x00AD, 0xC6BE, 0xFFFF, 0xF7FF, 0xFFFF, 0xFFFE, 0xF7FF, 0x3AB5, 0x2A93, 0xF7FF, 0xFFFF, 0xFFFF, 0xFFDE, 0xD6FF, 0x114F,   // 0x1B50 (6992) pixels
0x8D5B, 0xEFFE, 0xFFFE, 0xFFFF, 0xFFFF, 0xFFFF, 0xFFFF, 0xFFFF, 0xFFFF, 0xFFFF, 0xFFFF, 0xFFFF, 0xCF1D, 0x19F2, 0x09F1, 0x018F,   // 0x1B60 (7008) pixels
0x7CB8, 0xFFFF, 0xFFFF, 0xF7FD, 0xFFFE, 0xFFFE, 0xFFFE, 0xFFFF, 0xFFFF, 0xFFFF, 0xFFDF, 0xFFFF, 0xFFFF, 0x9579, 0x0130, 0x0A12,   // 0x1B70 (7024) pixels
0x09B0, 0xB63B, 0xFFFF, 0xFFFE, 0xFFFF, 0xFFDF, 0xFFFF, 0xFFFF, 0xFFFF, 0xFFFE, 0xE7DF, 0x32B3, 0x01B1, 0x0170, 0x5BF5, 0xFFFF,   // 0x1B80 (7040) pixels
0xFFFF, 0xC6BC, 0x09B2, 0x0212, 0x014F, 0x8D38, 0xFFFF, 0xFFFF, 0xFFFF, 0xFFFF, 0xA5DB, 0x0150, 0x0A13, 0x016F, 0x9D9A, 0xFFFF,   // 0x1B90 (7056) pixels
0xFFFF, 0xFFDF, 0xFFFF, 0xFFFF, 0xFFFF, 0xEF9E, 0x22B2, 0x01B1, 0x0150, 0x6C77, 0xFFFF, 0xFFFF, 0xFFFF, 0xADDC, 0x0170, 0x09F1,   // 0x1BA0 (7072) pixels
0x19CF, 0xB63C, 0xF7FF, 0xA5D9, 0x012F, 0x11D2, 0x09F1, 0xE75D, 0xEF9E, 0x0A12, 0x09D2, 0x0170, 0x8D18, 0xFFFF, 0xFFFF, 0xFFFF,   // 0x1BB0 (7088) pixels
0xFFFF, 0xFFFF, 0xFFFF, 0xBDB8, 0x0990, 0x010F, 0x09B2, 0x014F, 0x3291, 0x9DB9, 0xF7FF, 0xFFDE, 0xFFFF, 0xFFFE, 0xFFDE, 0xFFFF,   // 0x1BC0 (7104) pixels
0xFFFF, 0xF7FF, 0xEFDF, 0x8CD7, 0x11ED, 0x11D1, 0x0132, 0x0130, 0x4B32, 0xDF3E, 0xFFFF, 0xFFFF, 0xFFFF, 0xFFFF, 0xFFFF, 0xFFFF,   // 0x1BD0 (7120) pixels
0xFFFF, 0xFFFF, 0xFFFF, 0xFFFF, 0xFFFF, 0xFFFF, 0xFFFF, 0xFFFF, 0xFFFF, 0xFFFF, 0xFFFF, 0xFFFF, 0xFFFF, 0xFFFF, 0xFFFF, 0xFFFF,   // 0x1BE0 (7136) pixels
0xFFFF, 0xFFFF, 0xFFFF, 0xFFFF, 0xFFFF, 0xFFFF, 0xFFFF, 0xFFFF, 0xFFFF, 0xFFFF, 0xFFFF, 0xFFFF, 0xFFFF, 0xFFFF, 0xFFFF, 0xFFFF,   // 0x1BF0 (7152) pixels
0xFFFF, 0xFFFF, 0xFFDF, 0xFFFF, 0xF7FF, 0xF7FF, 0xFFFF, 0xFFDF, 0xFF1D, 0xB452, 0xE800, 0xD1C8, 0xF619, 0xFFFF, 0xFE7A, 0xBA09,   // 0x1C00 (7168) pixels
0xDA4A, 0xE2ED, 0xE2ED, 0xE32E, 0xE38E, 0xDB8E, 0xE36F, 0xE370, 0xE371, 0xDB71, 0xE38F, 0xE3AF, 0xDBAF, 0xDBCF, 0xDBAF, 0xDBAE,   // 0x1C10 (7184) pixels
0xDBAF, 0xE3CF, 0xA30E, 0xDD56, 0xFF7D, 0xFFFF, 0xFFFF, 0xFFFF, 0xFFFF, 0xFFDF, 0xFFFF, 0xFFBF, 0xFFDF, 0xFFDF, 0xEB6E, 0xE043,   // 0x1C20 (7200) pixels
0xE8E4, 0xE002, 0xE30F, 0xFFFE, 0xE7FF, 0xFFDF, 0xFFDF, 0xFFFF, 0xF7BF, 0xF7FF, 0xFFFF, 0xFFDE, 0xFFFD, 0xFFFF, 0xFFFF, 0xF7FF,   // 0x1C30 (7216) pixels
0xF7FF, 0xFFFF, 0xFFFF, 0xFFFF, 0xFFFF, 0xFFFF, 0xFFFF, 0xFFFF, 0xFFFF, 0xFFFF, 0xFFBE, 0xFFBF, 0xEFFF, 0xED35, 0xD863, 0xD800,   // 0x1C40 (7232) pixels
0xFD14, 0xFFFF, 0xFFFF, 0xFFFF, 0xFFFF, 0xFFFF, 0xFFFF, 0xFFFF, 0xFFFF, 0xFFFF, 0xFFFF, 0xFFFF, 0xFFFF, 0xFFFF, 0xFFDF, 0xFFFF,   // 0x1C50 (7248) pixels
0xEF7F, 0x94D5, 0x08B0, 0x3290, 0xDFFF, 0x95DA, 0x00CD, 0x3233, 0xC69C, 0xF7FA, 0xFFFE, 0xFFDF, 0xFFFF, 0xFFFF, 0xFFFE, 0xE7DF,   // 0x1C60 (7264) pixels
0x2A0F, 0x19B3, 0x00EF, 0xB659, 0xFFFF, 0xFFDF, 0xFFFD, 0xBE7E, 0x08EF, 0x9DFC, 0xFFFF, 0xFFFF, 0xFFFF, 0xDF7D, 0xF7FF, 0xB65B,   // 0x1C70 (7280) pixels
0x7CB6, 0x7497, 0x9DFD, 0xEFFF, 0xE77F, 0xF7FD, 0x9DB9, 0x1931, 0xBE5C, 0xFFFE, 0xFFFE, 0xFFDF, 0xFFFD, 0xEFFF, 0x2A73, 0x2272,   // 0x1C80 (7296) pixels
0xEFFF, 0xFFFE, 0xFFFF, 0xFFFE, 0xCEBE, 0x010E, 0x9DBD, 0xF7FF, 0xFFFD, 0xFFFF, 0xFFFF, 0xFFFF, 0xFFFF, 0xFFFF, 0xFFFF, 0xFFFF,   // 0x1C90 (7312) pixels
0xFFFF, 0xFFFF, 0xBF3C, 0x1210, 0x0231, 0x016F, 0x7C79, 0xFFFF, 0xFFBF, 0xFFFF, 0xFFBF, 0xFFDF, 0xFFDF, 0xFFDE, 0xFFFF, 0xFFFE,   // 0x1CA0 (7328) pixels
0xFFFF, 0xF7FF, 0xFFFF, 0x9579, 0x0130, 0x0A12, 0x09B0, 0xB63B, 0xFFFF, 0xFFFE, 0xFFFF, 0xFFDF, 0xFFFF, 0xFFFF, 0xFFFF, 0xFFFE,   // 0x1CB0 (7344) pixels
0xEFFF, 0x3AD4, 0x01D2, 0x0171, 0x5BD5, 0xFFFF, 0xFFFF, 0xC6BB, 0x09B2, 0x0212, 0x0170, 0x9559, 0xFFFF, 0xFFFF, 0xFFFF, 0xFFFF,   // 0x1CC0 (7360) pixels
0xA5DC, 0x0150, 0x0A13, 0x016F, 0x9D9A, 0xFFFF, 0xFFFF, 0xFFDF, 0xFFFF, 0xFFFF, 0xFFFF, 0xFFFF, 0x3334, 0x01B1, 0x0130, 0x53B4,   // 0x1CD0 (7376) pixels
0xFFFF, 0xFFFF, 0xFFFF, 0x8CFB, 0x0150, 0x09F1, 0x19B0, 0xDF3F, 0xF7FF, 0x9D16, 0x010E, 0x11F2, 0x09F2, 0xE75D, 0xEF9E, 0x0A12,   // 0x1CE0 (7392) pixels
0x09D2, 0x0191, 0x9539, 0xFFFF, 0xFFDE, 0xFFDF, 0xFFDF, 0xF7DF, 0xFFFF, 0xFFDF, 0xA65F, 0x19CF, 0x2A51, 0x8D5B, 0xE7DF, 0xFFFF,   // 0x1CF0 (7408) pixels
0xFFFE, 0xFFDE, 0xFFFF, 0xFFFF, 0xFFDF, 0xFFFF, 0xF7DF, 0xFFFF, 0xFFFF, 0xFFDE, 0xD73D, 0x6C57, 0x19F1, 0x3AD3, 0xDFBF, 0xFFFE,   // 0x1D00 (7424) pixels
0xFFBD, 0xFFDF, 0xFFFF, 0xFFFF, 0xFFFF, 0xFFFF, 0xFFFF, 0xFFFF, 0xFFFF, 0xFFFF, 0xFFFF, 0xFFFF, 0xFFFF, 0xFFFF, 0xFFFF, 0xFFFF,   // 0x1D10 (7440) pixels
0xFFFF, 0xFFFF, 0xFFFF, 0xFFFF, 0xFFFF, 0xFFFF, 0xFFFF, 0xFFFF, 0xFFFF, 0xFFFF, 0xFFFF, 0xFFFF, 0xFFFF, 0xFFFF, 0xFFFF, 0xFFFF,   // 0x1D20 (7456) pixels
0xFFBF, 0xFFDF, 0xFFFF, 0xF7FF, 0xFFFF, 0xFFFF, 0xFFFF, 0xFFFF, 0xFFFF, 0xFF9F, 0xFFFF, 0xFFBE, 0xFFDF, 0xFE3A, 0xC966, 0xE800,   // 0x1D30 (7472) pixels
0xEC94, 0xFFFF, 0xF7FF, 0xFFFE, 0xDC0E, 0xF001, 0xE802, 0xD022, 0xE000, 0xD841, 0xD801, 0xD021, 0xD041, 0xF000, 0xD862, 0xE823,   // 0x1D40 (7488) pixels
0xE800, 0xD840, 0xC820, 0xD801, 0xD001, 0xC840, 0xE820, 0xF000, 0xE002, 0xF5B5, 0xF7BE, 0xFFDF, 0xFFFF, 0xF7FE, 0xFFDF, 0xFFDF,   // 0x1D50 (7504) pixels
0xFFBF, 0xFF9F, 0xFFFF, 0xFFDF, 0xEBAF, 0xD042, 0xF0C4, 0xE0E4, 0xD862, 0xFEF8, 0xFFFF, 0xFFFF, 0xF7FF, 0xFFFF, 0xFFFF, 0xEFFF,   // 0x1D60 (7520) pixels
0xFFFF, 0xFFFF, 0xFFFF, 0xFFFF, 0xFFFF, 0xFFFF, 0xFFFF, 0xFFFF, 0xFFFF, 0xFFFF, 0xFFFF, 0xFFFF, 0xFFFF, 0xFFFF, 0xFFFF, 0xFFFF,   // 0x1D70 (7536) pixels
0xFFFF, 0xF7FF, 0xFF9F, 0xE451, 0xE020, 0xD0A3, 0xE6BA, 0xFFFF, 0xFFFF, 0xFFFF, 0xFFFF, 0xFFFF, 0xFFFF, 0xFFFF, 0xFFFF, 0xFFFF,   // 0x1D80 (7552) pixels
0xFFBF, 0xFFFF, 0xF7FD, 0xF7FF, 0xEFDF, 0x63D6, 0x00CD, 0x1150, 0x7436, 0xF7FF, 0xFFFF, 0xF7FF, 0xB65B, 0x3291, 0x012C, 0x1A32,   // 0x1D90 (7568) pixels
0xCE7A, 0xFFDF, 0xFFBE, 0xFFFF, 0xE7FF, 0x2A71, 0x218F, 0xEF9F, 0x6BF6, 0x00CB, 0x9D5A, 0xFFFF, 0xF7FE, 0xBE7C, 0x090E, 0xA5FC,   // 0x1DA0 (7584) pixels
0xF7FF, 0xF7DF, 0xFFFF, 0xF7FF, 0x84B8, 0x2A2F, 0x3AD1, 0x4B35, 0x1A2F, 0x6414, 0xF7FF, 0xFFFF, 0x9DB8, 0x116F, 0xB69A, 0xFFFF,   // 0x1DB0 (7600) pixels
0xFFFF, 0xFFDF, 0xFFFD, 0xD79D, 0x1A53, 0x09D0, 0xDF7E, 0xFFDF, 0xFFDF, 0xFFFD, 0xCEFB, 0x11B3, 0x4B98, 0x849B, 0xD6BF, 0xF7FF,   // 0x1DC0 (7616) pixels
0xFFFF, 0xFFFF, 0xFFFF, 0xFFFF, 0xFFFF, 0xFFFF, 0xFFFF, 0xFFFF, 0xCEFC, 0x222F, 0x09D2, 0x014E, 0x84D6, 0xF7FF, 0xFFFF, 0xFFFF,   // 0x1DD0 (7632) pixels
0xFFFF, 0xFFFF, 0xF7FF, 0xF7FF, 0xF7FF, 0xEFDF, 0xCEBB, 0xE77E, 0xFFFF, 0x9579, 0x0130, 0x0A12, 0x09B0, 0xB63B, 0xFFFF, 0xFFFE,   // 0x1DE0 (7648) pixels
0xFFFE, 0xFFDF, 0xFFFF, 0xFFFF, 0xE79E, 0xF7FF, 0xDF5F, 0x4AD1, 0x0992, 0x094E, 0x5392, 0xE7DF, 0xEFFF, 0x9579, 0x19F0, 0x09B2,   // 0x1DF0 (7664) pixels
0x11ED, 0x7497, 0xB69F, 0xA5BE, 0xAD9A, 0xFFFF, 0xAE1B, 0x094F, 0x0A13, 0x016F, 0x9D9A, 0xFFFF, 0xFFFF, 0xFFDF, 0xFFFF, 0xFFFF,   // 0x1E00 (7680) pixels
0xFFFE, 0xFFFF, 0x7455, 0x012E, 0x01D2, 0x1A31, 0xE7BF, 0xFFFC, 0xFFFF, 0x4B52, 0x01D2, 0x0190, 0x3AF0, 0xF7FF, 0xF7FF, 0x9556,   // 0x1E10 (7696) pixels
0x012F, 0x11F2, 0x09F2, 0xE73C, 0xEF7D, 0x09F2, 0x09F2, 0x0170, 0x9D19, 0xF7FF, 0xFFFF, 0xF7FF, 0xFFFE, 0xFFFE, 0xF7BF, 0xFFFF,   // 0x1E20 (7712) pixels
0xF7DF, 0xEF9E, 0xF7BE, 0xFFFF, 0xFFFF, 0xF7DF, 0xFFFF, 0xFFFF, 0xFFFF, 0xFFFF, 0xFFFF, 0xFFFF, 0xFFFF, 0xFFFF, 0xFFFF, 0xFFFF,   // 0x1E30 (7728) pixels
0xFFFF, 0xF7DF, 0xEF5D, 0xEF7D, 0xFFFF, 0xFFFF, 0xF7DF, 0xFFFF, 0xFFFF, 0xFFFF, 0xFFFF, 0xFFFF, 0xFFFF, 0xFFFF, 0xFFFF, 0xFFFF,   // 0x1E40 (7744) pixels
0xFFFF, 0xFFFF, 0xFFFF, 0xFFFF, 0xFFFF, 0xFFFF, 0xFFFF, 0xFFFF, 0xFFFF, 0xFFFF, 0xFFFF, 0xFFFF, 0xFFFF, 0xFFFF, 0xFFFF, 0xFFFF,   // 0x1E50 (7760) pixels
0xFFFF, 0xFFFF, 0xFFFF, 0xFFFF, 0xFFFF, 0xFFFF, 0xFFFF, 0xF7BE, 0xFFFF, 0xF7DE, 0xFFDF, 0xFFFF, 0xFFDF, 0xF7BF, 0xFFFF, 0xF7FF,   // 0x1E60 (7776) pixels
0xFFBE, 0xFFDE, 0xEC92, 0xC801, 0xD1E8, 0xF6DA, 0xFFFE, 0xFFBE, 0xFFFF, 0xFFBD, 0xD0E6, 0xE1E8, 0xEC70, 0xF472, 0xECB0, 0xE4D1,   // 0x1E70 (7792) pixels
0xF472, 0xF4D2, 0xF38C, 0xE8E4, 0xE104, 0xE0A4, 0xE38D, 0xF4D2, 0xF514, 0xFCD4, 0xF4D4, 0xF513, 0xF430, 0xC966, 0xE0C4, 0xFEDA,   // 0x1E80 (7808) pixels
0xFFFF, 0xFFDF, 0xFFFF, 0xF7FE, 0xFFDE, 0xFFDF, 0xFFFF, 0xFFDF, 0xFFFF, 0xFFFF, 0xE430, 0xD843, 0xE8E4, 0xE905, 0xD062, 0xEA4B,   // 0x1E90 (7824) pixels
0xFFFE, 0xF7FF, 0xFFBF, 0xFFFF, 0xEFBE, 0xFFFF, 0xFFFF, 0xFFFF, 0xFFFF, 0xFFFF, 0xFFFF, 0xFFFF, 0xFFFF, 0xFFFF, 0xFFFF, 0xFFFF,   // 0x1EA0 (7840) pixels
0xFFFF, 0xFFFF, 0xFFFF, 0xFFFF, 0xFFFF, 0xFFFF, 0xFFDF, 0xF7FF, 0xFFDF, 0xDA8A, 0xE800, 0xE26A, 0xFF3D, 0xF7FF, 0xFFFF, 0xFFFF,   // 0x1EB0 (7856) pixels
0xFFFF, 0xFFFF, 0xFFFF, 0xFFFF, 0xFFFF, 0xFFFF, 0xFFBF, 0xFFDF, 0xFFFE, 0xFFFE, 0xF7FF, 0xAE18, 0x9DB7, 0xDFDF, 0xFFDF, 0xFFFD,   // 0x1EC0 (7872) pixels
0xFFBE, 0xFFFE, 0xFFFE, 0xEF9F, 0xBE5C, 0x94F8, 0xF7DE, 0xFFFE, 0xF7DF, 0x9D7A, 0x094D, 0x19CF, 0xDF1F, 0xFF7F, 0xF7FF, 0x6C17,   // 0x1ED0 (7888) pixels
0x00AB, 0x52D2, 0xF7FF, 0xC6FF, 0x010F, 0xA5FD, 0xFFFC, 0xFFDF, 0xFFFF, 0x9D59, 0x006A, 0xADFD, 0xFFFF, 0xFFFC, 0xC79F, 0x010C,   // 0x1EE0 (7904) pixels
0x6BB6, 0xF7DF, 0xA5FA, 0x00EF, 0xBEBE, 0xFFFF, 0xFFFF, 0xF79C, 0xFFFE, 0xADFB, 0x00EE, 0x00CE, 0x9D9B, 0xF7DE, 0xFFFF, 0xFFFD,   // 0x1EF0 (7920) pixels
0xDF5E, 0x11B2, 0x11EE, 0x29CB, 0x9494, 0xF7FF, 0xFFFF, 0xFFFF, 0xFFFF, 0xFFFF, 0xFFFF, 0xFFFF, 0xFFFF, 0xFFFF, 0xCEDD, 0x19CF,   // 0x1F00 (7936) pixels
0x1214, 0x09D2, 0x4B55, 0x84B8, 0x84B8, 0x7C78, 0x7458, 0x6C17, 0x63D6, 0x5394, 0x4312, 0x3270, 0x21CD, 0x84B9, 0xFFFF, 0x9579,   // 0x1F10 (7952) pixels
0x0130, 0x0A12, 0x09B0, 0xB63B, 0xFFFF, 0xFFFE, 0xFFDF, 0xFFFF, 0xFFFF, 0xE7BE, 0x42CF, 0x19EE, 0x2AB1, 0x11F1, 0x1255, 0x1212,   // 0x1F20 (7968) pixels
0x11EF, 0x2A90, 0x224F, 0x2A92, 0x09F1, 0x0A34, 0x01D1, 0x11F0, 0x19D0, 0x00AD, 0x42B0, 0xF7DF, 0xB63D, 0x0971, 0x0A13, 0x016F,   // 0x1F30 (7984) pixels
0x9D9A, 0xFFFF, 0xFFFF, 0xFFDF, 0xFFFF, 0xFFFF, 0xFFFE, 0xFFFF, 0xAE1C, 0x014D, 0x1213, 0x01B0, 0x7457, 0xF7FF, 0xADFB, 0x11AF,   // 0x1F40 (8000) pixels
0x09F4, 0x0170, 0x7477, 0xF7DF, 0xF7FF, 0x9557, 0x012F, 0x11F2, 0x09F2, 0xE75D, 0xEF9E, 0x0A12, 0x11F2, 0x0190, 0x9D18, 0xFFFF,   // 0x1F50 (8016) pixels
0xFFFF, 0xFFFF, 0xFFFE, 0xFFDD, 0xFFFF, 0xFFFF, 0xFFFF, 0xFFDE, 0xFFFE, 0xFFFF, 0xFFFF, 0xFFFE, 0xFFFF, 0xFFFF, 0xFFFE, 0xFFFE,   // 0x1F60 (8032) pixels
0xFFFE, 0xFFFE, 0xFFFE, 0xFFFE, 0xFFFE, 0xFFFE, 0xFFFF, 0xFFFE, 0xFFFD, 0xFFDD, 0xFFFF, 0xFFFF, 0xFFFF, 0xFFFE, 0xFFFF, 0xFFFF,   // 0x1F70 (8048) pixels
0xFFFF, 0xFFFF, 0xFFFF, 0xFFFF, 0xFFFF, 0xFFFF, 0xFFFF, 0xFFFF, 0xFFFF, 0xFFFF, 0xFFFF, 0xFFFF, 0xFFFF, 0xFFFF, 0xFFFF, 0xFFFF,   // 0x1F80 (8064) pixels
0xFFFF, 0xFFFF, 0xFFFF, 0xFFFF, 0xFFFF, 0xFFFF, 0xFFFF, 0xFFFF, 0xFFFF, 0xFFFF, 0xFFFF, 0xFFFF, 0xFFFF, 0xFFFF, 0xFFFF, 0xFFDF,   // 0x1F90 (8080) pixels
0xFFDF, 0xFFBF, 0xFFFF, 0xFFFF, 0xEFFF, 0xF7FF, 0xF7FD, 0xE2AB, 0xD801, 0xEC2F, 0xF7FD, 0xFFDF, 0xEFFE, 0xFFFF, 0xFFFF, 0xEC53,   // 0x1FA0 (8096) pixels
0xD128, 0xFE78, 0xFFFE, 0xF7FF, 0xFFFE, 0xFFFF, 0xFFDF, 0xFFFF, 0xF4F3, 0xD083, 0xE0A3, 0xD883, 0xFEFC, 0xFFFF, 0xFFDF, 0xFFDF,   // 0x1FB0 (8112) pixels
0xFFDF, 0xFFFF, 0xFFBF, 0xCC72, 0xC9C8, 0xFFBD, 0xF7FF, 0xFFBF, 0xFFFF, 0xF7FF, 0xFFFF, 0xFFFF, 0xF7FE, 0xFFFF, 0xFFDF, 0xEFFF,   // 0x1FC0 (8128) pixels
0xED94, 0xD023, 0xE8E4, 0xE8E4, 0xE0C4, 0xE002, 0xF4B2, 0xF7FE, 0xFFDF, 0xFFDF, 0xFFFF, 0xFFFF, 0xFFFF, 0xFFFF, 0xFFFF, 0xFFFF,   // 0x1FD0 (8144) pixels
0xFFFF, 0xFFFF, 0xFFFF, 0xFFFF, 0xFFFF, 0xFFFF, 0xFFFF, 0xFFFF, 0xFFFF, 0xFFFF, 0xFFFF, 0xFFFF, 0xFFFF, 0xEFFF, 0xF6D9, 0xE8C4,   // 0x1FE0 (8160) pixels
0xD801, 0xF513, 0xFFBF, 0xEFFF, 0xFFFF, 0xFFFF, 0xFFFF, 0xFFFF, 0xFFFF, 0xFFFF, 0xFFFF, 0xFFFF, 0xFFDF, 0xFFFF, 0xFFFF, 0xF7DE,   // 0x1FF0 (8176) pixels
0xB639, 0xC69C, 0xCF1E, 0xBEDD, 0xB61A, 0xAE16, 0xC69C, 0xB639, 0xADD7, 0xBE5C, 0xCF1E, 0xCEFF, 0xAE1B, 0xCF1B, 0xF7FF, 0x6374,   // 0x2000 (8192) pixels
0x4AF4, 0xDF7F, 0xFFFF, 0xFFDF, 0xFFFF, 0xF7DF, 0xB5FD, 0xBDDB, 0xFFFF, 0xBE7B, 0x10ED, 0xA59A, 0xFFFC, 0xFFFE, 0xFFFF, 0xB5FC,   // 0x2010 (8208) pixels
0x08ED, 0x6BD7, 0xD73E, 0xE79C, 0x957B, 0x08CD, 0x8C7A, 0xFFFF, 0xA5D8, 0x08EE, 0xC69D, 0xFF9F, 0xFFBF, 0xFFFD, 0xF7FF, 0x3A72,   // 0x2020 (8224) pixels
0x3AB2, 0x5356, 0x194F, 0xEFFF, 0xFFFF, 0xFFFF, 0xC6DC, 0x0970, 0x7D58, 0xEFBF, 0xFFFF, 0xF7FF, 0xFFFF, 0xFFFF, 0xFFFF, 0xFFFF,   // 0x2030 (8240) pixels
0xFFFF, 0xFFFF, 0xFFFF, 0xFFFF, 0xD71F, 0x19B0, 0x1216, 0x0A15, 0x09B1, 0x012F, 0x0110, 0x0130, 0x0150, 0x0130, 0x09B2, 0x0192,   // 0x2040 (8256) pixels
0x0192, 0x010F, 0x00CD, 0x853E, 0xFFFF, 0x9579, 0x0130, 0x0A12, 0x09B0, 0xB63B, 0xFFFF, 0xFFFE, 0xFFDF, 0xFFDF, 0xF7FD, 0xE7FF,   // 0x2050 (8272) pixels
0x19CF, 0x0131, 0x01D2, 0x0A13, 0x0A33, 0x1254, 0x0A13, 0x01B2, 0x0150, 0x09F2, 0x01F2, 0x0232, 0x0A14, 0x09B1, 0x0970, 0x008D,   // 0x2060 (8288) pixels
0x4AF2, 0xF7FF, 0xAE1D, 0x0150, 0x0A13, 0x016F, 0x9D9A, 0xFFFF, 0xFFFF, 0xFFDF, 0xFFFF, 0xFFFF, 0xFFFF, 0xFFFF, 0xF7FF, 0x4B33,   // 0x2070 (8304) pixels
0x010F, 0x1214, 0x11D2, 0x3AD4, 0x2211, 0x1A34, 0x0172, 0x11B0, 0xD71F, 0xFFFF, 0xF7FF, 0x9537, 0x012F, 0x1213, 0x09F2, 0xE75D,   // 0x2080 (8320) pixels
0xEF9E, 0x09F2, 0x09D2, 0x0170, 0x9D38, 0xFFFF, 0xFFFF, 0xFFBF, 0xFFDF, 0xFFDE, 0xFFFF, 0xFFFF, 0xFFFF, 0xFFFF, 0xFFFF, 0xFFFF,   // 0x2090 (8336) pixels
0xFFFF, 0xFFFF, 0xFFFF, 0xFFDF, 0xFFFF, 0xFFFF, 0xFFFF, 0xFFFF, 0xFFFF, 0xFFFF, 0xFFFF, 0xFFFF, 0xFFFE, 0xFFFE, 0xFFFE, 0xFFFF,   // 0x20A0 (8352) pixels
0xFFFF, 0xFFFF, 0xFFFF, 0xFFFE, 0xFFFF, 0xFFFF, 0xFFFF, 0xFFFF, 0xFFFF, 0xFFFF, 0xFFFF, 0xFFFF, 0xFFFF, 0xFFFF, 0xFFFF, 0xFFFF,   // 0x20B0 (8368) pixels
0xFFFF, 0xFFFF, 0xFFFF, 0xFFFF, 0xFFFF, 0xFFFF, 0xFFFF, 0xFFFF, 0xFFFF, 0xFFFF, 0xFFFF, 0xFFFF, 0xFFFF, 0xFFFF, 0xFFFF, 0xFFFF,   // 0x20C0 (8384) pixels
0xFFFF, 0xFFFF, 0xF7FF, 0xFFFF, 0xFFDF, 0xFFDF, 0xFFDF, 0xFFFF, 0xFFFF, 0xEFBF, 0xFFFF, 0xEF5B, 0xD967, 0xE001, 0xF593, 0xF7FF,   // 0x20D0 (8400) pixels
0xFFDF, 0xFFFF, 0xFF9E, 0xF7FF, 0xF7DF, 0xDB10, 0xE535, 0xFFFE, 0xFFBF, 0xE7FF, 0xFFDF, 0xFFFF, 0xFFBF, 0xFFFF, 0xE3CF, 0xC822,   // 0x20E0 (8416) pixels
0xF084, 0xE986, 0xFFBF, 0xFFFF, 0xF7BF, 0xFFFF, 0xFFDF, 0xF7FF, 0xFFDF, 0xD535, 0xC34D, 0xFFFE, 0xF7FF, 0xFFDF, 0xFFFF, 0xF7FE,   // 0x20F0 (8432) pixels
0xFFFF, 0xFFFF, 0xF7FF, 0xFFFF, 0xFFBF, 0xF7FE, 0xFF1A, 0xC8C5, 0xF884, 0xE8E4, 0xF0E6, 0xE8A4, 0xD022, 0xFE57, 0xFFFF, 0xFFFF,   // 0x2100 (8448) pixels
0xFFDF, 0xFFFF, 0xFFFF, 0xFFFF, 0xFFFF, 0xFFFF, 0xFFFF, 0xFFFF, 0xFFFF, 0xFFFF, 0xFFFF, 0xFFFF, 0xFFFF, 0xFFFF, 0xFFFF, 0xFFFF,   // 0x2110 (8464) pixels
0xFFFF, 0xFFFF, 0xFFFF, 0xEFFF, 0xE40E, 0xE800, 0xD968, 0xFF7C, 0xFFFF, 0xFFDF, 0xFFFF, 0xFFFF, 0xFFFF, 0xFFFF, 0xFFFF, 0xFFFF,   // 0x2120 (8480) pixels
0xFFFF, 0xFFFF, 0xF7DE, 0xF7FF, 0xF7FF, 0xCEFD, 0x3A4E, 0x198D, 0x21EF, 0x19AE, 0x19F0, 0x1A50, 0x0131, 0x19F2, 0x2230, 0x19B0,   // 0x2130 (8496) pixels
0x19AE, 0x2A31, 0x092F, 0x84B8, 0xFFFF, 0xFFDF, 0xFFFF, 0xF7FF, 0xD75C, 0xDF7D, 0xDF3B, 0xDF9E, 0xF7FF, 0xEFDD, 0xDF7A, 0xCF1C,   // 0x2140 (8512) pixels
0x8498, 0xDF5B, 0xF7FF, 0xF7FE, 0xFFFE, 0xFFFF, 0xADBA, 0x3A70, 0x2230, 0x09CF, 0x3A50, 0x94F8, 0xFFFF, 0xF7DE, 0xADD9, 0x114F,   // 0x2150 (8528) pixels
0xBE5A, 0xFFDF, 0xFFFF, 0xF7FF, 0x847C, 0x008D, 0xCEDD, 0xF7FF, 0x00AB, 0x3AB3, 0xEFDF, 0xFFFF, 0xCEDD, 0x010E, 0x8D98, 0xFFFF,   // 0x2160 (8544) pixels
0xFFFF, 0xFFDF, 0xFFFF, 0xFFFF, 0xFFFF, 0xFFFF, 0xFFFF, 0xFFFF, 0xFFFF, 0xFFFF, 0xC69C, 0x114C, 0x010F, 0x0150, 0x012E, 0x010E,   // 0x2170 (8560) pixels
0x012F, 0x0130, 0x016F, 0x014E, 0x0190, 0x014F, 0x0990, 0x11D0, 0x19CE, 0x8D5B, 0xFFFF, 0x9579, 0x0130, 0x0A12, 0x09B0, 0xB63B,   // 0x2180 (8576) pixels
0xFFFF, 0xFFFE, 0xFFBF, 0xFFFF, 0xFFFD, 0xDF9E, 0x21EF, 0x0950, 0x0190, 0x01D0, 0x09AE, 0x018E, 0x098F, 0x09D0, 0x09D0, 0x11D0,   // 0x2190 (8592) pixels
0x09CF, 0x120F, 0x2252, 0x3291, 0x42F3, 0x42D2, 0x7C75, 0xEFFF, 0xA61B, 0x09B0, 0x0A13, 0x016F, 0x9D9A, 0xFFFF, 0xFFFF, 0xFFDF,   // 0x21A0 (8608) pixels
0xFFFF, 0xFFFF, 0xFFFF, 0xF7BE, 0xFFFF, 0xBE7D, 0x19CE, 0x0170, 0x09B2, 0x09B2, 0x01B2, 0x0192, 0x0990, 0x8D1A, 0xF7DF, 0xFFDE,   // 0x21B0 (8624) pixels
0xFFFF, 0x9D58, 0x012F, 0x11F2, 0x09D1, 0xE73D, 0xEF7D, 0x09F2, 0x09D1, 0x0150, 0x9518, 0xFFFF, 0xFFFF, 0xFFDF, 0xFFFF, 0xFFDF,   // 0x21C0 (8640) pixels
0xA57A, 0x953A, 0x955A, 0x957A, 0x9D7A, 0x957A, 0x955A, 0x9D7A, 0x9D7B, 0x957A, 0x9D7A, 0x9D7A, 0x9D7A, 0x9D7A, 0x9D7A, 0x9D7A,   // 0x21D0 (8656) pixels
0x9D7A, 0x9D7A, 0x9559, 0x9579, 0x957A, 0x9D7B, 0x953A, 0x8CF9, 0xB61B, 0xF7FF, 0xFFFF, 0xFFFF, 0xFFFF, 0xFFFF, 0xFFFF, 0xFFFF,   // 0x21E0 (8672) pixels
0xFFFF, 0xFFFF, 0xFFFF, 0xFFFF, 0xFFFF, 0xFFFF, 0xFFFF, 0xFFFF, 0xFFFF, 0xFFFF, 0xFFFF, 0xFFFF, 0xFFFF, 0xFFFF, 0xFFFF, 0xFFFF,   // 0x21F0 (8688) pixels
0xFFFF, 0xFFFF, 0xFFFF, 0xFFFF, 0xFFFF, 0xFFFF, 0xFFFF, 0xFFFF, 0xF7FE, 0xFFFF, 0xFFDF, 0xFFDF, 0xFFFF, 0xF7FF, 0xF7DE, 0xFFFF,   // 0x2200 (8704) pixels
0xFE79, 0xD885, 0xE126, 0xFEDA, 0xF7FF, 0xFFBE, 0xFFFF, 0xFFFF, 0xFFFF, 0xFF9F, 0xFFDF, 0xF63A, 0xFFFE, 0xFFFE, 0xFFDF, 0xFFDF,   // 0x2210 (8720) pixels
0xFFDF, 0xFFFF, 0xFFDF, 0xFFDE, 0xD26A, 0xD062, 0xE822, 0xE289, 0xFFFE, 0xFFFF, 0xFFFF, 0xFFFF, 0xFFFF, 0xFFFF, 0xFFDE, 0xE679,   // 0x2220 (8736) pixels
0xE5D6, 0xFFFE, 0xF7FF, 0xFFFF, 0xFFFF, 0xF7FE, 0xFFFF, 0xFFFF, 0xF7FF, 0xFFFF, 0xFFBF, 0xFFBE, 0xFFFE, 0xD2CC, 0xF002, 0xF124,   // 0x2230 (8752) pixels
0xF106, 0xD8E3, 0xE842, 0xD146, 0xF73A, 0xFFBF, 0xFFFF, 0xF7FF, 0xFFFF, 0xFFFF, 0xFFFF, 0xFFFF, 0xFFFF, 0xFFFF, 0xFFFF, 0xFFFF,   // 0x2240 (8768) pixels
0xFFFF, 0xFFFF, 0xFFFF, 0xFFFF, 0xFFFF, 0xFFFF, 0xFFFF, 0xFFFF, 0xF7FF, 0xFEFA, 0xE926, 0xD000, 0xED14, 0xFFFF, 0xFFFF, 0xFFDF,   // 0x2250 (8784) pixels
0xFFFF, 0xFFFF, 0xFFFF, 0xFFFF, 0xFFFF, 0xFFFF, 0xFFFF, 0xFFFF, 0xFFFF, 0xFFFF, 0xF7FF, 0xF7FF, 0xD71F, 0xDF5F, 0xD73F, 0xDF9F,   // 0x2260 (8800) pixels
0xDF9F, 0xBEFD, 0x098F, 0x6C78, 0xD77F, 0xE77F, 0xD73D, 0xD75F, 0xD73D, 0xF7DF, 0xFFDD, 0xFFFB, 0xF7DD, 0x7414, 0x112D, 0x21D0,   // 0x2270 (8816) pixels
0x2A0F, 0x2211, 0x19F0, 0x3232, 0x21CF, 0x2A13, 0x3A97, 0xC6BD, 0xFFFF, 0xF7BF, 0xFFFF, 0xFFFF, 0xF7FF, 0xE7FF, 0x4375, 0x01D2,   // 0x2280 (8832) pixels
0xE7FF, 0xEFFF, 0xF7FF, 0xEFDF, 0x9DBB, 0x0910, 0xC6DD, 0xFFDE, 0xEFBF, 0x7C78, 0x00AD, 0x7C38, 0xFFFF, 0xFFDD, 0xBE1C, 0x008C,   // 0x2290 (8848) pixels
0x4270, 0xCE9D, 0xDF5E, 0x096F, 0x8D99, 0xFFDF, 0xFFBF, 0xFFFF, 0xFFFF, 0xFFFF, 0xFFFF, 0xFFFF, 0xFFFF, 0xFFFF, 0xFFFF, 0xFFFF,   // 0x22A0 (8864) pixels
0xDF5D, 0x7414, 0x5BD5, 0x6415, 0x7455, 0x7455, 0x7456, 0x7456, 0x7475, 0x7C96, 0x84F8, 0x957A, 0xAE1C, 0xC6BE, 0xD6DD, 0xFFFF,   // 0x22B0 (8880) pixels
0xFFFF, 0x9579, 0x0130, 0x0A12, 0x09B0, 0xB63B, 0xFFFF, 0xFFFE, 0xFFFF, 0xF7DF, 0xFFFE, 0xF7FF, 0xBE3C, 0xB63E, 0xB65D, 0xB65C,   // 0x22C0 (8896) pixels
0xBE7D, 0xBE7D, 0xB65C, 0xB63C, 0xB67C, 0xC6BD, 0xCEFF, 0xCEFF, 0xD71F, 0xEFBF, 0xF7FF, 0xF7FF, 0xF7FF, 0xFFFD, 0xA5F9, 0x012F,   // 0x22D0 (8912) pixels
0x0A13, 0x016F, 0x9D9A, 0xFFFF, 0xFFFF, 0xFFDF, 0xFFFF, 0xFFFF, 0xFFFF, 0xFFFF, 0xFFFF, 0xFFFF, 0xAE1B, 0x32D1, 0x014D, 0x012D,   // 0x22E0 (8928) pixels
0x016E, 0x09CF, 0x7CD8, 0xFFFF, 0xFFFE, 0xFFFE, 0xF7DF, 0x9517, 0x012F, 0x11D2, 0x01B1, 0xE73C, 0xEF9E, 0x09F2, 0x09F2, 0x0190,   // 0x22F0 (8944) pixels
0x9519, 0xF7FF, 0xFFFE, 0xFFFE, 0xFFFE, 0xDF5F, 0x19CF, 0x0130, 0x016F, 0x0190, 0x0190, 0x016F, 0x0190, 0x01B0, 0x01B0, 0x0190,   // 0x2300 (8960) pixels
0x0190, 0x0190, 0x0190, 0x0190, 0x0190, 0x0190, 0x0190, 0x0190, 0x0171, 0x0191, 0x0170, 0x0191, 0x0970, 0x00ED, 0x5B74, 0xEFFF,   // 0x2310 (8976) pixels
0xFFFF, 0xFFFF, 0xFFFF, 0xFFFF, 0xFFFF, 0xFFFF, 0xFFFF, 0xFFFF, 0xFFFF, 0xFFFF, 0xFFFF, 0xFFFF, 0xFFFF, 0xFFFF, 0xFFFF, 0xFFFF,   // 0x2320 (8992) pixels
0xFFFF, 0xFFFF, 0xFFFF, 0xFFFF, 0xFFFF, 0xFFFF, 0xFFFF, 0xFFFF, 0xFFFF, 0xFFFF, 0xFFFF, 0xFFFF, 0xFFFF, 0xFFFF, 0xF7FE, 0xFFFF,   // 0x2330 (9008) pixels
0xFFBF, 0xFFFF, 0xF7FF, 0xFFFF, 0xFFDE, 0xFE18, 0xD843, 0xD1EA, 0xFF3D, 0xF7FF, 0xEF9E, 0xFFFE, 0xFFBD, 0xF7FF, 0xF7FF, 0xFFFF,   // 0x2340 (9024) pixels
0xFF9F, 0xEFFF, 0xFFDE, 0xFFFF, 0xF7DF, 0xFFBF, 0xFFFE, 0xFFFF, 0xFFFF, 0xFF7C, 0xD967, 0xE8C3, 0xE001, 0xE38D, 0xEFFE, 0xF7FF,   // 0x2350 (9040) pixels
0xFFFE, 0xF7FE, 0xF7FE, 0xF7FF, 0xFFFF, 0xFFDE, 0xFFFE, 0xFFFF, 0xF7FF, 0xFFFF, 0xFFFF, 0xFFFF, 0xFFFF, 0xFFFF, 0xFFFF, 0xFFDF,   // 0x2360 (9056) pixels
0xFFFF, 0xFFDF, 0xFFFF, 0xED96, 0xD002, 0xE8A3, 0xE125, 0xE125, 0xE103, 0xE002, 0xD229, 0xF71A, 0xFFFF, 0xFFFF, 0xFFFF, 0xFFFF,   // 0x2370 (9072) pixels
0xFFFF, 0xFFFF, 0xFFFF, 0xFFFF, 0xFFFF, 0xFFFF, 0xFFFF, 0xFFFF, 0xFFFF, 0xFFFF, 0xFFFF, 0xFFFF, 0xFFFF, 0xFFFF, 0xFFFD, 0xE36D,   // 0x2380 (9088) pixels
0xD800, 0xDACB, 0xF7DD, 0xFFFF, 0xFFDE, 0xFFFF, 0xFFFF, 0xFFFF, 0xFFFF, 0xFFFF, 0xFFFF, 0xFFFF, 0xFFFF, 0xFFFF, 0xF79F, 0xFFFF,   // 0x2390 (9104) pixels
0xFFDE, 0xFFFF, 0xF7DF, 0xFFFF, 0xFFFE, 0xFFFD, 0xFFBF, 0xEFBF, 0x08EE, 0x84DA, 0xF7FF, 0xFFBF, 0xFFDF, 0xFFDF, 0xFFFE, 0xFFDF,   // 0x23A0 (9120) pixels
0xFFBF, 0xFFFE, 0xF7FF, 0xBE7C, 0x9D9A, 0xADF9, 0x9DB9, 0xA5FD, 0x9DDC, 0xADFC, 0xAE1A, 0x7476, 0x090E, 0xAE3A, 0xFFFE, 0xFFFF,   // 0x23B0 (9136) pixels
0x8497, 0x4B33, 0x53B3, 0x74D9, 0x19F1, 0x0110, 0x6433, 0x5355, 0x3A50, 0x63D2, 0x8557, 0x0150, 0xB6BD, 0xFFFF, 0x94D9, 0x0089,   // 0x23C0 (9152) pixels
0x7455, 0xF7FF, 0xFFDF, 0xFFFF, 0xFFFF, 0xADDC, 0x192B, 0xCE9C, 0xEFDF, 0x092F, 0x8519, 0xFFFF, 0xFFDF, 0xFFFF, 0xFFFF, 0xFFFF,   // 0x23D0 (9168) pixels
0xFFFF, 0xFFFF, 0xFFFF, 0xFFFF, 0xFFFF, 0xFFFF, 0xFFFE, 0xF7BF, 0xF7FF, 0xF7FF, 0xFFFF, 0xFFFF, 0xFFFF, 0xFFFF, 0xFFFF, 0xFFFF,   // 0x23E0 (9184) pixels
0xFFFF, 0xFFFF, 0xFFFF, 0xFFFF, 0xFFFF, 0xFFDE, 0xFFFF, 0x9579, 0x0130, 0x0A12, 0x09B0, 0xB63B, 0xFFFF, 0xFFFE, 0xFFFF, 0xF7DF,   // 0x23F0 (9200) pixels
0xFFFF, 0xFFFE, 0xFFFF, 0xFFDF, 0xFFFE, 0xFFFF, 0xFF9F, 0xFFFF, 0xFFFF, 0xFFFE, 0xFFFE, 0xFFFE, 0xFFFF, 0xFFDF, 0xFFDF, 0xFFFE,   // 0x2400 (9216) pixels
0xFFDF, 0xFFFF, 0xFFFF, 0xFFDD, 0xADFA, 0x0971, 0x0A13, 0x016F, 0x9D9A, 0xFFFF, 0xFFFF, 0xFFDF, 0xFFFF, 0xFFFF, 0xF7FF, 0xFFFF,   // 0x2410 (9232) pixels
0xFFBD, 0xFFFF, 0xF7FF, 0xDFBF, 0x959A, 0x84D7, 0x8D79, 0xCF3F, 0xF7FF, 0xFFDE, 0xFFDD, 0xFFFE, 0xF7FF, 0x9517, 0x0150, 0x11F2,   // 0x2420 (9248) pixels
0x09D1, 0xE75D, 0xEF9E, 0x09F2, 0x09D2, 0x0170, 0x9539, 0xF7FF, 0xFFFE, 0xFFFF, 0xFFFF, 0xE7BF, 0x11AF, 0x0110, 0x0190, 0x01B1,   // 0x2430 (9264) pixels
0x01B1, 0x0190, 0x01B1, 0x01B1, 0x01B1, 0x0191, 0x0191, 0x0191, 0x0191, 0x0191, 0x0191, 0x0191, 0x0191, 0x0191, 0x0173, 0x0192,   // 0x2440 (9280) pixels
0x0151, 0x0171, 0x0150, 0x00CC, 0x5353, 0xF7FF, 0xFFFF, 0xFFFF, 0xFFFF, 0xFFFF, 0xFFFF, 0xFFFF, 0xFFFF, 0xFFFF, 0xFFFF, 0xFFFF,   // 0x2450 (9296) pixels
0xFFFF, 0xFFFF, 0xFFFF, 0xFFFF, 0xFFFF, 0xFFFF, 0xFFFF, 0xFFFF, 0xFFFF, 0xFFFF, 0xFFFF, 0xFFFF, 0xFFFF, 0xFFFF, 0xFFFF, 0xFFFF,   // 0x2460 (9312) pixels
0xFFFF, 0xFFFF, 0xFFFF, 0xFFFF, 0xFFFF, 0xFFFF, 0xFFFF, 0xFFFF, 0xE79D, 0xFFDD, 0xFDD7, 0xA8E4, 0xE1C8, 0xFF7D, 0xF7FF, 0xFFFF,   // 0x2470 (9328) pixels
0xF7FF, 0xFFDF, 0xFFFF, 0xFFFE, 0xFFDF, 0xEFFF, 0xFF9E, 0xFFFF, 0xFFFF, 0xFFFF, 0xFFBE, 0xF7FF, 0xFFDE, 0xEFFF, 0xFFFF, 0xF658,   // 0x2480 (9344) pixels
0xE863, 0xF0C3, 0xE002, 0xF4B2, 0xF7FF, 0xFFFF, 0xFFDF, 0xFFFF, 0xFFFF, 0xFFFF, 0xFFFF, 0xFFFF, 0xF7FF, 0xFFFF, 0xFFDF, 0xFFFF,   // 0x2490 (9360) pixels
0xFFFF, 0xFFFF, 0xFFFF, 0xFFFF, 0xFFFF, 0xFFDF, 0xF7FF, 0xFFFF, 0xFFFF, 0xFF9E, 0xDACB, 0xE021, 0xE105, 0xE925, 0xD924, 0xF104,   // 0x24A0 (9376) pixels
0xD800, 0xD38D, 0xFF9D, 0xF7FF, 0xFFFF, 0xFFFF, 0xFFFF, 0xFFFF, 0xFFFF, 0xFFFF, 0xFFFF, 0xFFFF, 0xFFFF, 0xFFFF, 0xFFFF, 0xFFFF,   // 0x24B0 (9392) pixels
0xFFFF, 0xFFFF, 0xFFFF, 0xF7BE, 0xFCF2, 0xC862, 0xD105, 0xFE7A, 0xF7FF, 0xFFDE, 0xFFDF, 0xF7FF, 0xFFFF, 0xFFFF, 0xFFFF, 0xFFFF,   // 0x24C0 (9408) pixels
0xFFFF, 0xFFFF, 0xFFFF, 0xFFFF, 0xFFFF, 0xFFDE, 0xFFDE, 0xFFFF, 0xFFFF, 0xFFFF, 0xFFFF, 0xFFFE, 0xFFDE, 0xEFBF, 0x092E, 0x7CDA,   // 0x24D0 (9424) pixels
0xF7FF, 0xFFFE, 0xFFFD, 0xFFFF, 0xFFFE, 0xFFDF, 0xFFFF, 0xFFFF, 0xFFFF, 0xF7FF, 0xFFFF, 0xFFFE, 0xFFFF, 0xF7DF, 0xFFFF, 0xF79C,   // 0x24E0 (9440) pixels
0xFFFD, 0xCEFD, 0x00CD, 0xAE3B, 0xFFDD, 0xFFFF, 0x5BB4, 0x32D4, 0x4313, 0x42D2, 0x5B76, 0x7418, 0x5312, 0x6398, 0x6BB6, 0x8D15,   // 0x24F0 (9456) pixels
0x95D7, 0x016E, 0xBEDC, 0xFFFF, 0xE73F, 0xC65C, 0xF7FF, 0xFFFE, 0xFFDF, 0xFF9F, 0xFFFF, 0xF7FF, 0xEFDF, 0xFFFF, 0xD6DD, 0x08EF,   // 0x2500 (9472) pixels
0x957A, 0xFFFF, 0xFFBF, 0xFFFF, 0xFFFF, 0xFFFF, 0xFFFF, 0xFFFF, 0xFFFF, 0xFFFF, 0xFFFF, 0xFFFF, 0xFFDD, 0xFFFF, 0xFFFF, 0xFFFF,   // 0x2510 (9488) pixels
0xFFFE, 0xFFFF, 0xFFFF, 0xFFFF, 0xFFDF, 0xFFFF, 0xFFDF, 0xFFFF, 0xFFFF, 0xFFFF, 0xFFFF, 0xFFDE, 0xFFFF, 0x9579, 0x0130, 0x0A12,   // 0x2520 (9504) pixels
0x09B0, 0xB63B, 0xFFFF, 0xFFFE, 0xFFFF, 0xFFFF, 0xFFDE, 0xF79D, 0xFFFF, 0xFFFF, 0xFFFE, 0xFFFE, 0xFFFF, 0xFFFF, 0xFFFE, 0xFFFE,   // 0x2530 (9520) pixels
0xFFFE, 0xFFDE, 0xFFFE, 0xFFFF, 0xFFFF, 0xFFFE, 0xFFBE, 0xFFFF, 0xFFFF, 0xFFFE, 0xADDB, 0x0131, 0x0A13, 0x016F, 0x9D9A, 0xFFFF,   // 0x2540 (9536) pixels
0xFFFF, 0xFFDF, 0xFFFF, 0xFFFF, 0xFFFF, 0xFFDF, 0xFFFF, 0xFFFF, 0xEFBE, 0xF7FF, 0xF7FF, 0xFFFF, 0xF7FF, 0xFFFF, 0xFFDE, 0xFFBD,   // 0x2550 (9552) pixels
0xFFFF, 0xEF9E, 0xF7FF, 0x8CF6, 0x012F, 0x11D2, 0x01B1, 0xE75D, 0xEF9E, 0x09F2, 0x09B1, 0x0150, 0x9538, 0xF7FF, 0xFFFF, 0xFFDF,   // 0x2560 (9568) pixels
0xFFDF, 0xE75E, 0x63D4, 0x4B54, 0x5394, 0x53B4, 0x5394, 0x5373, 0x5394, 0x5394, 0x5373, 0x5394, 0x5394, 0x5394, 0x5394, 0x5394,   // 0x2570 (9584) pixels
0x5394, 0x5394, 0x5394, 0x5394, 0x5354, 0x5B95, 0x5394, 0x5394, 0x5374, 0x5332, 0x94F6, 0xF7FF, 0xFFFF, 0xFFFF, 0xFFFF, 0xFFFF,   // 0x2580 (9600) pixels
0xFFFF, 0xFFFF, 0xFFFF, 0xFFFF, 0xFFFF, 0xFFFF, 0xFFFF, 0xFFFF, 0xFFFF, 0xFFFF, 0xFFFF, 0xFFFF, 0xFFFF, 0xFFFF, 0xFFFF, 0xFFFF,   // 0x2590 (9616) pixels
0xFFFF, 0xFFFF, 0xFFFF, 0xFFFF, 0xFFFF, 0xFFFF, 0xFFFF, 0xFFFF, 0xFFFF, 0xFFFF, 0xFFFF, 0xFFBE, 0xFFFF, 0xF7DF, 0xFFFF, 0xFE79,   // 0x25A0 (9632) pixels
0xA8E4, 0xF927, 0xE7FF, 0xFFDE, 0xFFDD, 0xFFFF, 0xFFBF, 0xF7FF, 0xFFFF, 0xFFFE, 0xFF9F, 0xF7FE, 0xF7FF, 0xFF7F, 0xF7FF, 0xFFFF,   // 0x25B0 (9648) pixels
0xFFFF, 0xF7FF, 0xFFDF, 0xF7FF, 0xFFFF, 0xE534, 0xE801, 0xE8E3, 0xE0A4, 0xF5F7, 0xF7FF, 0xFFDF, 0xFFBF, 0xFFDF, 0xFFFF, 0xFFFF,   // 0x25C0 (9664) pixels
0xFFFF, 0xFFBF, 0xDFBE, 0xFFDF, 0xFFFF, 0xF7FF, 0xF7FF, 0xFFDF, 0xF7DF, 0xFFFF, 0xFFFF, 0xFFBF, 0xE7FF, 0xE7FF, 0xFFFF, 0xF7FF,   // 0x25D0 (9680) pixels
0xFE98, 0xE842, 0xE0A4, 0xE926, 0xD8C4, 0xE945, 0xE8C3, 0xE002, 0xECF4, 0xF7FF, 0xFFFF, 0xFFFF, 0xFFFF, 0xFFFF, 0xFFFF, 0xFFFF,   // 0x25E0 (9696) pixels
0xFFFF, 0xFFFF, 0xFFFF, 0xFFFF, 0xFFFF, 0xFFFF, 0xFFFF, 0xFFFF, 0xF7BE, 0xEF7D, 0xD0C4, 0xD800, 0xFD12, 0xFFBF, 0xFFDF, 0xFFDE,   // 0x25F0 (9712) pixels
0xFFFF, 0xFFFF, 0xFFFF, 0xFFFF, 0xFFFF, 0xFFFF, 0xFFFF, 0xFFFF, 0xFFFF, 0xFFFF, 0xFFFF, 0xFFFF, 0xFFFE, 0xF7DE, 0xFFFF, 0xFFDF,   // 0x2600 (9728) pixels
0xFFFF, 0xFFDF, 0xFFDF, 0xD71E, 0x00EF, 0x6418, 0xF7FF, 0xFFFE, 0xFFDD, 0xF7BF, 0xF7FF, 0xF7FE, 0xFFFF, 0xFF9F, 0xFFDF, 0xFFFE,   // 0x2610 (9744) pixels
0xFFFE, 0xFFFF, 0xFFBF, 0xFFFF, 0xFFFD, 0xFFFE, 0xFFFF, 0xADFE, 0x008E, 0x9E1A, 0xFFDF, 0xFFFF, 0xFFFF, 0xFFFF, 0xFFDE, 0xFFFF,   // 0x2620 (9760) pixels
0xFFFF, 0xF7FE, 0xFFFF, 0xF7BF, 0xFFFF, 0xFFFF, 0xA5BB, 0x002D, 0xC65B, 0xFFDF, 0xFFFF, 0xF7DE, 0xFFFF, 0xFFBF, 0xFFFF, 0xFFFE,   // 0x2630 (9776) pixels
0xFFFF, 0xFFFE, 0xF7FE, 0xFFDE, 0xD6DD, 0x008E, 0x7CB5, 0xFFFF, 0xFFFF, 0xF7FF, 0xFFFF, 0xFFFF, 0xFFFF, 0xFFFF, 0xFFFF, 0xFFFF,   // 0x2640 (9792) pixels
0xFFFF, 0xFFFF, 0xFFFE, 0xFFFF, 0xFFDF, 0xFFFF, 0xFFFF, 0xFFFF, 0xFFFF, 0xFFDF, 0xFFDF, 0xFFFF, 0xFFFF, 0xFFFF, 0xFFFF, 0xFFFF,   // 0x2650 (9808) pixels
0xF7DF, 0xFFFF, 0xFFFF, 0x9579, 0x0130, 0x0A12, 0x09B0, 0xB63B, 0xFFFF, 0xFFFE, 0xFFDE, 0xFFFF, 0xFFFF, 0xFFFF, 0xFFBF, 0xFFDF,   // 0x2660 (9824) pixels
0xFFFF, 0xFFDF, 0xF7FF, 0xFFFF, 0xF7BF, 0xFFFF, 0xFFDF, 0xFFFF, 0xFFFF, 0xF7FE, 0xFFFF, 0xFFFF, 0xFFFF, 0xFFDF, 0xFFFE, 0xFFFD,   // 0x2670 (9840) pixels
0xADDA, 0x0951, 0x0A13, 0x016F, 0x9D9A, 0xFFFF, 0xFFFF, 0xFFDF, 0xFFFF, 0xFFFF, 0xFFDF, 0xFFDF, 0xFFDF, 0xFFBF, 0xFFFF, 0xF7BE,   // 0x2680 (9856) pixels
0xFFFF, 0xFFDE, 0xFFFF, 0xFFDF, 0xFFDE, 0xFFFF, 0xFFFF, 0xFFFF, 0xF7FF, 0x94F6, 0x00AD, 0x0150, 0x0170, 0xE73C, 0xEF9E, 0x0A12,   // 0x2690 (9872) pixels
0x09D2, 0x0170, 0x9557, 0xF7FF, 0xFFFF, 0xFF9F, 0xFFDF, 0xFFFF, 0xFFFF, 0xF7FF, 0xFFFF, 0xFFFF, 0xFFFF, 0xFFFF, 0xFFFF, 0xFFFF,   // 0x26A0 (9888) pixels
0xFFFF, 0xFFFF, 0xFFFF, 0xFFFF, 0xFFFF, 0xFFFF, 0xFFFF, 0xFFFF, 0xFFFF, 0xFFFF, 0xFFDF, 0xFFFF, 0xFFFF, 0xF7FF, 0xF7FF, 0xF7FF,   // 0x26B0 (9904) pixels
0xFFFF, 0xFFFD, 0xFFFF, 0xFFFF, 0xFFFF, 0xFFFF, 0xFFFF, 0xFFFF, 0xFFFF, 0xFFFF, 0xFFFF, 0xFFFF, 0xFFFF, 0xFFFF, 0xFFFF, 0xFFFF,   // 0x26C0 (9920) pixels
0xFFFF, 0xFFFF, 0xFFFF, 0xFFFF, 0xFFFF, 0xFFFF, 0xFFFF, 0xFFFF, 0xFFFF, 0xFFFF, 0xFFFF, 0xFFFF, 0xFFFF, 0xFFFF, 0xFFFF, 0xFFFF,   // 0x26D0 (9936) pixels
0xFFFF, 0xF7BE, 0xF7FF, 0xFFFF, 0xFF9D, 0xE862, 0xD986, 0xE7FF, 0xFFFF, 0xFFFF, 0xFFFF, 0xFFFF, 0xFFFF, 0xFFFF, 0xFFFF, 0xFFFF,   // 0x26E0 (9952) pixels
0xFFFF, 0xFFFF, 0xFFFF, 0xFFFF, 0xFFFF, 0xFFFF, 0xFFFF, 0xFFFF, 0xFFFF, 0xFFFF, 0xEFFF, 0xF3AF, 0xF001, 0xF0A3, 0xD906, 0xF77C,   // 0x26F0 (9968) pixels
0xFFFF, 0xFFFF, 0xFFFF, 0xFFFF, 0xFFDF, 0xFFFF, 0xFFBF, 0xCE39, 0xD494, 0xCC93, 0xDA6B, 0xE2EB, 0xCB2A, 0xE30A, 0xE2EB, 0xE208,   // 0x2700 (9984) pixels
0xE1A8, 0xDA09, 0xD28A, 0xD2EA, 0xEAEB, 0xFD33, 0xF7FD, 0xE61A, 0xE803, 0xE104, 0xF8E3, 0xD904, 0xE105, 0xE801, 0xDA29, 0xFFDE,   // 0x2710 (10000) pixels
0xFFBF, 0xFFFF, 0xFFFF, 0xFFFF, 0xFFFF, 0xFFFF, 0xFFFF, 0xF7FF, 0xEFFF, 0xFFFE, 0xFFDE, 0xFFBF, 0xFFDF, 0xF7FF, 0xFF1A, 0xD9A8,   // 0x2720 (10016) pixels
0xB802, 0xF451, 0xFF9D, 0xEFFF, 0xF7FF, 0xFFFF, 0xFFBF, 0xFFFF, 0xFFFF, 0xFFFF, 0xFFFF, 0xFFFF, 0xFFFF, 0xFFFF, 0xFFFF, 0xFFFF,   // 0x2730 (10032) pixels
0xFFFF, 0xFFFF, 0xFFFF, 0xFFFF, 0xFFFF, 0xFFFF, 0xFFFF, 0xFFFF, 0xFFFF, 0xE73E, 0x6B8F, 0xAD56, 0xFFFF, 0xFFFF, 0xFFFF, 0xF7DF,   // 0x2740 (10048) pixels
0xFFFF, 0xFFFF, 0xFFFF, 0xFFFF, 0xFFFF, 0xFFFF, 0xFFFF, 0xFFFF, 0xFFFF, 0xFFDE, 0xFFFF, 0xFFDF, 0xFFFF, 0xC65B, 0x634F, 0xBE3B,   // 0x2750 (10064) pixels
0xFFFF, 0xFFFF, 0xFFFF, 0xFFFF, 0xFFFF, 0xFFFF, 0xFFFF, 0xFFFF, 0xFFFF, 0xFFFF, 0xFFFF, 0xFFFF, 0xBDF9, 0x632E, 0xCE7B, 0xFFFF,   // 0x2760 (10080) pixels
0xFFFF, 0xFFFF, 0xFFFF, 0xFFFF, 0xFFFF, 0xFFFF, 0xFFFF, 0xFFFF, 0xFFFE, 0xFFFF, 0xD6BC, 0x6B50, 0xAD79, 0xFFFF, 0xFFFF, 0xFFFE,   // 0x2770 (10096) pixels
0xFFFF, 0xFFFF, 0xFFFF, 0xFFFF, 0xFFFF, 0xFFFF, 0xFFFF, 0xFFFF, 0xFFFF, 0xFFFF, 0xFFFF, 0xFFFF, 0xFFFF, 0xFFFF, 0xFFFF, 0xFFFF,   // 0x2780 (10112) pixels
0xFFFF, 0xFFFF, 0xFFFF, 0xFFFF, 0xFFFF, 0xFFFF, 0xFFFF, 0xFFFF, 0xFFFF, 0x8C98, 0x006A, 0x090E, 0x08EC, 0xADBB, 0xFFFF, 0xFFDF,   // 0x2790 (10128) pixels
0xFFFF, 0xFFFF, 0xFFFF, 0xFFFF, 0xFFFF, 0xFFFF, 0xFFFF, 0xFFFF, 0xFFFF, 0xFFFF, 0xFFFF, 0xFFFF, 0xFFFF, 0xFFFF, 0xFFFF, 0xFFFF,   // 0x27A0 (10144) pixels
0xFFFF, 0xFFDF, 0xFFFF, 0xFFDE, 0xFFFF, 0xFFFF, 0x9D39, 0x08A9, 0x00EE, 0x010C, 0x94F9, 0xFFFF, 0xFFFF, 0xFFFF, 0xFFFF, 0xFFFF,   // 0x27B0 (10160) pixels
0xFFFF, 0xFFFF, 0xFFFF, 0xFFFF, 0xFFFF, 0xFFFF, 0xFFFF, 0xFFFF, 0xFFFF, 0xFFFF, 0xFFFF, 0xFFFF, 0xFFFF, 0xFFFF, 0xF7BE, 0xDEDB,   // 0x27C0 (10176) pixels
0x8CF8, 0x9537, 0x9557, 0xE7FF, 0xC6DF, 0x092B, 0x00CD, 0x00AE, 0x94F4, 0xEFDF, 0xFFFF, 0xFFFF, 0xFFFF, 0xFFDF, 0xFFFF, 0xFFFF,   // 0x27D0 (10192) pixels
0xFFFF, 0xFFFF, 0xFFFF, 0xFFFF, 0xFFFF, 0xFFFF, 0xFFFF, 0xFFFF, 0xFFFF, 0xFFFF, 0xFFFF, 0xFFFF, 0xFFFF, 0xFFFF, 0xFFFF, 0xFFFF,   // 0x27E0 (10208) pixels
0xFFFF, 0xFFFF, 0xFFFF, 0xFFFF, 0xFFFF, 0xFFFF, 0xFFFF, 0xFFFF, 0xFFFF, 0xFFFF, 0xFFFF, 0xFFFF, 0xFFFF, 0xFFFF, 0xFFFF, 0xFFFF,   // 0x27F0 (10224) pixels
0xFFFF, 0xFFFF, 0xFFFF, 0xFFFF, 0xFFFF, 0xFFFF, 0xFFFF, 0xFFFF, 0xFFFF, 0xFFFF, 0xFFFF, 0xFFFF, 0xFFFF, 0xFFFF, 0xFFFF, 0xFFFF,   // 0x2800 (10240) pixels
0xFFFF, 0xFFFF, 0xFFFF, 0xFFFF, 0xFFFF, 0xFFFF, 0xFFDE, 0xF7FF, 0xFFDF, 0xEFDE, 0xE24B, 0xC905, 0xFEBA, 0xFFFF, 0xFFFF, 0xFFFF,   // 0x2810 (10256) pixels
0xFFFF, 0xFFFF, 0xFFFF, 0xFFFF, 0xFFFF, 0xFFFF, 0xFFFF, 0xFFFF, 0xFFFF, 0xFFFF, 0xFFFF, 0xFFFF, 0xFFFF, 0xFFFF, 0xFFFF, 0xFFFF,   // 0x2820 (10272) pixels
0xEFFE, 0xE2CC, 0xE801, 0xE862, 0xE1E9, 0xFFBD, 0xFFFF, 0xFFFF, 0xFFDF, 0xFFFF, 0xFFDF, 0xFFFF, 0xFFFF, 0xEF1C, 0xFF7E, 0xF679,   // 0x2830 (10288) pixels
0xE20A, 0xE003, 0xE043, 0xE802, 0xD803, 0xE0A6, 0xD9C9, 0xC988, 0xF004, 0xE802, 0xD002, 0xD822, 0xCA29, 0xFFDC, 0xECF2, 0xD000,   // 0x2840 (10304) pixels
0xF0C4, 0xD945, 0xF105, 0xE904, 0xD803, 0xDE17, 0xFFFF, 0xFFFF, 0xFFFF, 0xFFFF, 0xFFDF, 0xFFFF, 0xFFFF, 0xFFFF, 0xFFFF, 0xFFFF,   // 0x2850 (10320) pixels
0xFFBF, 0xFFFE, 0xFFFF, 0xF77E, 0xDAED, 0xD800, 0xEBD0, 0xFE79, 0xFFFE, 0xEFFF, 0xFFFF, 0xFFDF, 0xFFDF, 0xFFFF, 0xFFFF, 0xFFFF,   // 0x2860 (10336) pixels
0xFFFF, 0xFFFF, 0xFFFF, 0xFFFF, 0xFFFF, 0xFFFF, 0xFFFF, 0xFFFF, 0xFFFF, 0xFFFF, 0xFFFF, 0xFFFF, 0xFFFF, 0xFFFF, 0xFFDF, 0xFFFF,   // 0x2870 (10352) pixels
0xEF7E, 0xFFFF, 0xFFFF, 0xF7DF, 0xF7DF, 0xFFFF, 0xFFFF, 0xFFFF, 0xFFFF, 0xFFFF, 0xFFFF, 0xFFFF, 0xFFFF, 0xFFFF, 0xFFDE, 0xFFDE,   // 0x2880 (10368) pixels
0xFFFF, 0xFFFF, 0xFFFF, 0xFFFF, 0xE77F, 0xF7FF, 0xFFFF, 0xFFFF, 0xFFFF, 0xFFFF, 0xFFFF, 0xFFFF, 0xFFFF, 0xFFFF, 0xFFFF, 0xFFFF,   // 0x2890 (10384) pixels
0xFFFF, 0xFFFF, 0xFFFF, 0xEF7E, 0xFFFF, 0xF7DF, 0xFFFF, 0xFFFF, 0xFFFF, 0xFFFF, 0xFFFF, 0xFFFF, 0xFFFF, 0xFFFF, 0xFFFE, 0xFFFF,   // 0x28A0 (10400) pixels
0xFFFF, 0xEF7F, 0xFFFF, 0xFFFF, 0xFFFF, 0xFFFF, 0xFFFF, 0xFFFF, 0xFFFF, 0xFFFF, 0xFFFF, 0xFFFF, 0xFFFF, 0xFFFF, 0xFFFF, 0xFFFF,   // 0x28B0 (10416) pixels
0xFFFF, 0xFFFF, 0xFFFF, 0xFFFF, 0xFFFF, 0xFFFF, 0xFFFF, 0xFFFF, 0xFFFF, 0xFFFF, 0xFFFF, 0xFFFF, 0xFFFF, 0xFFFF, 0xFFFF, 0xC67D,   // 0x28C0 (10432) pixels
0x7415, 0x84B9, 0x7435, 0xD6FE, 0xFFFF, 0xFFDE, 0xFFFF, 0xFFFF, 0xFFFF, 0xFFFF, 0xFFFF, 0xFFFF, 0xFFFF, 0xFFFF, 0xFFFF, 0xFFFF,   // 0x28D0 (10448) pixels
0xFFFF, 0xFFFF, 0xFFFF, 0xFFFF, 0xFFFF, 0xFFFF, 0xFFFF, 0xFFFF, 0xFFFF, 0xFFFF, 0xFFDF, 0xFFFF, 0xCEBE, 0x7C36, 0x7498, 0x7456,   // 0x28E0 (10464) pixels
0xC67C, 0xFFFF, 0xFFDE, 0xFFDF, 0xFFFF, 0xFFFF, 0xFFFF, 0xFFFF, 0xFFFF, 0xFFFF, 0xFFFF, 0xFFFF, 0xFFFF, 0xFFFF, 0xFFDF, 0xFFFF,   // 0x28F0 (10480) pixels
0xFFFF, 0xFFFF, 0xFFFF, 0xFFFF, 0xFFFF, 0xF7BE, 0xFFFF, 0xFFFF, 0xEFDF, 0xF7FF, 0xE79F, 0x8495, 0x8477, 0x7418, 0xC67A, 0xFFFF,   // 0x2900 (10496) pixels
0xFFFF, 0xFFFF, 0xFFFF, 0xFFFF, 0xFFFF, 0xFFFF, 0xFFFF, 0xFFFF, 0xFFFF, 0xFFFF, 0xFFFF, 0xFFFF, 0xFFFF, 0xFFFF, 0xFFFF, 0xFFFF,   // 0x2910 (10512) pixels
0xFFFF, 0xFFFF, 0xFFFF, 0xFFFF, 0xFFFF, 0xFFFF, 0xFFFF, 0xFFFF, 0xFFFF, 0xFFFF, 0xFFFF, 0xFFFF, 0xFFFF, 0xFFFF, 0xFFFF, 0xFFFF,   // 0x2920 (10528) pixels
0xFFFF, 0xFFFF, 0xFFFF, 0xFFFF, 0xFFFF, 0xFFFF, 0xFFFF, 0xFFFF, 0xFFFF, 0xFFFF, 0xFFFF, 0xFFFF, 0xFFFF, 0xFFFF, 0xFFFF, 0xFFFF,   // 0x2930 (10544) pixels
0xFFFF, 0xFFFF, 0xFFFF, 0xFFFF, 0xFFFF, 0xFFFF, 0xFFFF, 0xFFFF, 0xFFFF, 0xFFFF, 0xFFFF, 0xFFFF, 0xFFFF, 0xF7BE, 0xF7FF, 0xEC72,   // 0x2940 (10560) pixels
0xD800, 0xF5B6, 0xFFFF, 0xFFFE, 0xFFFF, 0xFFFF, 0xFFFF, 0xFFFF, 0xFFFF, 0xFFFF, 0xFFFF, 0xFFFF, 0xFFFF, 0xFFFF, 0xFFFF, 0xFFFF,   // 0x2950 (10576) pixels
0xFFFF, 0xFFFF, 0xFFFF, 0xFFFF, 0xFFFF, 0xFFDF, 0xEFBC, 0xE1A8, 0xE862, 0xE022, 0xE32D, 0xFFFF, 0xFFFF, 0xFFFF, 0xFFDF, 0xFFFF,   // 0x2960 (10592) pixels
0xFFDF, 0xFFDF, 0xFFFF, 0xFFDF, 0xE7FF, 0xFFFE, 0xF36E, 0xD842, 0xE0A2, 0xD083, 0xD2EC, 0xFEDA, 0xFFFD, 0xE7FC, 0xED54, 0xE209,   // 0x2970 (10608) pixels
0xE001, 0xF884, 0xD842, 0xE1A7, 0xEF99, 0xDB0B, 0xE002, 0xE105, 0xE0C4, 0xE164, 0xE002, 0xDC30, 0xFFFF, 0xFFFF, 0xFFFF, 0xFFFF,   // 0x2980 (10624) pixels
0xFFDF, 0xFFDE, 0xFFFF, 0xF7FF, 0xF7FF, 0xFFBF, 0xFFDF, 0xFFFF, 0xF7FE, 0xE24A, 0xC801, 0xE2EA, 0xFF3B, 0xFFFE, 0xFFFF, 0xF7FF,   // 0x2990 (10640) pixels
0xFFDF, 0xFFDF, 0xFFFF, 0xFFFF, 0xFFFF, 0xFFFF, 0xFFFF, 0xFFFF, 0xFFFF, 0xFFFF, 0xFFFF, 0xFFFF, 0xFFFF, 0xFFFF, 0xFFFF, 0xFFFF,   // 0x29A0 (10656) pixels
0xFFFF, 0xFFFF, 0xFFFF, 0xFFFF, 0xFFFF, 0xFFFF, 0xFFFF, 0xFFFF, 0xF7BE, 0xFFFF, 0xFFFE, 0xFFFF, 0xFFFF, 0xFFFF, 0xFFFF, 0xFFFF,   // 0x29B0 (10672) pixels
0xFFFF, 0xFFFF, 0xFFFF, 0xFFFF, 0xFFFF, 0xFFFF, 0xFFFF, 0xFFFF, 0xF7BE, 0xFFFF, 0xFFFF, 0xF7DF, 0xFFFF, 0xFFFF, 0xFFFF, 0xFFFF,   // 0x29C0 (10688) pixels
0xFFFF, 0xFFFF, 0xFFFF, 0xFFFF, 0xFFFE, 0xF7DE, 0xFFFF, 0xF7DF, 0xFFFF, 0xFFFF, 0xFFFF, 0xF7DF, 0xFFFF, 0xFFFF, 0xFFFF, 0xFFFF,   // 0x29D0 (10704) pixels
0xFFFF, 0xFFFF, 0xFFFF, 0xFFFF, 0xFFFF, 0xF7DE, 0xFFFF, 0xFFFF, 0xFFFF, 0xEF9E, 0xFFFF, 0xFFFF, 0xFFFF, 0xFFFF, 0xFFFF, 0xFFFF,   // 0x29E0 (10720) pixels
0xFFFF, 0xFFFF, 0xFFFF, 0xFFFF, 0xFFFF, 0xFFFF, 0xFFFF, 0xFFFF, 0xFFFF, 0xFFFF, 0xFFFF, 0xFFFF, 0xFFFF, 0xFFFF, 0xFFFF, 0xFFFF,   // 0x29F0 (10736) pixels
0xFFFF, 0xFFFF, 0xFFFF, 0xFFFF, 0xF7FF, 0xFFFF, 0xEFBF, 0xF7FF, 0xEFBF, 0xFFFF, 0xFFFF, 0xFFFE, 0xFFFF, 0xFFFF, 0xFFFF, 0xFFFF,   // 0x2A00 (10752) pixels
0xFFFF, 0xFFFF, 0xFFFF, 0xFFFF, 0xFFFF, 0xFFFF, 0xFFFF, 0xFFFF, 0xFFFF, 0xFFFF, 0xFFFF, 0xFFFF, 0xFFFF, 0xFFDF, 0xFFDF, 0xFFFF,   // 0x2A10 (10768) pixels
0xFFDF, 0xFFFF, 0xFFFF, 0xEFBF, 0xF7FF, 0xF7FF, 0xFFFF, 0xFFFF, 0xFFFF, 0xFFFF, 0xFFFF, 0xFFFF, 0xFFFF, 0xFFFF, 0xFFFF, 0xFFFF,   // 0x2A20 (10784) pixels
0xFFFF, 0xFFFF, 0xFFFF, 0xFFFF, 0xFFFF, 0xFFFF, 0xFFFF, 0xFFFF, 0xFFDF, 0xFFFF, 0xFFFF, 0xFFFF, 0xFFDE, 0xFFFE, 0xFFFF, 0xFFDE,   // 0x2A30 (10800) pixels
0xFFFF, 0xFFDF, 0xFFFF, 0xFFFF, 0xF7DF, 0xFFFF, 0xFFFF, 0xFFFF, 0xFFFF, 0xFFFF, 0xFFFF, 0xFFFF, 0xFFFF, 0xFFFF, 0xFFFF, 0xFFFF,   // 0x2A40 (10816) pixels
0xFFFF, 0xFFFF, 0xFFFF, 0xFFFF, 0xFFFF, 0xFFFF, 0xFFFF, 0xFFFF, 0xFFFF, 0xFFFF, 0xFFFF, 0xFFFF, 0xFFFF, 0xFFFF, 0xFFFF, 0xFFFF,   // 0x2A50 (10832) pixels
0xFFFF, 0xFFFF, 0xFFFF, 0xFFFF, 0xFFFF, 0xFFFF, 0xFFFF, 0xFFFF, 0xFFFF, 0xFFFF, 0xFFFF, 0xFFFF, 0xFFFF, 0xFFFF, 0xFFFF, 0xFFFF,   // 0x2A60 (10848) pixels
0xFFFF, 0xFFFF, 0xFFFF, 0xFFFF, 0xFFFF, 0xFFFF, 0xFFFF, 0xFFFF, 0xFFFF, 0xFFFF, 0xFFFF, 0xFFFF, 0xFFFF, 0xFFFF, 0xFFFF, 0xFFFF,   // 0x2A70 (10864) pixels
0xFFFF, 0xFFFF, 0xFFFF, 0xFFFF, 0xEEBA, 0xE002, 0xFBCD, 0xFFFF, 0xFFBF, 0xF7FE, 0xFFFF, 0xFFFF, 0xFFFF, 0xFFFF, 0xFFFF, 0xFFFF,   // 0x2A80 (10880) pixels
0xFFFF, 0xFFFF, 0xFFFF, 0xFFFF, 0xFFFF, 0xFFFF, 0xFFFF, 0xFFFF, 0xFFFF, 0xFFFF, 0xFFFF, 0xFFDF, 0xF6FA, 0xE0A5, 0xE8E3, 0xE022,   // 0x2A90 (10896) pixels
0xEC71, 0xFFFF, 0xFFFF, 0xFFFF, 0xFFFF, 0xFFFF, 0xFFFF, 0xFFDF, 0xFFFF, 0xFFFF, 0xFFDF, 0xFFFE, 0xF2AB, 0xE041, 0xF0E3, 0xD063,   // 0x2AA0 (10912) pixels
0xDC92, 0xFFFF, 0xFFFF, 0xFFFF, 0xFFFE, 0xF77A, 0xDA69, 0xE842, 0xE104, 0xE001, 0xD44F, 0xEFDA, 0xE149, 0xE825, 0xE124, 0xD902,   // 0x2AB0 (10928) pixels
0xE843, 0xEA8C, 0xFFFF, 0xFFFF, 0xFFFF, 0xFFFF, 0xFFFF, 0xFFFF, 0xFFFF, 0xFFFF, 0xEFFE, 0xFFFF, 0xF7FF, 0xEF5D, 0xE9E8, 0xD800,   // 0x2AC0 (10944) pixels
0xDAA9, 0xFF7D, 0xF7FF, 0xF7FF, 0xF7FF, 0xF7DF, 0xFFFF, 0xFFFF, 0xFFFF, 0xFFDE, 0xFFFF, 0xFFFF, 0xFFFF, 0xFFFF, 0xFFFF, 0xFFFF,   // 0x2AD0 (10960) pixels
0xFFFF, 0xFFFF, 0xFFFF, 0xFFFF, 0xFFFF, 0xFFFF, 0xFFFF, 0xFFFF, 0xFFFF, 0xFFFF, 0xFFFF, 0xF7BF, 0xFFFF, 0xFFFF, 0xFFDF, 0xFFFF,   // 0x2AE0 (10976) pixels
0xFFFF, 0xFFFF, 0xFFFF, 0xFFFF, 0xFFFF, 0xFFFF, 0xFFFF, 0xFFFF, 0xFFFF, 0xFFFF, 0xFFDF, 0xFFFF, 0xFFDF, 0xFFFF, 0xFFFF, 0xFFFF,   // 0x2AF0 (10992) pixels
0xFFFF, 0xF7FE, 0xFFFF, 0xFFFF, 0xFFFF, 0xFFFF, 0xFFFF, 0xFFFF, 0xFFFF, 0xFFFF, 0xFFFF, 0xFFDE, 0xFFFF, 0xFFFF, 0xFFFF, 0xFFFF,   // 0x2B00 (11008) pixels
0xF7BF, 0xFFFF, 0xFFFF, 0xFFFF, 0xFFFF, 0xFFFF, 0xFFFF, 0xFFFF, 0xFFFF, 0xFFFF, 0xFFFF, 0xFFFF, 0xFFFF, 0xFFDF, 0xF7DE, 0xFFFF,   // 0x2B10 (11024) pixels
0xFFFF, 0xFFFF, 0xFFFF, 0xFFFF, 0xFFFF, 0xFFFF, 0xFFFF, 0xFFFF, 0xFFFF, 0xFFFF, 0xFFFF, 0xFFFF, 0xFFFF, 0xFFFF, 0xFFFF, 0xFFFF,   // 0x2B20 (11040) pixels
0xFFFF, 0xFFFF, 0xFFFF, 0xFFFF, 0xFFFF, 0xFFFF, 0xFFFF, 0xFFFF, 0xFFFF, 0xFFFF, 0xF7DD, 0xFFFF, 0xFFFF, 0xFFFF, 0xFFFF, 0xFFDE,   // 0x2B30 (11056) pixels
0xFFDE, 0xFFDF, 0xFFFF, 0xFFFF, 0xFFFF, 0xFFFF, 0xFFFF, 0xFFFF, 0xFFFF, 0xFFFF, 0xFFFF, 0xFFFF, 0xFFFF, 0xFFFF, 0xFFFF, 0xFFFF,   // 0x2B40 (11072) pixels
0xFFFF, 0xFFFF, 0xFFFF, 0xFFFF, 0xFFFF, 0xFFFF, 0xFFFF, 0xFFFF, 0xFFFF, 0xFFFF, 0xFFFE, 0xFFFE, 0xFFFE, 0xFFBE, 0xFFDF, 0xFFFF,   // 0x2B50 (11088) pixels
0xFFFF, 0xFFFF, 0xFFFF, 0xFFFF, 0xFFFF, 0xFFFF, 0xFFFF, 0xFFFF, 0xFFFF, 0xFFFF, 0xFFFF, 0xFFFF, 0xFFFF, 0xFFFF, 0xFFFF, 0xFFDF,   // 0x2B60 (11104) pixels
0xFFFF, 0xFFFF, 0xFFFF, 0xFFDF, 0xFFFF, 0xFFBF, 0xFFFF, 0xFFFF, 0xFFFF, 0xFFDF, 0xFFFF, 0xFFFF, 0xFFFF, 0xFFFF, 0xFFFF, 0xFFDF,   // 0x2B70 (11120) pixels
0xFFFF, 0xFFFF, 0xFFFF, 0xFFFF, 0xFFFF, 0xFFFF, 0xFFFF, 0xFFFF, 0xFFFF, 0xFFFF, 0xFFFF, 0xFFFF, 0xFFFF, 0xFFFF, 0xFFFF, 0xFFFF,   // 0x2B80 (11136) pixels
0xFFFF, 0xFFFF, 0xFFFF, 0xFFFF, 0xFFFF, 0xFFFF, 0xFFFF, 0xFFFF, 0xFFFF, 0xFFFF, 0xFFFF, 0xFFFF, 0xFFFF, 0xFFFF, 0xFFFF, 0xFFFF,   // 0x2B90 (11152) pixels
0xFFFF, 0xFFFF, 0xFFFF, 0xFFFF, 0xFFFF, 0xFFFF, 0xFFFF, 0xFFFF, 0xFFFF, 0xFFFF, 0xFFFF, 0xFFFF, 0xFFFF, 0xFFFF, 0xFFFF, 0xFFFF,   // 0x2BA0 (11168) pixels
0xFFFF, 0xFFFF, 0xFFFF, 0xFFFF, 0xFFFF, 0xFFFF, 0xFFFF, 0xFFFF, 0xFFBE, 0xFFFF, 0xDA0A, 0xE064, 0xFFFC, 0xFFFF, 0xFFFF, 0xFFFF,   // 0x2BB0 (11184) pixels
0xFFFF, 0xFFFF, 0xFFFF, 0xFFFF, 0xFFFF, 0xFFFF, 0xFFFF, 0xFFFF, 0xFFFF, 0xFFFF, 0xFFFF, 0xFFFF, 0xFFFF, 0xFFFF, 0xFFFF, 0xFFFF,   // 0x2BC0 (11200) pixels
0xFFFF, 0xFFFF, 0xF5D5, 0xE023, 0xE904, 0xD863, 0xEDB6, 0xFFDF, 0xFFFF, 0xFFFF, 0xFFFF, 0xFFFF, 0xFFFF, 0xFFFF, 0xFFDF, 0xFFFF,   // 0x2BD0 (11216) pixels
0xFFDF, 0xF75B, 0xD946, 0xE081, 0xF0E3, 0xE064, 0xF5F8, 0xFF9F, 0xFFBF, 0xFFBF, 0xF7BF, 0xF7FE, 0xF574, 0xD802, 0xF084, 0xE105,   // 0x2BE0 (11232) pixels
0xC864, 0xF7BC, 0xF5D7, 0xE025, 0xF105, 0xD142, 0xE842, 0xF1C8, 0xFFFF, 0xFFFF, 0xFFDF, 0xFFFF, 0xFFFF, 0xFFFF, 0xFFFF, 0xF7FE,   // 0x2BF0 (11248) pixels
0xFFFE, 0xFFFF, 0xF71C, 0xE147, 0xE000, 0xE32B, 0xEFFD, 0xFFDF, 0xFFFF, 0xFFDF, 0xFFDF, 0xFFFF, 0xFFFF, 0xFFFF, 0xFFFF, 0xFFBF,   // 0x2C00 (11264) pixels
0xFFFF, 0xFFFF, 0xFFFF, 0xFFFF, 0xFFFF, 0xFFFF, 0xFFFF, 0xFFFF, 0xFFFF, 0xFFFF, 0xFFFF, 0xFFFF, 0xFFFF, 0xFFFF, 0xFFFF, 0xFFFF,   // 0x2C10 (11280) pixels
0xFFFF, 0xFFFF, 0xFFFF, 0xFFFF, 0xFFFE, 0xFFFF, 0xF7DE, 0xFFFF, 0xFFFF, 0xFFFF, 0xFFFF, 0xFFFF, 0xFFFF, 0xFFFF, 0xFFFF, 0xFFFF,   // 0x2C20 (11296) pixels
0xFFDF, 0xFFFF, 0xFFFF, 0xFFDE, 0xFFFF, 0xFFFE, 0xF7DE, 0xFFFE, 0xFFFF, 0xFFFF, 0xFFFF, 0xFFFF, 0xFFFF, 0xFFFF, 0xFFFF, 0xFFFF,   // 0x2C30 (11312) pixels
0xFFFF, 0xFFDE, 0xF7DE, 0xFFFF, 0xFFFF, 0xFFFF, 0xF7DE, 0xFFFF, 0xFFFF, 0xFFFF, 0xFFFF, 0xFFFF, 0xFFFF, 0xFFFF, 0xFFFF, 0xFFFF,   // 0x2C40 (11328) pixels
0xF7DF, 0xFFDF, 0xFFFF, 0xFFFF, 0xFFFF, 0xFFFF, 0xFFFF, 0xF7DF, 0xFFFF, 0xFFFF, 0xFFFF, 0xFFFF, 0xFFFF, 0xFFFF, 0xFFFF, 0xFFFF,   // 0x2C50 (11344) pixels
0xFFFF, 0xFFFF, 0xFFFF, 0xFFFF, 0xFFFF, 0xFFFF, 0xFFFF, 0xFFFF, 0xFFFF, 0xFFFF, 0xFFFF, 0xFFFF, 0xFFFF, 0xFFFF, 0xFFFF, 0xFFFF,   // 0x2C60 (11360) pixels
0xFFFF, 0xFFFF, 0xFFFE, 0xFFDE, 0xFFFF, 0xFFDF, 0xFFFF, 0xFFFF, 0xFFFF, 0xFFFF, 0xFFFF, 0xFFFF, 0xFFFF, 0xFFFF, 0xFFFF, 0xFFFF,   // 0x2C70 (11376) pixels
0xFFFF, 0xFFFF, 0xFFFF, 0xFFFF, 0xFFFF, 0xFFFF, 0xFFFF, 0xFFFF, 0xFFFF, 0xFFFF, 0xFFFF, 0xFFFF, 0xFFFF, 0xFFFF, 0xFFDE, 0xFFFE,   // 0x2C80 (11392) pixels
0xFFFE, 0xFFFF, 0xFFFF, 0xFFFF, 0xFFFF, 0xFFFF, 0xFFFF, 0xF7FF, 0xFFFF, 0xFFFF, 0xFFFF, 0xFFFF, 0xFFFF, 0xFFFF, 0xFFFF, 0xFFFF,   // 0x2C90 (11408) pixels
0xFFFF, 0xFFDF, 0xFFDF, 0xFFFF, 0xFFFF, 0xFFFF, 0xFFFF, 0xFFFF, 0xFFFF, 0xFFDF, 0xFFDF, 0xFFFF, 0xFFFF, 0xFFDF, 0xFFFF, 0xFFFF,   // 0x2CA0 (11424) pixels
0xFFFF, 0xFFDF, 0xFFFF, 0xFFFF, 0xFFFF, 0xFFFF, 0xFFDF, 0xFFFF, 0xFFFF, 0xFFFF, 0xFFFF, 0xFFFF, 0xFFFF, 0xFFFF, 0xFFFF, 0xFFFF,   // 0x2CB0 (11440) pixels
0xFFFF, 0xFFFF, 0xFFFF, 0xFFFF, 0xFFFF, 0xFFFF, 0xFFFF, 0xFFFF, 0xFFFF, 0xFFFF, 0xFFFF, 0xFFFF, 0xFFFF, 0xFFFF, 0xFFFF, 0xFFFF,   // 0x2CC0 (11456) pixels
0xFFFF, 0xFFFF, 0xFFFF, 0xFFFF, 0xFFFF, 0xFFFF, 0xFFFF, 0xFFFF, 0xFFFF, 0xFFFF, 0xFFFF, 0xFFFF, 0xFFFF, 0xFFFF, 0xFFFF, 0xFFFF,   // 0x2CD0 (11472) pixels
0xFFFF, 0xFFFF, 0xFFFF, 0xFFFF, 0xFFFF, 0xFFFF, 0xFFFF, 0xFFFF, 0xFFFF, 0xFFFF, 0xFFFF, 0xFFFF, 0xFFFF, 0xFFFF, 0xFFFE, 0xED96,   // 0x2CE0 (11488) pixels
0xD802, 0xFD53, 0xF7FF, 0xF7FF, 0xFFFE, 0xFFDF, 0xFFFF, 0xFFFF, 0xFFFF, 0xFFFF, 0xFFFF, 0xFFFF, 0xFFFF, 0xFFFF, 0xFFFF, 0xFFFF,   // 0x2CF0 (11504) pixels
0xFFFF, 0xFFFF, 0xFFFF, 0xFFFF, 0xFFFF, 0xFFFF, 0xFFFF, 0xFFFE, 0xEC50, 0xE002, 0xE8C3, 0xD906, 0xF6B9, 0xFFFF, 0xFFFF, 0xFFFF,   // 0x2D00 (11520) pixels
0xFFFF, 0xFFFF, 0xFFFF, 0xFFFF, 0xFFFF, 0xFFFF, 0xFFDF, 0xEDF7, 0xD884, 0xF0E4, 0xE062, 0xD947, 0xF7BD, 0xFFFF, 0xFFBF, 0xE7FF,   // 0x2D10 (11536) pixels
0xF7FF, 0xEFDE, 0xFE99, 0xD126, 0xE8C5, 0xD125, 0xE802, 0xFD97, 0xEFFF, 0xDA6C, 0xE822, 0xE103, 0xE062, 0xE9C7, 0xFFBF, 0xFFFF,   // 0x2D20 (11552) pixels
0xFFFF, 0xFFFF, 0xFFFF, 0xF7BE, 0xFFFF, 0xFFDF, 0xFF9F, 0xE574, 0xD883, 0xE822, 0xEBAF, 0xF7FE, 0xFFFF, 0xFFDF, 0xFFDF, 0xFFBF,   // 0x2D30 (11568) pixels
0xFFDF, 0xFFFF, 0xFFFF, 0xF7FF, 0xFFFF, 0xFFDF, 0xFFFF, 0xFFFF, 0xFFFF, 0xFFFF, 0xFFFF, 0xFFFF, 0xFFFF, 0xFFFF, 0xFFFF, 0xFFFF,   // 0x2D40 (11584) pixels
0xFFFF, 0xFFFF, 0xFFFF, 0xFFFF, 0xFFFF, 0xFFFF, 0xFFFF, 0xFFFF, 0xFFDE, 0xFFFF, 0xFFFF, 0xFFFF, 0xFFFF, 0xFFDF, 0xFFFF, 0xFFFF,   // 0x2D50 (11600) pixels
0xFFFF, 0xFFFF, 0xFFFF, 0xFFFF, 0xFFFF, 0xFFFF, 0xFFFF, 0xFFFF, 0xFFFF, 0xFFFF, 0xFFFF, 0xFFFF, 0xFFFF, 0xFFFF, 0xFFFF, 0xFFFF,   // 0x2D60 (11616) pixels
0xFFFF, 0xFFFF, 0xFFFF, 0xFFFF, 0xFFFF, 0xFFFF, 0xFFFF, 0xFFFF, 0xFFFF, 0xFFFF, 0xFFFF, 0xFFDF, 0xFFFF, 0xFFFF, 0xFFFF, 0xFFFF,   // 0x2D70 (11632) pixels
0xFFFF, 0xFFFF, 0xFFFF, 0xFFFF, 0xFFFF, 0xFFFF, 0xFFFF, 0xFFFF, 0xFFFF, 0xFFFF, 0xFFDE, 0xFFFF, 0xFFFF, 0xFFFF, 0xFFFF, 0xFFFF,   // 0x2D80 (11648) pixels
0xFFFF, 0xFFFF, 0xFFFF, 0xFFFF, 0xFFFF, 0xFFFF, 0xFFFF, 0xFFFF, 0xFFFF, 0xFFFF, 0xFFFF, 0xFFFF, 0xFFFF, 0xFFFF, 0xFFFF, 0xFFFF,   // 0x2D90 (11664) pixels
0xFFFF, 0xFFFF, 0xFFFF, 0xFFFF, 0xFFFF, 0xFFFF, 0xFFFF, 0xFFFF, 0xFFFF, 0xFFFF, 0xFFFF, 0xFFDF, 0xFFFF, 0xFFFF, 0xFFFF, 0xFFFF,   // 0x2DA0 (11680) pixels
0xFFFF, 0xFFFF, 0xFFFF, 0xFFFF, 0xFFFF, 0xFFFF, 0xFFFF, 0xFFFF, 0xFFFF, 0xFFFF, 0xFFFF, 0xFFFF, 0xFFFF, 0xFFFF, 0xFFBF, 0xFFFF,   // 0x2DB0 (11696) pixels
0xFFFF, 0xF7FF, 0xFFFF, 0xFFFF, 0xFFFF, 0xFFFE, 0xFFDF, 0xFFDF, 0xFFFF, 0xFFFF, 0xFFFF, 0xFFDF, 0xFFFF, 0xFFFF, 0xFFFF, 0xFFFF,   // 0x2DC0 (11712) pixels
0xFFFF, 0xFFFF, 0xFFFF, 0xFFFF, 0xFFFF, 0xFFFF, 0xFFFF, 0xFFFF, 0xFFDF, 0xFFDF, 0xFFFF, 0xFFFF, 0xFFFF, 0xFFFF, 0xFFFF, 0xFFFF,   // 0x2DD0 (11728) pixels
0xFFFF, 0xFFFF, 0xFFFF, 0xF7FE, 0xFFFF, 0xFFFE, 0xFFFF, 0xFFFF, 0xFFFF, 0xFFFF, 0xFFFF, 0xFFFF, 0xFFFF, 0xFFFF, 0xFFFF, 0xFFFF,   // 0x2DE0 (11744) pixels
0xFFFF, 0xFFFF, 0xFFFF, 0xFFFF, 0xFFFF, 0xFFFF, 0xFFFF, 0xFFFF, 0xFFFF, 0xFFFF, 0xFFFF, 0xFFFF, 0xFFFF, 0xFFFF, 0xFFFF, 0xFFFF,   // 0x2DF0 (11760) pixels
0xFFFF, 0xFFFF, 0xFFFF, 0xFFFF, 0xFFFF, 0xFFFF, 0xFFFF, 0xFFFF, 0xFFFF, 0xFFFF, 0xFFFF, 0xFFFF, 0xFFFF, 0xFFFF, 0xFFFF, 0xFFFF,   // 0x2E00 (11776) pixels
0xFFFF, 0xFFFF, 0xFFFF, 0xFFFF, 0xFFFF, 0xFFFF, 0xFFFF, 0xFFFF, 0xFFFF, 0xFFFF, 0xFFFF, 0xFFFF, 0xFFFF, 0xFFFF, 0xFFFF, 0xFFFF,   // 0x2E10 (11792) pixels
0xFFFF, 0xFFFF, 0xFFFF, 0xFFFF, 0xFFFD, 0xE1C9, 0xD906, 0xF7BC, 0xFFDF, 0xF7FF, 0xFFFF, 0xFFBE, 0xFFFF, 0xFFFF, 0xFFFF, 0xFFFF,   // 0x2E20 (11808) pixels
0xFFFF, 0xFFFF, 0xFFFF, 0xFFFF, 0xFFFF, 0xFFFF, 0xFFFF, 0xFFFF, 0xFFFF, 0xFFFF, 0xFFFF, 0xFFFF, 0xFFFF, 0xFFFE, 0xE2EB, 0xE801,   // 0x2E30 (11824) pixels
0xE883, 0xD9C8, 0xF77C, 0xFFFF, 0xFFFF, 0xFFDF, 0xFFFF, 0xFFFF, 0xFFFF, 0xFFFF, 0xFFFF, 0xFFFF, 0xF7FF, 0xEC93, 0xC823, 0xF0E4,   // 0x2E40 (11840) pixels
0xE002, 0xEAED, 0xFFFF, 0xFFFF, 0xFFFF, 0xF79F, 0xFFBF, 0xF7FF, 0xFEDA, 0xD8E6, 0xE864, 0xE8A4, 0xE863, 0xF5B7, 0xF7FF, 0xECF4,   // 0x2E50 (11856) pixels
0xD801, 0xF0C3, 0xD883, 0xE1E7, 0xFFDF, 0xFFFF, 0xFFFF, 0xFFFF, 0xF7FE, 0xFFFF, 0xFFBF, 0xFEFD, 0xE492, 0xC882, 0xD000, 0xF431,   // 0x2E60 (11872) pixels
0xF7FF, 0xFFFF, 0xFFDF, 0xFFDF, 0xFFDF, 0xFFDF, 0xFFFF, 0xFFFF, 0xFFDF, 0xFFDF, 0xFFFF, 0xFFFF, 0xFFFF, 0xFFFF, 0xFFFF, 0xFFFF,   // 0x2E70 (11888) pixels
0xFFFF, 0xFFFF, 0xFFFF, 0xFFFF, 0xFFFF, 0xFFFF, 0xFFFF, 0xFFFF, 0xFFFF, 0xFFFF, 0xFFFF, 0xFFFF, 0xFFDF, 0xFFFF, 0xFFFF, 0xFFFF,   // 0x2E80 (11904) pixels
0xFFDF, 0xFFDF, 0xFFFF, 0xFFDF, 0xFFFF, 0xFFFF, 0xFFFF, 0xFFFF, 0xFFFF, 0xFFFF, 0xFFFF, 0xFFFF, 0xFFFF, 0xF7DE, 0xFFFF, 0xFFFF,   // 0x2E90 (11920) pixels
0xFFFF, 0xFFDF, 0xFFFF, 0xFFFF, 0xFFFF, 0xFFFF, 0xFFFF, 0xFFFF, 0xFFFF, 0xFFFF, 0xFFFF, 0xFFFF, 0xFFFF, 0xFFDF, 0xFFFF, 0xFFFF,   // 0x2EA0 (11936) pixels
0xFFFF, 0xFFFF, 0xFFFF, 0xFFDF, 0xFFFF, 0xFFFF, 0xFFFF, 0xFFFF, 0xFFFF, 0xFFFF, 0xFFFF, 0xFFFF, 0xFFFF, 0xFFFF, 0xFFFF, 0xFFDF,   // 0x2EB0 (11952) pixels
0xFFFF, 0xFFFF, 0xFFFF, 0xF7BE, 0xFFFF, 0xFFFF, 0xFFFF, 0xFFFF, 0xFFFF, 0xFFFF, 0xFFFF, 0xFFFF, 0xFFFF, 0xFFFF, 0xFFFF, 0xFFFF,   // 0x2EC0 (11968) pixels
0xFFFF, 0xFFFF, 0xFFFF, 0xFFFF, 0xFFFF, 0xFFFF, 0xFFFF, 0xFFFF, 0xFFFF, 0xFFFF, 0xFFFF, 0xFFFF, 0xFFFF, 0xFFFF, 0xFFFF, 0xFFFF,   // 0x2ED0 (11984) pixels
0xFFDF, 0xFFFF, 0xFFFF, 0xFFFE, 0xFFFF, 0xFFFF, 0xFFFF, 0xFFFF, 0xFFFF, 0xFFFF, 0xFFFF, 0xFFFF, 0xFFFF, 0xFFFF, 0xFFFF, 0xFFFF,   // 0x2EE0 (12000) pixels
0xFFFF, 0xFFFF, 0xFFFF, 0xFFFF, 0xFFFF, 0xFFFF, 0xFFFF, 0xFFFF, 0xFFFF, 0xFFFF, 0xFFFF, 0xFFFF, 0xFFFF, 0xFFFF, 0xFFFF, 0xFFFF,   // 0x2EF0 (12016) pixels
0xFFFF, 0xFFFF, 0xFFFF, 0xFFFF, 0xFFFF, 0xFFFF, 0xFFFF, 0xFFFF, 0xFFFF, 0xFFFF, 0xFFFF, 0xFFFF, 0xFFFF, 0xFFFF, 0xFFFF, 0xFFDF,   // 0x2F00 (12032) pixels
0xFFFF, 0xFFFF, 0xFFFF, 0xFFFF, 0xFFFF, 0xFFFF, 0xFFFF, 0xFFFF, 0xFFFF, 0xFFFF, 0xFFFF, 0xFFFF, 0xFFFF, 0xFFFF, 0xFFFF, 0xFFFF,   // 0x2F10 (12048) pixels
0xFFFF, 0xFFFF, 0xFFFF, 0xFFFF, 0xFFFF, 0xFFFF, 0xFFFF, 0xFFFF, 0xFFFF, 0xFFFF, 0xFFFF, 0xFFFF, 0xFFFF, 0xFFFF, 0xFFFF, 0xFFFF,   // 0x2F20 (12064) pixels
0xFFFF, 0xFFFF, 0xFFFF, 0xFFFF, 0xFFFF, 0xFFFF, 0xFFFF, 0xFFFF, 0xFFFF, 0xFFFF, 0xFFFF, 0xFFFF, 0xFFFF, 0xFFFF, 0xFFFF, 0xFFFF,   // 0x2F30 (12080) pixels
0xFFFF, 0xFFFF, 0xFFFF, 0xFFFF, 0xFFFF, 0xFFFF, 0xFFFF, 0xFFFF, 0xFFFF, 0xFFFF, 0xFFFF, 0xFFFF, 0xFFFF, 0xFFFF, 0xFFFF, 0xFFFF,   // 0x2F40 (12096) pixels
0xFFFF, 0xFFFF, 0xFFFF, 0xFFFF, 0xFFFF, 0xFFFF, 0xFFFF, 0xFFFF, 0xFFFF, 0xFFFF, 0xEEB8, 0xE803, 0xE3AE, 0xFFFF, 0xF7FF, 0xFFBF,   // 0x2F50 (12112) pixels
0xFFDF, 0xFFFE, 0xFFFF, 0xFFFF, 0xFFFF, 0xFFFF, 0xFFFF, 0xFFFF, 0xFFFF, 0xFFFF, 0xFFFF, 0xFFFF, 0xFFFF, 0xFFFF, 0xFFFF, 0xFFFF,   // 0x2F60 (12128) pixels
0xFFFF, 0xFFFF, 0xFFBF, 0xF7FE, 0xDA08, 0xE842, 0xE863, 0xE26B, 0xFFDD, 0xFFFF, 0xFFFF, 0xF7BE, 0xFFFF, 0xFFFF, 0xFFFF, 0xFFFF,   // 0x2F70 (12144) pixels
0xF7FF, 0xFFFF, 0xFFFD, 0xFB4F, 0xD043, 0xF0E5, 0xD823, 0xE471, 0xF7FE, 0xFFFF, 0xF7FD, 0xFFDF, 0xFF9F, 0xF7FF, 0xFE99, 0xE105,   // 0x2F80 (12160) pixels
0xF0C3, 0xE8A2, 0xE0E3, 0xE6FA, 0xFFFF, 0xF555, 0xE083, 0xE103, 0xE063, 0xEA89, 0xFFFF, 0xFFFF, 0xF7FF, 0xFFFF, 0xFFFF, 0xFFDF,   // 0x2F90 (12176) pixels
0xFE9B, 0xB36F, 0xE800, 0xD125, 0xFDF8, 0xFFFF, 0xFFDF, 0xFFFF, 0xEFBE, 0xFFFF, 0xFFFF, 0xFFFF, 0xFFFF, 0xFFFF, 0xFFFF, 0xFFFF,   // 0x2FA0 (12192) pixels
0xFFFF, 0xEFFF, 0xFFFF, 0xFFFF, 0xFFFF, 0xFFFF, 0xFFFF, 0xFFFF, 0xFFFF, 0xFFFF, 0xFFFF, 0xFFFF, 0xFFFF, 0xFFFF, 0xFFFF, 0xFFFF,   // 0x2FB0 (12208) pixels
0xFFFF, 0xFFFF, 0xFFFF, 0xFFFF, 0xFFFF, 0xFFDF, 0xFFFF, 0xFFFF, 0xFFDF, 0xFFFF, 0xFFFF, 0xFFFF, 0xFFFF, 0xFFFF, 0xFFFF, 0xFFFF,   // 0x2FC0 (12224) pixels
0xFFFF, 0xFFFF, 0xFFFF, 0xFFFF, 0xFFDF, 0xFFFF, 0xFFFF, 0xFFBF, 0xFFFF, 0xFFDF, 0xFFFF, 0xFFFF, 0xFFFF, 0xFFFF, 0xFFFF, 0xFFFF,   // 0x2FD0 (12240) pixels
0xFFFF, 0xFFFF, 0xFFFF, 0xFFBF, 0xFFFF, 0xFFDF, 0xFFFF, 0xFFFF, 0xFFFF, 0xFFFF, 0xFFFF, 0xFFFF, 0xFFFF, 0xFFFF, 0xFFFF, 0xFFFF,   // 0x2FE0 (12256) pixels
0xFFFF, 0xFFFF, 0xFFFF, 0xFFFF, 0xFFFF, 0xFFFF, 0xFFFF, 0xFFBF, 0xFFFF, 0xFFFF, 0xFFFF, 0xFFFF, 0xFFFF, 0xFFFF, 0xFFFF, 0xFFFF,   // 0x2FF0 (12272) pixels
0xFFFF, 0xFFFF, 0xFFFF, 0xFFFF, 0xFFFF, 0xFFFF, 0xFFFF, 0xFFFF, 0xFFFF, 0xFFFF, 0xFFFF, 0xFFFF, 0xFFFF, 0xFFFF, 0xFFFF, 0xFFFF,   // 0x3000 (12288) pixels
0xFFFF, 0xFFFF, 0xFFDF, 0xFFFF, 0xFFFE, 0xFFFF, 0xF7DF, 0xFFFF, 0xFFFE, 0xFFFD, 0xFFFF, 0xFFFF, 0xFFFF, 0xFFFF, 0xFFFF, 0xFFFF,   // 0x3010 (12304) pixels
0xFFFF, 0xFFFF, 0xFFFF, 0xFFFF, 0xFFFF, 0xFFFF, 0xFFFF, 0xFFFF, 0xFFFF, 0xFFFF, 0xFFDF, 0xFFDF, 0xFFFE, 0xFFFF, 0xFFFF, 0xFFDF,   // 0x3020 (12320) pixels
0xFFDF, 0xFFDF, 0xFFFF, 0xFFFF, 0xFFFF, 0xF7FE, 0xFFFE, 0xFFFF, 0xFFFE, 0xFFFF, 0xFFFF, 0xFFFF, 0xFFFF, 0xFFFF, 0xFFFF, 0xFFFF,   // 0x3030 (12336) pixels
0xFFFF, 0xFFFF, 0xFFDF, 0xFFFF, 0xFFFF, 0xFFFF, 0xFFFF, 0xFFFF, 0xFFDF, 0xFFFF, 0xFFFF, 0xF7BF, 0xFFFF, 0xFFFF, 0xFFFF, 0xFFFF,   // 0x3040 (12352) pixels
0xFFBF, 0xFFFF, 0xFFDE, 0xFFDE, 0xFFFF, 0xFFFF, 0xFFDF, 0xFFDF, 0xFFFF, 0xFFFF, 0xFFFF, 0xFFFF, 0xFFFF, 0xFFFF, 0xFFFF, 0xFFFF,   // 0x3050 (12368) pixels
0xFFFF, 0xFFFF, 0xFFFF, 0xFFFF, 0xFFFF, 0xFFFF, 0xFFFF, 0xFFFF, 0xFFFF, 0xFFFF, 0xFFFF, 0xFFFF, 0xFFFF, 0xFFFF, 0xFFFF, 0xFFFF,   // 0x3060 (12384) pixels
0xFFFF, 0xFFFF, 0xFFFF, 0xFFFF, 0xFFFF, 0xFFFF, 0xFFFF, 0xFFFF, 0xFFFF, 0xFFFF, 0xFFFF, 0xFFFF, 0xFFFF, 0xFFFF, 0xFFFF, 0xFFFF,   // 0x3070 (12400) pixels
0xFFFF, 0xFFFF, 0xFFFF, 0xFFFF, 0xFFFF, 0xFFFF, 0xFFFF, 0xFFFF, 0xFFFF, 0xFFFF, 0xFFFF, 0xFFFF, 0xFFFF, 0xFFFF, 0xFFFF, 0xFFFF,   // 0x3080 (12416) pixels
0xF46F, 0xD002, 0xFE18, 0xFF9F, 0xFFFF, 0xFFFE, 0xFFDF, 0xFFFF, 0xFFFF, 0xFFFF, 0xFFFF, 0xFFFF, 0xFFFF, 0xFFFF, 0xFFFF, 0xFFFF,   // 0x3090 (12432) pixels
0xFFFF, 0xFFFF, 0xFFFF, 0xFFFF, 0xFFFF, 0xFFFF, 0xFFFF, 0xFFFF, 0xFFFF, 0xFEBA, 0xE8C5, 0xE8C3, 0xE802, 0xEBF0, 0xFFFE, 0xFFFF,   // 0x30A0 (12448) pixels
0xFFFF, 0xFFDF, 0xFFFF, 0xFFFF, 0xFFFF, 0xFFFF, 0xFFFF, 0xFFFF, 0xFFFF, 0xF1EB, 0xD882, 0xE923, 0xD823, 0xCE36, 0xFF9E, 0xFFFF,   // 0x30B0 (12464) pixels
0xFFFD, 0xFFFF, 0xFFBF, 0xF7FF, 0xFE16, 0xD883, 0xF0A4, 0xD842, 0xDAA9, 0xFFDC, 0xFFFF, 0xF534, 0xE083, 0xF0E3, 0xC001, 0xE492,   // 0x30C0 (12480) pixels
0xFFFF, 0xFFFF, 0xFFDF, 0xFFFF, 0xFFDF, 0xECF3, 0xC8C3, 0xF000, 0xB3F1, 0xFEDC, 0xFFDF, 0xFFFF, 0xF7FF, 0xF7FF, 0xFFFF, 0xFFFF,   // 0x30D0 (12496) pixels
0xFFFF, 0xFFFF, 0xFFFF, 0xFFFF, 0xFFFF, 0xFFFF, 0xFFFF, 0xFFFF, 0xFFFF, 0xFFFF, 0xFFFF, 0xFFFF, 0xFFFF, 0xFFFF, 0xFFFF, 0xFFFF,   // 0x30E0 (12512) pixels
0xFFFF, 0xFFFF, 0xFFFF, 0xF7DF, 0xFFFF, 0xFFDF, 0xFFFF, 0xFFDF, 0xFFFF, 0xFFFF, 0xFF9E, 0xFFFF, 0xFFFF, 0xF7BF, 0xF7FF, 0xEFFF,   // 0x30F0 (12528) pixels
0xFFFF, 0xFFFF, 0xFFDF, 0xFFFF, 0xFFFF, 0xFFFF, 0xFFFF, 0xFFFF, 0xFFDF, 0xFFDF, 0xFFDF, 0xFFFE, 0xFFFF, 0xFFFF, 0xFFFF, 0xFFDE,   // 0x3100 (12544) pixels
0xFFDF, 0xFFDF, 0xFFFF, 0xFFDF, 0xFFDF, 0xFFFF, 0xFFDF, 0xFFFF, 0xFFDF, 0xFFFF, 0xFFFF, 0xFFFF, 0xFFDF, 0xFFFF, 0xFFFF, 0xFFFF,   // 0x3110 (12560) pixels
0xFFFF, 0xFFFF, 0xFFFF, 0xFFDF, 0xFFBE, 0xFFFE, 0xFFBD, 0xFFDF, 0xFFFF, 0xFFBF, 0xFFDF, 0xFFFF, 0xFFFF, 0xFFFF, 0xFFDF, 0xFFFF,   // 0x3120 (12576) pixels
0xFFFF, 0xFFFF, 0xFFFF, 0xFFFF, 0xFFFF, 0xFFFF, 0xFFFF, 0xFFDF, 0xFFFF, 0xFFFF, 0xFFFF, 0xFFFE, 0xFFFF, 0xFFFF, 0xFFDF, 0xFFFF,   // 0x3130 (12592) pixels
0xFFFF, 0xFFDE, 0xF7DD, 0xFFFE, 0xFFFE, 0xF7FE, 0xFFFF, 0xFFFF, 0xFFFF, 0xFFDF, 0xFFBF, 0xFFFF, 0xFFFF, 0xFFDF, 0xFFFF, 0xFFFE,   // 0x3140 (12608) pixels
0xFFFF, 0xFFFF, 0xFFFF, 0xFFFE, 0xFFFF, 0xFFFE, 0xFFFE, 0xFFFE, 0xFFFF, 0xFFDF, 0xFFFF, 0xFFDF, 0xFFFF, 0xFFFF, 0xFFFF, 0xFFFF,   // 0x3150 (12624) pixels
0xFFFF, 0xF7BF, 0xFFFE, 0xFFBD, 0xFFFF, 0xFFFF, 0xFFDD, 0xFFDF, 0xFFFF, 0xFFBE, 0xFFDD, 0xFFFE, 0xFFFF, 0xFFFF, 0xFFFF, 0xFFFF,   // 0x3160 (12640) pixels
0xF7FE, 0xFFFE, 0xFFFF, 0xFFDF, 0xFFDF, 0xFFDF, 0xFFDF, 0xFFFF, 0xFFBF, 0xFFFF, 0xFFFE, 0xFFFF, 0xFFFF, 0xF7FE, 0xFFFF, 0xFFBF,   // 0x3170 (12656) pixels
0xFFFF, 0xFFFF, 0xFFDF, 0xFFFF, 0xFFFF, 0xFFFF, 0xFFFF, 0xFFDF, 0xF7FF, 0xFFFF, 0xFFFE, 0xFFFF, 0xFFFF, 0xFFFF, 0xFFFF, 0xFFDF,   // 0x3180 (12672) pixels
0xFFDF, 0xFFDF, 0xFFFF, 0xFFDF, 0xFFDF, 0xFFFF, 0xFFDF, 0xFFFF, 0xFFFF, 0xFFFF, 0xFFFF, 0xFFDE, 0xFFFE, 0xFFFF, 0xFFFF, 0xFFFF,   // 0x3190 (12688) pixels
0xFFFF, 0xFFFF, 0xFFFF, 0xFFFF, 0xFFFF, 0xFFDF, 0xFFFF, 0xFFDF, 0xFFFF, 0xFFFF, 0xFFFF, 0xFFFF, 0xFFFF, 0xFFFF, 0xFFFF, 0xFFFF,   // 0x31A0 (12704) pixels
0xFFFF, 0xFFFF, 0xFFFF, 0xFFFF, 0xFFFF, 0xFFFF, 0xFFFF, 0xFFFF, 0xFFFF, 0xFFFF, 0xFFFF, 0xFFFF, 0xFFFF, 0xFFFF, 0xFFFF, 0xFFFF,   // 0x31B0 (12720) pixels
0xFFFF, 0xFFFF, 0xFFFF, 0xFFFF, 0xFFFF, 0xFFFF, 0xDAA9, 0xD802, 0xFEDA, 0xFFDF, 0xFFFF, 0xFFFE, 0xFFDF, 0xFFFF, 0xFFFF, 0xFFFF,   // 0x31C0 (12736) pixels
0xFFFF, 0xFFFF, 0xFFFF, 0xFFFF, 0xFFFF, 0xFFFF, 0xFFFF, 0xFFFF, 0xFFFF, 0xFFFF, 0xFFFF, 0xFFFF, 0xFFFF, 0xFFFF, 0xF7FF, 0xFE17,   // 0x31D0 (12752) pixels
0xE884, 0xE8C3, 0xE003, 0xECD3, 0xFFFF, 0xFFFF, 0xFFFF, 0xFFDF, 0xFFFF, 0xFFFF, 0xFFFF, 0xFFFF, 0xFFFF, 0xFFFF, 0xFF5C, 0xE168,   // 0x31E0 (12768) pixels
0xE0C3, 0xE0A2, 0xE907, 0xF71B, 0xFFBF, 0xFFFF, 0xFFFF, 0xFFFF, 0xFFFF, 0xFF7F, 0xECD2, 0xC862, 0xE8E3, 0xE800, 0xD4D3, 0xFFDF,   // 0x31F0 (12784) pixels
0xFFDF, 0xEC32, 0xE001, 0xF0A2, 0xD8C4, 0xFDD7, 0xFFDF, 0xF7FF, 0xF7FF, 0xF657, 0xF2AA, 0xD001, 0xC0C5, 0xEC93, 0xFF3D, 0xFFBF,   // 0x3200 (12800) pixels
0xFFFF, 0xFFFF, 0xFFFF, 0xF7DF, 0xFFFF, 0xFFDF, 0xFFFF, 0xFFFF, 0xFFFF, 0xFFFF, 0xFFFF, 0xFFFF, 0xFFFF, 0xFFFF, 0xFFFF, 0xFFFF,   // 0x3210 (12816) pixels
0xFFFF, 0xFFFF, 0xFFFF, 0xFFFF, 0xFFFF, 0xFFFF, 0xFFBF, 0xFFFF, 0xFFFF, 0xFFFF, 0xFFFF, 0xFFFE, 0xFFDD, 0xFFFE, 0xFFFF, 0xFFDE,   // 0x3220 (12832) pixels
0xFFFE, 0xFFFE, 0xFFFE, 0xFFFF, 0xFFFF, 0xFFFE, 0xFFFF, 0xFFDF, 0xFFFF, 0xFFFF, 0xFFFF, 0xF7DE, 0xFFFE, 0xFFFE, 0xFFDE, 0xFFBF,   // 0x3230 (12848) pixels
0xFFFF, 0xFFFE, 0xFFFF, 0xFFFF, 0xFFFF, 0xFFFF, 0xFFFF, 0xFFDF, 0xFFFF, 0xFFFF, 0xFFFF, 0xFFFE, 0xF7FE, 0xFFFE, 0xFFBF, 0xFFFF,   // 0x3240 (12864) pixels
0xF7FF, 0xFFDE, 0xFFDF, 0xFFDF, 0xF7FF, 0xFFFF, 0xFFFF, 0xF7FF, 0xFFFF, 0xFFDF, 0xFFDF, 0xFFFF, 0xFFDF, 0xFFDF, 0xFFDE, 0xFFFE,   // 0x3250 (12880) pixels
0xFFDD, 0xFFFE, 0xFFFE, 0xF7DE, 0xFFFF, 0xFF9F, 0xFFFF, 0xFFFF, 0xFFFF, 0xFFFF, 0xFFFF, 0xFFFF, 0xFFFF, 0xFFFF, 0xFFDF, 0xFFBF,   // 0x3260 (12896) pixels
0xFFFF, 0xFFFF, 0xFFDE, 0xFFDF, 0xFFFF, 0xFFFF, 0xFFFF, 0xFFFF, 0xFFFF, 0xFFFF, 0xFFFF, 0xFFFF, 0xFFDF, 0xFFFF, 0xF7DF, 0xFFFF,   // 0x3270 (12912) pixels
0xFFFF, 0xFFFF, 0xFFFF, 0xF7DF, 0xFFFF, 0xFFFF, 0xFFFF, 0xFFDF, 0xFFFF, 0xFFFF, 0xFFFF, 0xFFFF, 0xFFFF, 0xFFFF, 0xFFFF, 0xFFDF,   // 0x3280 (12928) pixels
0xFFFF, 0xFFFF, 0xFFFF, 0xFFDF, 0xFFFF, 0xFFFF, 0xFFDF, 0xFFFF, 0xF7BC, 0xFFFE, 0xFFFF, 0xFFFF, 0xFFFD, 0xFFFE, 0xFFFE, 0xFFFF,   // 0x3290 (12944) pixels
0xFFFF, 0xFFFF, 0xFFDF, 0xFFFF, 0xF7DE, 0xFFFF, 0xFFFF, 0xFFFF, 0xFFFF, 0xFFFF, 0xFFDF, 0xFFDF, 0xFFFF, 0xFFFF, 0xFFFF, 0xFFBE,   // 0x32A0 (12960) pixels
0xFFFF, 0xFFFF, 0xF7FF, 0xFFFF, 0xFFFF, 0xFFDF, 0xFFFF, 0xFFDF, 0xFFDF, 0xFFFF, 0xFFFF, 0xFFFF, 0xFFFF, 0xFFFF, 0xFFFF, 0xFFFF,   // 0x32B0 (12976) pixels
0xFFFF, 0xFFFF, 0xFFFF, 0xF7DD, 0xFFFD, 0xFFFE, 0xFFFE, 0xFFFE, 0xFFFF, 0xFFFF, 0xFFFF, 0xFFFF, 0xFFFF, 0xFFDF, 0xFFDF, 0xFFFF,   // 0x32C0 (12992) pixels
0xFFFF, 0xFFFF, 0xFFDF, 0xFFDF, 0xFFFF, 0xFFFF, 0xF7FF, 0xFFFF, 0xFFFF, 0xFFFF, 0xFFFF, 0xFFFF, 0xFFFF, 0xFFFF, 0xFFFF, 0xFFFF,   // 0x32D0 (13008) pixels
0xFFFF, 0xFFFF, 0xFFFF, 0xFFFF, 0xFFFF, 0xFFFF, 0xFFFF, 0xFFFF, 0xFFFF, 0xFFFF, 0xFFFF, 0xFFFF, 0xFFFF, 0xFFFF, 0xFFFF, 0xFFFF,   // 0x32E0 (13024) pixels
0xFFFF, 0xFFFF, 0xFFFF, 0xFFFF, 0xFFFF, 0xFFFF, 0xFFFF, 0xFFFF, 0xFFFF, 0xFFFF, 0xFFFF, 0xF7BE, 0xE146, 0xE084, 0xFF9B, 0xEFFF,   // 0x32F0 (13040) pixels
0xFFFF, 0xFFFF, 0xFFFF, 0xFFFF, 0xFFFF, 0xFFFF, 0xFFFF, 0xFFFF, 0xFFFF, 0xFFFF, 0xFFFF, 0xFFFF, 0xFFFF, 0xFFFF, 0xFFFF, 0xFFFF,   // 0x3300 (13056) pixels
0xFFFF, 0xFFFF, 0xFFFF, 0xFFFF, 0xEFFF, 0xECD3, 0xE802, 0xE8A3, 0xE084, 0xF617, 0xFFFF, 0xFFFF, 0xFFFF, 0xFFFF, 0xFFFF, 0xFFFF,   // 0x3310 (13072) pixels
0xFFFF, 0xFFFF, 0xFFDF, 0xFFFF, 0xEDF7, 0xD064, 0xE8E3, 0xE001, 0xF24B, 0xFFBE, 0xFFDF, 0xF7DF, 0xF7FF, 0xE7DF, 0xF7FF, 0xFF5D,   // 0x3320 (13088) pixels
0xF2CC, 0xD841, 0xE021, 0xE1C6, 0xFF1D, 0xFFDF, 0xF7FF, 0xEB0F, 0xD843, 0xD000, 0xE24A, 0xFFFE, 0xF7FF, 0xF73B, 0xEC10, 0xE002,   // 0x3330 (13104) pixels
0xD801, 0xF32D, 0xFE9A, 0xFFFF, 0xFFFF, 0xFFFF, 0xF7BE, 0xFFFF, 0xFFFF, 0xFFDF, 0xFFFF, 0xFFDF, 0xFFFF, 0xFFFF, 0xFFFF, 0xFFFF,   // 0x3340 (13120) pixels
0xFFFF, 0xFFFF, 0xFFFF, 0xFFFF, 0xFFFF, 0xFFFF, 0xFFFF, 0xFFFF, 0xFFFF, 0xFFFF, 0xFFFF, 0xFFFF, 0xFFFF, 0xFFFF, 0xFFDF, 0xFFFF,   // 0x3350 (13136) pixels
0xFFFF, 0xFFFF, 0xF7FF, 0xEFDF, 0xFFFF, 0xF7DF, 0xF7FF, 0xF7FF, 0xF7FF, 0xF7FF, 0xFFDF, 0xFFFF, 0xFFFF, 0xFFFF, 0xFFFF, 0xF7DF,   // 0x3360 (13152) pixels
0xF7DE, 0xFFFF, 0xFFFF, 0xFFFE, 0xFFFE, 0xFFFF, 0xFFFF, 0xFFFD, 0xFFFF, 0xFFBF, 0xFFDE, 0xFFFF, 0xFFFF, 0xFFFF, 0xFFFF, 0xFFFF,   // 0x3370 (13168) pixels
0xFFFF, 0xFFFF, 0xFFFF, 0xFFFF, 0xFFFF, 0xFFFF, 0xF7FF, 0xFFFF, 0xFFDF, 0xFFDF, 0xFFFF, 0xFFFF, 0xFFFF, 0xFFFF, 0xFFFF, 0xFFDE,   // 0x3380 (13184) pixels
0xFFFF, 0xF7FF, 0xF7FF, 0xFFDF, 0xF7FF, 0xF7FF, 0xFFFF, 0xEFBF, 0xFFFF, 0xFFFF, 0xFFFF, 0xFFDF, 0xFFFF, 0xFFFF, 0xF7DE, 0xFFFE,   // 0x3390 (13200) pixels
0xFFFE, 0xFFFE, 0xF7DF, 0xFFFF, 0xFFFF, 0xFFFF, 0xFFFE, 0xFFFF, 0xFFFF, 0xFFFF, 0xFFFF, 0xFFFF, 0xFFBF, 0xFFDF, 0xFFFF, 0xFFFF,   // 0x33A0 (13216) pixels
0xFFFF, 0xFFFF, 0xFFDF, 0xFFFF, 0xFFFF, 0xFFFF, 0xFFFE, 0xFFFF, 0xFFFF, 0xFFFF, 0xFFFF, 0xF7BE, 0xFFFF, 0xFFFF, 0xFFFF, 0xFFFF,   // 0x33B0 (13232) pixels
0xFFDF, 0xFFDF, 0xFFBF, 0xFFDF, 0xFFFF, 0xFFFE, 0xFFDE, 0xFFDE, 0xFFFF, 0xFFDF, 0xFFFF, 0xFFFF, 0xFFDF, 0xFFFF, 0xF7FD, 0xF7FF,   // 0x33C0 (13248) pixels
0xF7FF, 0xF7FF, 0xEFFF, 0xEFFF, 0xE7DE, 0xF7FF, 0xFFDF, 0xFFFF, 0xFFFE, 0xEFBC, 0xFFFF, 0xFFFF, 0xF7BE, 0xFFFF, 0xFFFF, 0xFFFF,   // 0x33D0 (13264) pixels
0xFFFF, 0xF7FE, 0xF7FE, 0xFFFF, 0xFFFF, 0xFFFF, 0xFFFF, 0xFFFF, 0xF7DF, 0xFFFF, 0xFFFF, 0xFFDF, 0xFFDF, 0xFFFF, 0xFFFF, 0xFFFF,   // 0x33E0 (13280) pixels
0xFFFF, 0xFFFF, 0xFFDE, 0xFFFF, 0xFFFE, 0xFFFE, 0xFFFF, 0xF79E, 0xFFFE, 0xFFFE, 0xFFFE, 0xFFFE, 0xFFFF, 0xFFFF, 0xFFFF, 0xFFFF,   // 0x33F0 (13296) pixels
0xF7FF, 0xFFFF, 0xFFFF, 0xFFFF, 0xFFDF, 0xFFFF, 0xFFFF, 0xFFFF, 0xFFFF, 0xFFFF, 0xFFBF, 0xFFDF, 0xFFFF, 0xFFFF, 0xFFFF, 0xF7FE,   // 0x3400 (13312) pixels
0xFFFF, 0xFFFF, 0xF7FE, 0xFFFF, 0xFFFF, 0xFFFF, 0xFFFF, 0xFFFF, 0xFFFF, 0xFFFF, 0xFFFF, 0xFFFF, 0xFFFF, 0xFFFF, 0xFFFF, 0xFFFF,   // 0x3410 (13328) pixels
0xFFFF, 0xFFFF, 0xFFFF, 0xFFFF, 0xFFFF, 0xFFFF, 0xFFFF, 0xFFFF, 0xFFFF, 0xFFFF, 0xFFFF, 0xFFFF, 0xFFFF, 0xFFDF, 0xFFFF, 0xFFFF,   // 0x3420 (13344) pixels
0xFFFF, 0xF79E, 0xF0E5, 0xE8A4, 0xF77A, 0xEFFF, 0xFFFF, 0xFFFF, 0xFFFF, 0xFFFE, 0xFFFF, 0xFFFF, 0xFFFF, 0xFFFF, 0xFFFF, 0xFFFF,   // 0x3430 (13360) pixels
0xFFFF, 0xFFFF, 0xFFFF, 0xFFFF, 0xFFFF, 0xFFFF, 0xFFFF, 0xFFFF, 0xFFFF, 0xFFFF, 0xF7FF, 0xDBAF, 0xE801, 0xE0A3, 0xD926, 0xFF3B,   // 0x3440 (13376) pixels
0xF7FF, 0xFFFF, 0xFFFF, 0xFFFF, 0xFFFF, 0xFFFF, 0xFFFF, 0xFFFF, 0xFFFF, 0xFFFF, 0xF4D2, 0xD022, 0xF144, 0xE002, 0xF3D0, 0xFFFF,   // 0x3450 (13392) pixels
0xF7FF, 0xF7FF, 0xFFDE, 0xFFDF, 0xEF9E, 0xE6D8, 0xC041, 0xE820, 0xD823, 0xE5F6, 0xF7FF, 0xFFDF, 0xF7FD, 0xE907, 0xF003, 0xD063,   // 0x3460 (13408) pixels
0xDE76, 0xF7FF, 0xECF2, 0xD967, 0xD802, 0xD988, 0xDD14, 0xF7DE, 0xFFFF, 0xFFFE, 0xF7FF, 0xF7FF, 0xF7DE, 0xFFFF, 0xFFFF, 0xFFDF,   // 0x3470 (13424) pixels
0xFFFF, 0xFFFF, 0xFFFF, 0xFFFF, 0xFFFF, 0xFFFF, 0xFFFF, 0xFFFF, 0xFFFF, 0xFFFF, 0xFFFF, 0xFFFF, 0xFFFF, 0xFFFF, 0xFFFF, 0xFFFF,   // 0x3480 (13440) pixels
0xFFFF, 0xFFFF, 0xFFFF, 0xFFFF, 0xF7FF, 0xDF5F, 0x84B6, 0x8D19, 0x9D9C, 0x957D, 0xADFE, 0x9DBB, 0x959A, 0x957A, 0x8D39, 0xB61B,   // 0x3490 (13456) pixels
0xFFFF, 0xFFFF, 0xFFFF, 0xFFFF, 0xFFFF, 0xFFFF, 0xFFFF, 0xFFFF, 0xFFFF, 0xFFFF, 0xFFFF, 0xF7DF, 0xFFFF, 0xFFFE, 0xFFFF, 0xFF9E,   // 0x34A0 (13472) pixels
0xFFFF, 0xFFFF, 0xFFFF, 0xFFDF, 0xFFDF, 0xFFFF, 0xFFFF, 0xF7DF, 0xF7DF, 0xFFFF, 0xFFFF, 0xAD9A, 0xD73E, 0xFFFF, 0xFFDF, 0xFFFF,   // 0x34B0 (13488) pixels
0xFFFF, 0xFFFF, 0xFFFF, 0xFFFF, 0xFFFF, 0xFFDD, 0xF7FF, 0xB67D, 0x9D7B, 0xA559, 0x853C, 0x957B, 0x9559, 0xADFC, 0xE7FF, 0xF7FF,   // 0x34C0 (13504) pixels
0xFFFE, 0xFFFD, 0xFFFF, 0xFFFF, 0xFFFE, 0xFFFD, 0xFFFE, 0xFFFE, 0xFFFF, 0xFFDF, 0xF7DE, 0xFFFF, 0xFFFF, 0xFFFF, 0xFFFF, 0xF7DE,   // 0x34D0 (13520) pixels
0xF79E, 0xFFFF, 0xFFFF, 0xFFFF, 0xF7BF, 0xFFDF, 0xFFFF, 0xFFFF, 0xFFFF, 0xFFFF, 0xFFFF, 0xFFFF, 0xFFFF, 0xFFFF, 0xFFFE, 0xFFDE,   // 0x34E0 (13536) pixels
0xFFFF, 0xFFDF, 0xFFFF, 0xFFFF, 0xFFFF, 0xFFFF, 0xFFBF, 0xFFFF, 0xFFDF, 0xFFDF, 0xFFFE, 0xFFFF, 0xFFFF, 0xFFFE, 0xFFFF, 0xFFFF,   // 0x34F0 (13552) pixels
0xFFFF, 0xFFDF, 0xFFFF, 0xFFFE, 0xFFFE, 0xF7FF, 0xC69F, 0x5B95, 0x326F, 0x3A90, 0x5373, 0xB63C, 0xF7FF, 0xF7DE, 0xFFFE, 0xFFFF,   // 0x3500 (13568) pixels
0xFFFF, 0xFFFF, 0xFFFF, 0xFFFF, 0xFFDE, 0xFFFE, 0xFFFF, 0xFFFF, 0xFFFF, 0xFFDF, 0xFFFF, 0xF7DF, 0xA599, 0xE77F, 0xFFFF, 0xFFFF,   // 0x3510 (13584) pixels
0xFFBF, 0xFFDF, 0xFFFE, 0xFFFF, 0xF7DE, 0xFFFF, 0xFFFF, 0xFFFF, 0xFFFF, 0xFFFF, 0xFFFE, 0xFFFF, 0xFFFF, 0xFFFF, 0xFFFE, 0xFFFF,   // 0x3520 (13600) pixels
0xC65D, 0x8CD9, 0xEF9E, 0xFFFF, 0xFFFF, 0xFFFF, 0xFFFF, 0xFFDF, 0xFFDF, 0xFFDF, 0xFFFF, 0xFFFF, 0xFFFF, 0xFFFF, 0xFFFF, 0xFFFF,   // 0x3530 (13616) pixels
0xFFBE, 0xFFFF, 0xFFBF, 0xFFFF, 0xFFDF, 0xFFFF, 0xFFFF, 0xFFFF, 0xFFFF, 0xFFFF, 0xFFFF, 0xFFFF, 0xFFFF, 0xFFFF, 0xFFFF, 0xFFFF,   // 0x3540 (13632) pixels
0xFFFF, 0xFFFF, 0xFFFF, 0xFFFF, 0xFFFF, 0xFFFF, 0xFFFF, 0xFFFF, 0xFFFF, 0xFFFF, 0xFFFF, 0xFFFF, 0xFFFF, 0xFFFF, 0xFFFF, 0xFFFF,   // 0x3550 (13648) pixels
0xFFFF, 0xFFFF, 0xFFFF, 0xFFDF, 0xFFFF, 0xFFFF, 0xFFFF, 0xF79E, 0xF127, 0xE043, 0xEE57, 0xF7FF, 0xF7DF, 0xFFDF, 0xFFFF, 0xFFFE,   // 0x3560 (13664) pixels
0xFFFF, 0xFFFF, 0xFFFF, 0xFFFF, 0xFFFF, 0xFFFF, 0xFFFF, 0xFFFF, 0xFFFF, 0xFFFF, 0xFFFF, 0xFFFF, 0xFFFF, 0xFFFF, 0xFFFF, 0xFFFF,   // 0x3570 (13680) pixels
0xFFFE, 0xE28B, 0xE801, 0xE062, 0xDA2A, 0xFFFE, 0xF7FF, 0xFFFF, 0xFFDF, 0xFFFF, 0xFFFF, 0xFFFF, 0xFFFF, 0xFFFF, 0xFFFF, 0xFFFF,   // 0x3580 (13696) pixels
0xFB8D, 0xD821, 0xE904, 0xD843, 0xE555, 0xF7FF, 0xF7FF, 0xEFFF, 0xEFFF, 0xFFFF, 0xFF1A, 0xD986, 0xE801, 0xC904, 0xFD35, 0xFFDF,   // 0x3590 (13712) pixels
0xF7FF, 0xFFFF, 0xED74, 0xD822, 0xE082, 0xEA47, 0xF5B3, 0xD1EA, 0xD800, 0xD084, 0xE370, 0xF73D, 0xE7FF, 0xEFFE, 0xF7BD, 0xFFFF,   // 0x35A0 (13728) pixels
0xFFFF, 0xFFFF, 0xFFFF, 0xFFFF, 0xFFFF, 0xFFFF, 0xFFFF, 0xFFFF, 0xFFFF, 0xFFFF, 0xFFFF, 0xFFFF, 0xFFFF, 0xFFFF, 0xFFFF, 0xFFFF,   // 0x35B0 (13744) pixels
0xFFFF, 0xFFFF, 0xFFFF, 0xFFFF, 0xFFFF, 0xFFFF, 0xFFFF, 0xFFFF, 0xFFFF, 0xFFFF, 0xF7DF, 0xBE5B, 0x42AE, 0x324E, 0x3A90, 0x3250,   // 0x35C0 (13760) pixels
0x116E, 0x21EF, 0x3AD0, 0x328E, 0x2A0C, 0x7C34, 0xF7FF, 0xFFFF, 0xFFFD, 0xFFFE, 0xFFFE, 0xFFFF, 0xFFDF, 0xFFFF, 0xFFDF, 0xFFDF,   // 0x35D0 (13776) pixels
0xEFDF, 0x6391, 0xADFA, 0xF7DE, 0xFFFF, 0xFFDF, 0xFFFE, 0xF7DF, 0xFFDD, 0xFFFE, 0xFFFF, 0xFFDE, 0xFFBF, 0xFFFF, 0xFFFF, 0xFFDF,   // 0x35E0 (13792) pixels
0xEF9D, 0x29AD, 0x8CF7, 0xF7FE, 0xFFDF, 0xFFDF, 0xFFFE, 0xFFFF, 0xFFDE, 0xFFDF, 0xFFFF, 0xFFFE, 0xEFDF, 0x3AD0, 0x116C, 0x428E,   // 0x35F0 (13808) pixels
0x2A91, 0x3270, 0x2A0E, 0x21AD, 0x19AC, 0x9DBA, 0xF7FF, 0xFFFD, 0xFFDF, 0xFFBF, 0xFFBF, 0xFFFF, 0xFFDF, 0xFFBF, 0xFFDF, 0xFFDF,   // 0x3600 (13824) pixels
0xFFFF, 0xFFFF, 0xFFFF, 0xFFFF, 0xFFFF, 0xFFFF, 0xFFFF, 0xFFFF, 0xF7BE, 0xFFFF, 0xFFFF, 0xFFFF, 0xFFFF, 0xFFDE, 0xFFFF, 0xFFFF,   // 0x3610 (13840) pixels
0xFFDF, 0xFFFF, 0xFFDF, 0xFFDF, 0xFFFF, 0xFFDF, 0xFF9E, 0xFFDF, 0xFFDF, 0xFFFF, 0xFFFF, 0xFFFF, 0xFFDE, 0xFFFF, 0xFFFF, 0xFFDE,   // 0x3620 (13856) pixels
0xF7FF, 0xF7FF, 0xFFFF, 0xFFFF, 0xFFFF, 0xFFFF, 0xFFFF, 0xFFFF, 0xFFFF, 0xFFDD, 0xF7FF, 0x955A, 0x114C, 0x3250, 0x7CB9, 0x7C98,   // 0x3630 (13872) pixels
0x3A92, 0x090B, 0x9518, 0xF7FF, 0xF7DE, 0xFFFF, 0xFFDF, 0xFFFF, 0xFFDF, 0xFFBF, 0xFFFF, 0xFFFF, 0xF7BF, 0xFFBF, 0xFFDF, 0xFFDF,   // 0x3640 (13888) pixels
0xF7FF, 0xBE5D, 0x198C, 0xB65C, 0xFFFF, 0xFFBD, 0xFFFF, 0xFFFF, 0xFFFF, 0xFFFF, 0xFFFF, 0xFFFF, 0xFFFF, 0xF7BE, 0xFFDF, 0xFFFF,   // 0x3650 (13904) pixels
0xFFDF, 0x94F7, 0x7C35, 0xF7DF, 0xFFFF, 0xFFDF, 0x8C78, 0x08EB, 0xEF1E, 0xFFFF, 0xFFFF, 0xFFFF, 0xFFFF, 0xFFFF, 0xFFFE, 0xFFFE,   // 0x3660 (13920) pixels
0xFFDE, 0xFFFE, 0xFFFE, 0xFFFF, 0xFFDE, 0xFFFE, 0xFFFE, 0xFFFE, 0xFFBE, 0xFFFF, 0xFFDE, 0xFFFF, 0xFFFF, 0xFF9E, 0xFFFF, 0xFFFF,   // 0x3670 (13936) pixels
0xFFFF, 0xFFFF, 0xFFFF, 0xFFFF, 0xFFFF, 0xFFFF, 0xFFFF, 0xFFFF, 0xFFFF, 0xFFFF, 0xFFFF, 0xFFFF, 0xFFFF, 0xFFFF, 0xFFFF, 0xFFFF,   // 0x3680 (13952) pixels
0xFFFF, 0xFFFF, 0xFFFF, 0xFFFF, 0xFFFF, 0xFFFF, 0xFFFF, 0xFFFF, 0xFFFF, 0xFFFF, 0xFFFF, 0xFFFF, 0xFFFF, 0xF7BE, 0xE229, 0xE001,   // 0x3690 (13968) pixels
0xECB1, 0xFFFF, 0xFFFF, 0xFFBE, 0xFFFF, 0xFFFF, 0xFFFF, 0xFFFF, 0xFFFF, 0xFFFF, 0xFFFF, 0xFFFF, 0xFFFF, 0xFFFF, 0xFFFF, 0xFFFF,   // 0x36A0 (13984) pixels
0xFFFF, 0xFFFF, 0xFFFF, 0xFFFF, 0xFFFF, 0xFFFF, 0xFF7C, 0xE988, 0xE842, 0xE042, 0xE36E, 0xFFFF, 0xF7FF, 0xFFFF, 0xFFDF, 0xFFFF,   // 0x36B0 (14000) pixels
0xFFFF, 0xFFFF, 0xFFDF, 0xFFFF, 0xFFFF, 0xFFBF, 0xF208, 0xD862, 0xE082, 0xD8E5, 0xF6DA, 0xF7FF, 0xFFFF, 0xFFDD, 0xFFDF, 0xFD56,   // 0x36C0 (14016) pixels
0xD925, 0xD801, 0xF26B, 0xFE9A, 0xFFFF, 0xFFFF, 0xFFFF, 0xF79D, 0xE148, 0xD0A2, 0xE164, 0xE0C3, 0xE001, 0xC801, 0xF34C, 0xFE57,   // 0x36D0 (14032) pixels
0xFFFE, 0xFFDF, 0xFF7F, 0xFFFF, 0xF7FF, 0xFFDF, 0xFFDF, 0xFFFF, 0xFFDF, 0xFFFF, 0xFFFF, 0xFFFF, 0xF7FF, 0xFFFF, 0xFFFF, 0xFFFF,   // 0x36E0 (14048) pixels
0xFFFF, 0xFFFF, 0xFFFF, 0xFFFF, 0xFFFF, 0xFFFF, 0xFFFF, 0xFFFF, 0xFFFF, 0xFFFF, 0xFFFF, 0xFFFF, 0xFFFF, 0xFFFF, 0xFFBE, 0xFFFF,   // 0x36F0 (14064) pixels
0xFFFF, 0xFFFF, 0xEF9E, 0xFFFF, 0xF7FF, 0xF7FF, 0x2A11, 0x84F9, 0xEFFF, 0xF7FF, 0xF7FF, 0xF79E, 0xFFFF, 0xFFFD, 0xFFFE, 0xF7DD,   // 0x3700 (14080) pixels
0xFFFF, 0xFFFF, 0xFFDE, 0xFFBE, 0xFFFF, 0xFFDF, 0xEFFF, 0x00E9, 0x8D39, 0xF7FF, 0xFFFF, 0xFFFF, 0xFFFE, 0xF7FF, 0xFFFF, 0xF7FF,   // 0x3710 (14096) pixels
0xFFFF, 0xFFFF, 0xFFFF, 0xFFFF, 0xFFDE, 0xFFDF, 0xF7FF, 0x196E, 0x955B, 0xF7FF, 0xFFFF, 0xFFFF, 0xFFFE, 0xFFFF, 0xFFFF, 0xFFFF,   // 0x3720 (14112) pixels
0xFFFF, 0xFFFD, 0xEFFF, 0x3AD1, 0x63F6, 0xF7FF, 0xF7FF, 0xFFFF, 0xFFBF, 0xEF7F, 0x6C16, 0x112C, 0xB61D, 0xFFFF, 0xFFBD, 0xFFFF,   // 0x3730 (14128) pixels
0xFFFF, 0xFFFF, 0xFFDF, 0xFFFF, 0xFFFF, 0xFFFE, 0xFFFF, 0xFFFF, 0xFFFF, 0xFFFF, 0xFFFF, 0xFFFF, 0xFFFF, 0xF7DE, 0xFFFF, 0xFFFF,   // 0x3740 (14144) pixels
0xFFFF, 0xFFFF, 0xFFDE, 0xFFFF, 0xFFFF, 0xFFFF, 0xFFDE, 0xF79D, 0xFFFF, 0xFFFF, 0xFFFF, 0xFFFF, 0xFFFF, 0xFFFF, 0xFFFF, 0xFFFF,   // 0x3750 (14160) pixels
0xF7BE, 0xFFFF, 0xFFFF, 0xFFFF, 0xF7DE, 0xFFFF, 0xFFFF, 0xF7FF, 0xF7DE, 0xFFFF, 0xFFFE, 0xFFFF, 0xFFFF, 0xFFFF, 0xFFBF, 0xFFFF,   // 0x3760 (14176) pixels
0xCEDE, 0x21AC, 0x6C35, 0xE7DF, 0xF7FF, 0xF7FF, 0xF7FF, 0x7416, 0x194E, 0xCEDF, 0xFFFF, 0xFFFE, 0xFFFF, 0xFFFF, 0xFFFF, 0xFFFF,   // 0x3770 (14192) pixels
0xFFFF, 0xF7FF, 0xFFFF, 0xFFFF, 0xF77D, 0xFFFE, 0xFFFF, 0xBE9F, 0x114D, 0xC6BE, 0xFFFF, 0xFFBE, 0xFFFF, 0xF7DF, 0xFFFF, 0xF7BE,   // 0x3780 (14208) pixels
0xFFFF, 0xF7DF, 0xFFFF, 0xFFFF, 0xFFFF, 0xF7BF, 0xFFFF, 0x5311, 0x3A91, 0xF7FF, 0xFFDE, 0xFFDE, 0xF7FF, 0xDFFF, 0xFFBF, 0xFFFF,   // 0x3790 (14224) pixels
0xFF9E, 0xFFDE, 0xFFFF, 0xFFFE, 0xFFFE, 0xF7DD, 0xF7FF, 0xFFFF, 0xFFDE, 0xFFFE, 0xFFDD, 0xFFFE, 0xFFFF, 0xF7DE, 0xFFFF, 0xFFFF,   // 0x37A0 (14240) pixels
0xF7BE, 0xFFFF, 0xFFFF, 0xFFDE, 0xFFFE, 0xFFFE, 0xFFFF, 0xFFFF, 0xFFFF, 0xFFFF, 0xFFFF, 0xFFFF, 0xFFFF, 0xFFFF, 0xFFFF, 0xFFFF,   // 0x37B0 (14256) pixels
0xFFFF, 0xFFFF, 0xFFFF, 0xFFFF, 0xFFFF, 0xFFFF, 0xFFFF, 0xFFFF, 0xFFFF, 0xFFFF, 0xFFFF, 0xFFFF, 0xFFFF, 0xFFFF, 0xFFFF, 0xFFFF,   // 0x37C0 (14272) pixels
0xFFFF, 0xFFFF, 0xFFFF, 0xFFFF, 0xDBEE, 0xE002, 0xE24A, 0xFEFC, 0xF7FF, 0xFFFF, 0xFFFF, 0xFFDF, 0xFFFF, 0xFFFF, 0xFFFF, 0xFFFF,   // 0x37D0 (14288) pixels
0xFFFF, 0xFFFF, 0xFFFF, 0xFFFF, 0xFFFF, 0xFFFF, 0xFFFF, 0xFFFF, 0xFFFF, 0xFFFF, 0xFFFF, 0xFFFF, 0xF679, 0xE885, 0xE0C2, 0xE021,   // 0x37E0 (14304) pixels
0xF4B2, 0xFFFF, 0xF7FF, 0xFFFF, 0xFFFF, 0xFFFF, 0xFFFF, 0xFFFF, 0xFFDF, 0xFFFF, 0xFFFF, 0xE71C, 0xF105, 0xE0C3, 0xD862, 0xEA4B,   // 0x37F0 (14320) pixels
0xFFDF, 0xF7BF, 0xFDF9, 0xF574, 0xE2CD, 0xC044, 0xE107, 0xED94, 0xF7FE, 0xEFFF, 0xF7BF, 0xFFFF, 0xEFDE, 0xE34E, 0xE801, 0xE0E3,   // 0x3800 (14336) pixels
0xD801, 0xD864, 0xEB0D, 0xFE57, 0xF7FF, 0xFFFE, 0xFFBD, 0xFFFE, 0xFFFF, 0xFFDF, 0xFFBF, 0xFFDE, 0xFFFF, 0xFFFF, 0xFFFF, 0xFFFF,   // 0x3810 (14352) pixels
0xFFFF, 0xFFFF, 0xFFFF, 0xFFFF, 0xFFFF, 0xFFFF, 0xFFFF, 0xFFFF, 0xFFFF, 0xFFFF, 0xFFFF, 0xFFFF, 0xFFFF, 0xFFFF, 0xFFFF, 0xFFFF,   // 0x3820 (14368) pixels
0xFFFF, 0xFFFF, 0xFFFF, 0xFFFF, 0xFFDF, 0xFFFF, 0xFFFF, 0xFFFF, 0xFFFF, 0xFFFE, 0xFFFE, 0xFFFD, 0x2A52, 0x8D39, 0xF7DF, 0xFFDD,   // 0x3830 (14384) pixels
0xFFFE, 0xFFFF, 0xFFFF, 0xF7FF, 0xCF3F, 0xB65C, 0xB65C, 0xE79F, 0xF7FF, 0xFFFF, 0xFFDF, 0xFFFF, 0xCF7F, 0x2210, 0x853B, 0xE7DF,   // 0x3840 (14400) pixels
0xFFFF, 0xFFBE, 0xFFFF, 0xEFFF, 0xC73F, 0xA5FA, 0xAE1B, 0xCEFD, 0xF7DF, 0xFFFF, 0xF7BE, 0xFFFF, 0xE7DE, 0x21D1, 0x9D9D, 0xF7FF,   // 0x3850 (14416) pixels
0xFFDF, 0xFFFF, 0xFFFD, 0xFFFF, 0xFFFF, 0xFFFF, 0xFFFF, 0xFFFE, 0xF7FF, 0x3291, 0x6C37, 0xF7FF, 0xFFFC, 0xFFDF, 0xFFDF, 0xFFFF,   // 0x3860 (14432) pixels
0xEFFF, 0x3252, 0x4AF3, 0xF7FF, 0xFFFE, 0xFFFF, 0xE7BF, 0xB67C, 0xB67C, 0xD75E, 0xF7DF, 0xFFFE, 0xF7BE, 0xFFFF, 0xF79F, 0xF7BF,   // 0x3870 (14448) pixels
0xFFFF, 0xFFFF, 0xFFFF, 0xFFFF, 0xF7FF, 0xF7DF, 0xFFFF, 0xFFFE, 0xFFFF, 0xFFFF, 0xE75F, 0xF7FF, 0xFFFD, 0xFFFF, 0xF7FF, 0xDF7F,   // 0x3880 (14464) pixels
0xB65B, 0xB65B, 0xD71E, 0xEFFF, 0xFFDE, 0xFFFF, 0xFFFF, 0xFFFF, 0xEFBF, 0xF7FF, 0xF7FF, 0xE79F, 0xC65C, 0xFFFF, 0xFFFF, 0xFFFF,   // 0x3890 (14480) pixels
0xFFFF, 0xFFFF, 0xFFFF, 0xFFDF, 0xFFFF, 0xF7FF, 0x8CD8, 0x110B, 0xEFFF, 0xF7FF, 0xFFFE, 0xFFDE, 0xF7DE, 0xF7FF, 0x194C, 0x63B5,   // 0x38A0 (14496) pixels
0xF7FF, 0xFFFD, 0xFFFE, 0xFFDF, 0xF7FF, 0xCF1D, 0xB67B, 0xB65B, 0xDFBF, 0xF7FF, 0xFFFF, 0xFFFD, 0xFFFD, 0xCEDF, 0x21F0, 0xB69E,   // 0x38B0 (14512) pixels
0xF7DF, 0xFFFF, 0xEF7F, 0xF7FF, 0xFFFF, 0xF7BE, 0xFFFF, 0xFFFF, 0xFFFF, 0xE75E, 0xFFFF, 0xFFFF, 0xEFFF, 0x5374, 0x4B56, 0xDFBF,   // 0x38C0 (14528) pixels
0xFFFD, 0xFFFD, 0xF7FE, 0xDFFE, 0xFFFE, 0xFFFF, 0xFFDE, 0xFFFF, 0xF7FF, 0xD71E, 0xBE9D, 0xAE3B, 0xDF7F, 0xF7FF, 0xFFFF, 0xFFDF,   // 0x38D0 (14544) pixels
0xFFDF, 0xFFFF, 0xE79F, 0xF7FF, 0xEFFF, 0xC6BD, 0xBE7D, 0xCE9D, 0xE77F, 0xFFFF, 0xFFFE, 0xFFFD, 0xFFFF, 0xFFFF, 0xFFFF, 0xFFFF,   // 0x38E0 (14560) pixels
0xFFFF, 0xFFFF, 0xFFFF, 0xFFFF, 0xFFFF, 0xFFFF, 0xFFFF, 0xFFFF, 0xFFFF, 0xFFFF, 0xFFFF, 0xFFFF, 0xFFFF, 0xFFFF, 0xFFFF, 0xFFFF,   // 0x38F0 (14576) pixels
0xFFFF, 0xFFFF, 0xFFFF, 0xFFFF, 0xFFFF, 0xFFFF, 0xFFFF, 0xFFFF, 0xFFFF, 0xFFFF, 0xEE16, 0xF003, 0xC803, 0xE514, 0xF7FE, 0xFFDF,   // 0x3900 (14592) pixels
0xFFFF, 0xFFDF, 0xFFFF, 0xFFFF, 0xFFFF, 0xFFFF, 0xFFFF, 0xFFFF, 0xFFFF, 0xFFFF, 0xFFFF, 0xFFFF, 0xFFFF, 0xFFFF, 0xFFFF, 0xFFFF,   // 0x3910 (14608) pixels
0xFFFF, 0xFFFF, 0xED96, 0xE803, 0xE123, 0xD801, 0xFD95, 0xFFDF, 0xFFFF, 0xFFFF, 0xFFFF, 0xFFFF, 0xFFFF, 0xFFFF, 0xFFDF, 0xFFFF,   // 0x3920 (14624) pixels
0xFFDF, 0xD67A, 0xE863, 0xD8E3, 0xD842, 0xFB0E, 0xFFDF, 0xD619, 0xCB0E, 0xC249, 0xEAE8, 0xED93, 0xFFFF, 0xFFDF, 0xF7FF, 0xFFBE,   // 0x3930 (14640) pixels
0xFFFF, 0xFDFB, 0xDA8A, 0xD800, 0xF000, 0xD8C2, 0xF30D, 0xF639, 0xE7FF, 0xFFDF, 0xF7FF, 0xF7FF, 0xF7FF, 0xF7FF, 0xFFFF, 0xFFBE,   // 0x3940 (14656) pixels
0xFFFF, 0xF7FF, 0xFFDF, 0xFFFF, 0xFFFF, 0xFFFF, 0xFFFF, 0xFFFF, 0xFFFF, 0xFFDF, 0xFFFF, 0xFFFF, 0xFFFF, 0xFFFF, 0xFFFF, 0xFFFF,   // 0x3950 (14672) pixels
0xFFFF, 0xFFFF, 0xFFFF, 0xFFFF, 0xFFFF, 0xFFFF, 0xFFFF, 0xFFFF, 0xFFFF, 0xFFFF, 0xFFFF, 0xFFDF, 0xFFFF, 0xFFFF, 0xFFFF, 0xFFFF,   // 0x3960 (14688) pixels
0xFFFF, 0xEF7E, 0x1A12, 0x853A, 0xF7FF, 0xFFFE, 0xFFBE, 0xFFFF, 0xF7FF, 0x6C12, 0x09B0, 0x1A31, 0x118D, 0x2A2E, 0x9D99, 0xF7FF,   // 0x3970 (14704) pixels
0xFFFF, 0xE73C, 0x32D1, 0x0990, 0x11AE, 0x7C95, 0xFFFF, 0xFFFF, 0xF7FF, 0x7453, 0x11F0, 0x2231, 0x2A70, 0x19CC, 0x6BF3, 0xE79F,   // 0x3980 (14720) pixels
0xFFFF, 0xF7DF, 0xEFFF, 0x2A12, 0x8D3C, 0xF7FE, 0xFFFF, 0xFFBF, 0xFFFD, 0xFFFF, 0xFFFF, 0xFFBF, 0xFFBF, 0xFFFE, 0xF7FF, 0x3291,   // 0x3990 (14736) pixels
0x6C36, 0xFFFE, 0xFFFE, 0xFFBF, 0xFFDF, 0xFFFD, 0xE7FF, 0x6438, 0x2A0E, 0xF7FF, 0xF7FF, 0x9559, 0x2A50, 0x11AF, 0x11D0, 0x11AD,   // 0x39A0 (14752) pixels
0x6BF3, 0xF7FF, 0xFFFF, 0xFFFF, 0x8411, 0x8432, 0xEF9F, 0xFFFF, 0xF7BF, 0xE75D, 0x3A2D, 0xA579, 0xFFFF, 0xF7DF, 0xFFFF, 0xB5D8,   // 0x39B0 (14768) pixels
0x5B50, 0xDF7F, 0xFFFF, 0xF7FF, 0x9559, 0x222F, 0x1A10, 0x2210, 0x220F, 0x6C37, 0xFFFF, 0xFFDF, 0xFFFF, 0xEF9F, 0x7C33, 0x9538,   // 0x39C0 (14784) pixels
0xA5BB, 0x218C, 0x31CB, 0xE75F, 0xFFFF, 0xF7DF, 0xFFFF, 0xFFFE, 0xFFFF, 0xFFFF, 0xFFFF, 0xF7FF, 0x951B, 0x112E, 0xDF7F, 0xFFFF,   // 0x39D0 (14800) pixels
0xFFDF, 0xFFBF, 0xFFFE, 0xFFFF, 0xBE7C, 0xBE9C, 0xF7FF, 0xFFFE, 0xFFFF, 0xFFDF, 0x5394, 0x118D, 0x1A10, 0x1A0F, 0x220E, 0x9D9A,   // 0x39E0 (14816) pixels
0xFFFF, 0xFFFF, 0xFFFC, 0xC67E, 0x21F1, 0xB69E, 0xFFFF, 0xFFBF, 0x73B2, 0x8D17, 0xF7DF, 0xFFFF, 0xFFFF, 0xFFFF, 0xCE7A, 0x634E,   // 0x39F0 (14832) pixels
0xDEFD, 0xFFFF, 0x6C14, 0x19D1, 0x0171, 0x4B52, 0xE75D, 0xFFDF, 0xA55B, 0x2A2F, 0xF7BD, 0xFFFF, 0xFFFF, 0xEFDF, 0x8CF8, 0x220E,   // 0x3A00 (14848) pixels
0x19CF, 0x1A10, 0x19AB, 0x8496, 0xFFDF, 0xFFDF, 0xFFDF, 0xF7BF, 0x6BD2, 0x9539, 0x6C77, 0x11CD, 0x094C, 0x08EB, 0x6394, 0xE79F,   // 0x3A10 (14864) pixels
0xF7FF, 0xFFFF, 0xFFFF, 0xFFFF, 0xFFFF, 0xFFFF, 0xFFFF, 0xFFFF, 0xFFFF, 0xFFFF, 0xFFFF, 0xFFFF, 0xFFFF, 0xFFFF, 0xFFFF, 0xFFFF,   // 0x3A20 (14880) pixels
0xFFFF, 0xFFFF, 0xFFFF, 0xFFFF, 0xFFFF, 0xFFFF, 0xFFFF, 0xFFFF, 0xFFFF, 0xFFFF, 0xFFFF, 0xFFFF, 0xFFFF, 0xFFFF, 0xFFFF, 0xFFFF,   // 0x3A30 (14896) pixels
0xFF9F, 0xEAAD, 0xE000, 0xD8C3, 0xF5D5, 0xF7FF, 0xF7FF, 0xFFBF, 0xFFDF, 0xFFDF, 0xFFDF, 0xFFFF, 0xFFFF, 0xFFDF, 0xFFBF, 0xFFDF,   // 0x3A40 (14912) pixels
0xF7FF, 0xF7FF, 0xFFFF, 0xFFFF, 0xFFFF, 0xF7BE, 0xFFFF, 0xFFFF, 0xEB8E, 0xD084, 0xF864, 0xD0C5, 0xFDD7, 0xFFFF, 0xFFDF, 0xFF9F,   // 0x3A50 (14928) pixels
0xFFFF, 0xFFFF, 0xFFFF, 0xFFFE, 0xFFFF, 0xFFDF, 0xFFDF, 0xE4F3, 0xE001, 0xF905, 0xD802, 0xD553, 0xEFDE, 0xFFBF, 0xF75E, 0xEFFF,   // 0x3A60 (14944) pixels
0xFFFE, 0xF7FF, 0xFFFF, 0xFFDF, 0xEFFF, 0xEFFF, 0xFF3C, 0xC1CA, 0xC002, 0xD188, 0xE3D0, 0xFE5A, 0xFFDF, 0xFFFF, 0xFFFF, 0xFFFF,   // 0x3A70 (14960) pixels
0xFFFF, 0xFFFF, 0xFFFF, 0xFFFF, 0xFFFF, 0xFFFF, 0xFFFF, 0xFFFF, 0xFFFF, 0xFFFF, 0xFFFF, 0xFFFF, 0xFFFF, 0xFFFF, 0xFFFF, 0xFFFF,   // 0x3A80 (14976) pixels
0xFFFF, 0xFFFF, 0xFFFF, 0xFFFF, 0xFFFF, 0xFFFF, 0xFFFF, 0xFFFF, 0xFFFF, 0xFFFF, 0xFFFF, 0xFFFF, 0xFFFF, 0xFFFF, 0xFFFF, 0xFFFF,   // 0x3A90 (14992) pixels
0xFFFF, 0xFFFF, 0xFFFF, 0xFFFF, 0xFFFF, 0xFFFF, 0xFFFF, 0xEF9F, 0x1253, 0x9517, 0xFFFE, 0xF7FF, 0xFFFF, 0xFFFF, 0x5334, 0x012E,   // 0x3AA0 (15008) pixels
0x9DDB, 0xF7BF, 0xE6DF, 0x6397, 0x00EC, 0xAE39, 0xFFFF, 0xF79D, 0xBE3C, 0x0990, 0x6C16, 0xCEBF, 0xFFFF, 0xFFFF, 0x4B54, 0x10CE,   // 0x3AB0 (15024) pixels
0xA5F9, 0xEFBF, 0xEFBF, 0xBE1E, 0x196F, 0x42D5, 0xFFFF, 0xFFDF, 0xF7DE, 0x19F1, 0x955A, 0xFFFE, 0xFFFF, 0xFFFF, 0xFFDF, 0xFFFF,   // 0x3AC0 (15040) pixels
0xFFFF, 0xF7DF, 0xFFFD, 0xFFFF, 0xEFFD, 0x32D2, 0x6436, 0xFFFF, 0xFFDF, 0xFFFE, 0xFFFD, 0xF7FF, 0xEFDF, 0x3A31, 0x4B10, 0xF7FE,   // 0x3AD0 (15056) pixels
0xBE1B, 0x00AD, 0x6C15, 0xE75E, 0xE77E, 0x9DDD, 0x0110, 0x5351, 0xFFFF, 0xFFFF, 0x9516, 0x092F, 0xDF9F, 0xFFDE, 0xFFFD, 0x9D7C,   // 0x3AE0 (15072) pixels
0x002E, 0x3B34, 0xF7DF, 0xFFFF, 0xFFFF, 0x4372, 0x3A74, 0xFFFF, 0xFFFF, 0xA5BD, 0x08EF, 0x7C77, 0xDF7F, 0xDF9F, 0x95BA, 0x090D,   // 0x3AF0 (15088) pixels
0x5B94, 0xF7FF, 0xFFFE, 0xFFFF, 0x5397, 0x010F, 0x326E, 0x8CB9, 0xDEFB, 0xF7BE, 0xFFFF, 0xFFFF, 0xFFFF, 0xFFFF, 0xFFFF, 0xFFFF,   // 0x3B00 (15104) pixels
0xFFBF, 0xFFFF, 0xD77F, 0x2A71, 0x098F, 0x9DFC, 0xF7FF, 0xFFDF, 0xFFBF, 0xFFFF, 0xFFFE, 0xFFDE, 0xFFDF, 0xFFFE, 0xFFFF, 0x4315,   // 0x3B10 (15120) pixels
0x08EE, 0xB63B, 0xDF7F, 0xD75E, 0x6BB4, 0x00CD, 0xAE5C, 0xFFFF, 0xFFFF, 0xCEFE, 0x09F1, 0xCEBC, 0xFFFF, 0xFFFF, 0x11EF, 0x6436,   // 0x3B20 (15136) pixels
0xF7FF, 0xFFFE, 0xFFFF, 0xFFDF, 0xBE3D, 0x1151, 0xCEBF, 0xFFDF, 0xCE9B, 0x4B14, 0x32D3, 0xBE7A, 0xFF9D, 0xFFFF, 0x8D59, 0x11D3,   // 0x3B30 (15152) pixels
0xEFDC, 0xFFFE, 0xFFFF, 0x7C96, 0x00EF, 0x84F9, 0xDF5F, 0xE73F, 0x9536, 0x008C, 0x749B, 0xF7FF, 0xFFBE, 0xF7FE, 0x2AB3, 0x00CE,   // 0x3B40 (15168) pixels
0x42F0, 0xC67D, 0xCEFF, 0xA579, 0x1148, 0x5399, 0xF7FF, 0xFFDF, 0xFFFF, 0xFFFF, 0xFFFF, 0xFFFF, 0xFFFF, 0xFFFF, 0xFFFF, 0xFFFF,   // 0x3B50 (15184) pixels
0xFFFF, 0xFFFF, 0xFFFF, 0xFFFF, 0xFFFF, 0xFFFF, 0xFFFF, 0xFFFF, 0xFFFF, 0xFFFF, 0xFFFF, 0xFFFF, 0xFFFF, 0xFFFF, 0xFFFF, 0xFFFF,   // 0x3B60 (15200) pixels
0xFFFF, 0xFFFF, 0xFFFF, 0xFFFF, 0xFFFF, 0xFFFF, 0xF7FF, 0xFE18, 0xE0E6, 0xE001, 0xD925, 0xF5F5, 0xFFFE, 0xF7FF, 0xF7FF, 0xFFFF,   // 0x3B70 (15216) pixels
0xFFFF, 0xFFFF, 0xFFFF, 0xFFFE, 0xFFFE, 0xFFFE, 0xFFFF, 0xFFFF, 0xFFFF, 0xFFBF, 0xFFFF, 0xFFFF, 0xFFFF, 0xF7FE, 0xD1C6, 0xD041,   // 0x3B80 (15232) pixels
0xF8A3, 0xC904, 0xFDB4, 0xFFFD, 0xEFFE, 0xF7DF, 0xF7FF, 0xFFDF, 0xFFDF, 0xFFFE, 0xFFDF, 0xF7FF, 0xFFDF, 0xEB6F, 0xE001, 0xF0C4,   // 0x3B90 (15248) pixels
0xD885, 0xEE58, 0xFFFF, 0xFFDF, 0xF7DF, 0xF7FF, 0xFFFE, 0xF7FF, 0xFFFF, 0xFFDF, 0xF7FF, 0xEFFE, 0xFF3C, 0xDB6F, 0xE490, 0xFE79,   // 0x3BA0 (15264) pixels
0xFFBE, 0xFFFF, 0xF7FF, 0xFFFF, 0xFFFF, 0xFFBF, 0xFFFF, 0xFFFF, 0xFFFF, 0xFFFF, 0xFFFF, 0xFFFF, 0xFFFF, 0xFFFF, 0xFFFF, 0xFFFF,   // 0x3BB0 (15280) pixels
0xFFFF, 0xFFFF, 0xFFFF, 0xFFFF, 0xFFFF, 0xFFFF, 0xFFFF, 0xFFFF, 0xFFFF, 0xFFFF, 0xFFFF, 0xFFFF, 0xFFFF, 0xFFFF, 0xFFFF, 0xFFFF,   // 0x3BC0 (15296) pixels
0xFFFF, 0xFFFF, 0xFFFF, 0xFFFF, 0xFFFF, 0xFFFF, 0xFFFF, 0xFFFF, 0xFFFF, 0xFFFF, 0xFFFF, 0xFFFF, 0xFFFF, 0xEF9F, 0x0A32, 0x8D17,   // 0x3BD0 (15312) pixels
0xFFFF, 0xF7BF, 0xFFFF, 0xB61B, 0x00EC, 0xAE3E, 0xF7FF, 0xFFDD, 0xFFFE, 0xF7FF, 0x42F4, 0x2A0E, 0xEFDF, 0xFFFF, 0xF7FF, 0x120F,   // 0x3BE0 (15328) pixels
0xA5F9, 0xF7FE, 0xFFFF, 0xFFFF, 0x2A30, 0xA57A, 0xFFFF, 0xFFFE, 0xFFFD, 0xF7FF, 0xA65C, 0x09AD, 0xD73D, 0xFFFF, 0xF7DE, 0x1A12,   // 0x3BF0 (15344) pixels
0x957A, 0xFFFE, 0xFFFF, 0xFFFF, 0xFFBF, 0xFFFF, 0xFFDE, 0xFFFF, 0xFFFF, 0xFFDF, 0xE7DE, 0x3AF4, 0x6418, 0xEF7F, 0xEF9F, 0xE79F,   // 0x3C00 (15360) pixels
0xEFFF, 0xD75F, 0x5353, 0x110B, 0xCEDF, 0xF7FF, 0x1190, 0x5394, 0xF7FF, 0xFFFF, 0xFFBE, 0xF7FF, 0xAE5F, 0x00CE, 0xADFB, 0xFFFF,   // 0x3C10 (15376) pixels
0xDF5E, 0x19D0, 0xAE1D, 0xFFFE, 0xFFFF, 0x5375, 0x2190, 0x2A51, 0xDF5E, 0xFFFF, 0xFFBE, 0x2251, 0x8CFA, 0xFFFF, 0xEFFE, 0x21EE,   // 0x3C20 (15392) pixels
0x6C57, 0xF7FF, 0xF7BF, 0xFFFF, 0xFFFD, 0xE6FF, 0x092D, 0xAE1B, 0xF77F, 0xFFFF, 0x4B36, 0x096F, 0xC6DA, 0xF7FF, 0xF7BE, 0xFFFF,   // 0x3C30 (15408) pixels
0xFFFF, 0xFFDF, 0xFFFF, 0xFFFF, 0xFFFF, 0xFFFF, 0xFFDF, 0xFFFE, 0xF7FF, 0xDF3F, 0x4AF5, 0x114E, 0x21AF, 0x3A72, 0x73F4, 0xBE5E,   // 0x3C40 (15424) pixels
0xF7FF, 0xFFFE, 0xFFDE, 0xFFDF, 0xADDB, 0x010B, 0xC69C, 0xFFFF, 0xF7FF, 0xF7FE, 0xF7FF, 0x4AF5, 0x2A30, 0xF7DF, 0xFFDF, 0xC69D,   // 0x3C50 (15440) pixels
0x0A11, 0xBE7B, 0xFFFF, 0xFFFF, 0x1A31, 0x74D8, 0xF7FF, 0xF7DE, 0xFFFF, 0xFFFF, 0xBE5C, 0x11D0, 0xCF1F, 0xFFFE, 0xFFFF, 0x5376,   // 0x3C60 (15456) pixels
0x4354, 0xF7FF, 0xFFFE, 0xFFFF, 0x959A, 0x1A13, 0xF7DF, 0xFFFF, 0xEF9F, 0x110B, 0x7479, 0xEFFF, 0xFFFF, 0xFFFF, 0xF7FF, 0x8CD9,   // 0x3C70 (15472) pixels
0x012E, 0xCEFD, 0xFFDF, 0xF7FF, 0x2AD3, 0x3272, 0xF7FF, 0xFFFF, 0xF7FF, 0xFFFF, 0x8D16, 0x19D1, 0xD71E, 0xFFFF, 0xFFFF, 0xFFFF,   // 0x3C80 (15488) pixels
0xFFFF, 0xFFFF, 0xFFFF, 0xFFFF, 0xFFFF, 0xFFFF, 0xFFFF, 0xFFFF, 0xFFFF, 0xFFFF, 0xFFFF, 0xFFFF, 0xFFFF, 0xFFFF, 0xFFFF, 0xFFFF,   // 0x3C90 (15504) pixels
0xFFFF, 0xFFFF, 0xFFFF, 0xFFFF, 0xFFFF, 0xFFFF, 0xFFFF, 0xFFFF, 0xFFFF, 0xFFFF, 0xFFFF, 0xFFFF, 0xF7FF, 0xFF9E, 0xF5B7, 0xD084,   // 0x3CA0 (15520) pixels
0xE000, 0xD020, 0xE471, 0xFF7E, 0xEFFE, 0xFFFF, 0xFFFF, 0xFFBE, 0xFFDF, 0xFFFF, 0xFFFF, 0xF7FE, 0xFFDF, 0xFFDF, 0xFFFF, 0xFFFF,   // 0x3CB0 (15536) pixels
0xFFDF, 0xFEDB, 0xF576, 0xD3D0, 0xE843, 0xF001, 0xF801, 0xC821, 0xEBAD, 0xFEB8, 0xF73A, 0xFFFE, 0xF7FF, 0xFFFF, 0xFFFF, 0xF7FF,   // 0x3CC0 (15552) pixels
0xF7FF, 0xEFFF, 0xFFDE, 0xEA0A, 0xE021, 0xE863, 0xD9A8, 0xFF7C, 0xFFFF, 0xFFBF, 0xFFFF, 0xFFFF, 0xFFFF, 0xF7FF, 0xF7DF, 0xFFBF,   // 0x3CD0 (15568) pixels
0xFFFF, 0xF7FF, 0xFFFE, 0xFF3C, 0xF7DC, 0xFFFE, 0xF7FF, 0xEFFF, 0xF7FF, 0xFFFF, 0xFFFF, 0xFFBE, 0xFFFF, 0xFFFF, 0xFFFF, 0xFFFF,   // 0x3CE0 (15584) pixels
0xFFFF, 0xFFFF, 0xFFFF, 0xFFFF, 0xFFFF, 0xFFFF, 0xFFFF, 0xFFFF, 0xFFFF, 0xFFFF, 0xFFFF, 0xFFFF, 0xFFFF, 0xFFFF, 0xFFFF, 0xFFFF,   // 0x3CF0 (15600) pixels
0xFFFF, 0xFFFF, 0xFFFF, 0xFFFF, 0xFFFF, 0xFFFF, 0xFFFF, 0xFFFF, 0xFFFF, 0xFFFF, 0xFFFF, 0xFFFF, 0xFFFF, 0xFFFF, 0xFFFF, 0xFFFF,   // 0x3D00 (15616) pixels
0xFFFF, 0xFFFF, 0xFFFF, 0xEF9F, 0x1253, 0x8CF8, 0xFFFF, 0xFFFF, 0xFFFF, 0x5BD4, 0x2251, 0xF7FF, 0xFFFF, 0xFFFD, 0xFFFC, 0xFFFE,   // 0x3D10 (15632) pixels
0xCF1F, 0x00EE, 0xBE7C, 0xFFFF, 0xEF9F, 0x11D0, 0x9577, 0xFFFD, 0xFFDD, 0xFFFF, 0xE7FF, 0xF7FF, 0xF7FF, 0xF79F, 0xDF3E, 0xB61B,   // 0x3D20 (15648) pixels
0x53B4, 0x016E, 0xCF1C, 0xF7FF, 0xF7DE, 0x1A12, 0x957A, 0xFFFE, 0xFFFF, 0xFFFF, 0xFFDF, 0xFFFF, 0xFFFF, 0xFFFF, 0xFFBE, 0xFFDF,   // 0x3D30 (15664) pixels
0xF7FF, 0x3B15, 0x116E, 0x422D, 0x2A31, 0x222F, 0x2A6F, 0x092C, 0x3A91, 0xADDD, 0xF7FF, 0xC63B, 0x014E, 0xBEBB, 0xFFFF, 0xFF7F,   // 0x3D40 (15680) pixels
0xFFDF, 0xFFDE, 0xF7FF, 0x2A93, 0x5394, 0xFFFF, 0xFFFF, 0x3AF2, 0x5395, 0xFFFE, 0xE75E, 0x11F1, 0xA59B, 0x3AD3, 0x9557, 0xEFFF,   // 0x3D50 (15696) pixels
0xC65A, 0x1190, 0xD77F, 0xFFFE, 0xB67A, 0x096E, 0xAEBE, 0xDFBD, 0xDF3E, 0xDF1D, 0xD6DB, 0xF7BF, 0x19F2, 0x63F4, 0xFFFF, 0xFFFF,   // 0x3D60 (15712) pixels
0x4333, 0x4334, 0xF7FE, 0xFFFE, 0xFFFF, 0xFFFF, 0xFFFF, 0xFFDF, 0xFFFF, 0xFFFF, 0xFFFF, 0xFFFF, 0xFFDF, 0xFFDE, 0xFFFD, 0xFFDE,   // 0x3D70 (15728) pixels
0xFFFF, 0xD6FF, 0x8D38, 0x6C55, 0x326D, 0x116D, 0x4B55, 0xE7FF, 0xFFFC, 0xF7FF, 0x4B34, 0x2A93, 0xFFFE, 0xFFDE, 0xFFFF, 0xFFFE,   // 0x3D80 (15744) pixels
0xFFFE, 0xB67E, 0x010E, 0xC6BD, 0xFFFF, 0xC6BD, 0x1232, 0xC69C, 0xFFFF, 0xFFFF, 0x2A92, 0x74B8, 0xFFFF, 0xFFFF, 0xFFFF, 0xF7DE,   // 0x3D90 (15760) pixels
0xBE9D, 0x11F0, 0xCF3E, 0xFFFD, 0xFFFF, 0x5BB6, 0x4334, 0xF7FF, 0xFFFE, 0xFFFF, 0x9579, 0x1A13, 0xEFBF, 0xF7FF, 0x94F9, 0x114F,   // 0x3DA0 (15776) pixels
0xE7DF, 0xFFFE, 0xFFFE, 0xFFFE, 0xFFDE, 0xF7FF, 0x0971, 0x84F8, 0xFFBE, 0xF7FF, 0x2272, 0x84F9, 0xFFFF, 0xFFFD, 0xFFFF, 0xFFDF,   // 0x3DB0 (15792) pixels
0xB65A, 0x014F, 0xDF7F, 0xFFDF, 0xFFFF, 0xFFFF, 0xFFFF, 0xFFFF, 0xFFFF, 0xFFFF, 0xFFFF, 0xFFFF, 0xFFFF, 0xFFFF, 0xFFFF, 0xFFFF,   // 0x3DC0 (15808) pixels
0xFFFF, 0xFFFF, 0xFFFF, 0xFFFF, 0xFFFF, 0xFFFF, 0xFFFF, 0xFFFF, 0xFFFF, 0xFFFF, 0xFFFF, 0xFFFF, 0xFFFF, 0xFFFF, 0xFFFF, 0xFFFF,   // 0x3DD0 (15824) pixels
0xFFFF, 0xFFFF, 0xFFDF, 0xF7FF, 0xFFDF, 0xE5B5, 0xC8C3, 0xE800, 0xE002, 0xD9CA, 0xE5B6, 0xFF1B, 0xFFFE, 0xFFFF, 0xF7FF, 0xEFFF,   // 0x3DE0 (15840) pixels
0xFFFF, 0xFFDF, 0xFFFF, 0xFFFF, 0xFFFF, 0xFFFF, 0xFF1C, 0xECB4, 0xEAEF, 0xE1CB, 0xDAAB, 0xE2CB, 0xF2EC, 0xDA6A, 0xCAAC, 0xD3B0,   // 0x3DF0 (15856) pixels
0xD473, 0xFE7B, 0xFFDF, 0xFFFF, 0xFFFF, 0xFFFF, 0xFFFF, 0xF7FF, 0xEEFA, 0xD905, 0xE8A3, 0xD823, 0xDAEC, 0xFFFE, 0xFFDF, 0xFFBF,   // 0x3E00 (15872) pixels
0xF7FF, 0xFFFF, 0xFFFF, 0xFFFF, 0xFFFF, 0xFFDF, 0xFFFF, 0xF7FF, 0xFFFE, 0xFFFE, 0xFFFF, 0xF7FF, 0xEFBE, 0xF7DF, 0xFFFF, 0xFFFF,   // 0x3E10 (15888) pixels
0xFFFF, 0xFFFF, 0xFFFF, 0xFFFF, 0xFFFF, 0xFFFF, 0xFFFF, 0xFFFF, 0xFFFF, 0xFFFF, 0xFFFF, 0xFFFF, 0xFFFF, 0xFFFF, 0xFFFF, 0xFFFF,   // 0x3E20 (15904) pixels
0xFFFF, 0xFFFF, 0xFFFF, 0xFFFF, 0xFFFF, 0xFFFF, 0xFFFF, 0xFFFF, 0xFFFF, 0xFFFF, 0xFFFF, 0xFFFF, 0xFFFF, 0xFFFF, 0xFFFF, 0xFFFF,   // 0x3E30 (15920) pixels
0xFFFF, 0xFFFF, 0xFFFF, 0xFFFF, 0xFFFF, 0xFFFF, 0xFFFF, 0xFFFF, 0xFFFF, 0xEF9F, 0x1232, 0x8CF8, 0xFFFF, 0xFFBE, 0xFFFF, 0x2AD2,   // 0x3E40 (15936) pixels
0x4B96, 0xF79D, 0xFFBF, 0xFFFF, 0xFFBF, 0xFFBF, 0xDF9E, 0x0951, 0x957A, 0xFFFF, 0xF7DF, 0x19D1, 0x9D3A, 0xF7FF, 0xFFFE, 0xFFFD,   // 0x3E50 (15952) pixels
0xE7FF, 0x7C54, 0x3AD2, 0x42B0, 0x3AB0, 0x5333, 0x32B3, 0x2253, 0xD73D, 0xFFFF, 0xF7BD, 0x19F1, 0x957B, 0xFFFE, 0xFFFF, 0xFFFF,   // 0x3E60 (15968) pixels
0xFFFF, 0xFFFF, 0xFFFF, 0xFFFF, 0xFFFF, 0xFFDF, 0xF7FF, 0x3AF4, 0x4B54, 0xB5DA, 0x9DFC, 0x9DD9, 0x9DD9, 0xB63D, 0xF7FF, 0xF7FF,   // 0x3E70 (15984) pixels
0xF7DE, 0xAD97, 0x014F, 0xE7DF, 0xFFDF, 0xFFFF, 0xFFFF, 0xFFDF, 0xF7DE, 0x4B35, 0x32B3, 0xFFFE, 0xFFFF, 0x8559, 0x19D0, 0xFFFF,   // 0x3E80 (16000) pixels
0xADDA, 0x09F1, 0xF7FF, 0x6C17, 0x3AB0, 0xEFFF, 0x7435, 0x3273, 0xF7FF, 0xFFFE, 0xA59E, 0x0111, 0x2AD2, 0x3AD1, 0x3A92, 0x3A72,   // 0x3E90 (16016) pixels
0x3AB6, 0x3272, 0x19CF, 0x6C32, 0xFFFE, 0xF7DE, 0x4B53, 0x53B6, 0xFFFF, 0xFFBF, 0xFFFF, 0xFFFF, 0xFFDF, 0xFFFF, 0xFFFF, 0xFFFF,   // 0x3EA0 (16032) pixels
0xFFFF, 0xFFFF, 0xFFDF, 0xFFFF, 0xFFFF, 0xFFFE, 0xFFFD, 0xFFFE, 0xF7FF, 0xF7FF, 0xEFFF, 0xA5BB, 0x010E, 0x5BF5, 0xFFFD, 0xEFFE,   // 0x3EB0 (16048) pixels
0x2A92, 0x4BB9, 0xFFFF, 0xFFFF, 0xFFFE, 0xFFBF, 0xFFFE, 0xCF5C, 0x1190, 0x9D99, 0xFFFF, 0xC69C, 0x0A11, 0xCEDD, 0xFFFF, 0xFFFF,   // 0x3EC0 (16064) pixels
0x2A92, 0x6C77, 0xFFFF, 0xFFBE, 0xF7BE, 0xFFFF, 0xADFB, 0x1A12, 0xC6FE, 0xFFFE, 0xFFFE, 0x5375, 0x3B13, 0xF7FF, 0xFFFE, 0xFFFF,   // 0x3ED0 (16080) pixels
0x9579, 0x1A32, 0xF7DE, 0xF7FF, 0x7476, 0x21D3, 0xF7FF, 0xFFBD, 0xFFDF, 0xFFFF, 0xFFFE, 0xF7FE, 0x2A95, 0x63F5, 0xFFFE, 0xEFFF,   // 0x3EE0 (16096) pixels
0x2271, 0x8D18, 0xFFFE, 0xFFFD, 0xFFFF, 0xFFFF, 0xBE7A, 0x0970, 0xE7BF, 0xFFDF, 0xFFFF, 0xFFFF, 0xFFFF, 0xFFFF, 0xFFFF, 0xFFFF,   // 0x3EF0 (16112) pixels
0xFFFF, 0xFFFF, 0xFFFF, 0xFFFF, 0xFFFF, 0xFFFF, 0xFFFF, 0xFFFF, 0xFFFF, 0xFFFF, 0xFFFF, 0xFFFF, 0xFFFF, 0xFFFF, 0xFFFF, 0xFFFF,   // 0x3F00 (16128) pixels
0xFFFF, 0xFFFF, 0xFFFF, 0xFFFF, 0xFFFF, 0xFFFF, 0xFFFF, 0xFFFF, 0xF7FF, 0xFFBF, 0xF7FF, 0xFFFF, 0xFF3A, 0xD269, 0xD022, 0xE801,   // 0x3F10 (16144) pixels
0xD803, 0xE1A8, 0xEC10, 0xEE57, 0xF7DD, 0xF7FF, 0xF7FF, 0xF7BF, 0xFFDF, 0xFFDF, 0xFFFF, 0xF7FF, 0xF7FF, 0xEFDE, 0xF7FE, 0xFFFE,   // 0x3F20 (16160) pixels
0xFFFE, 0xFFFE, 0xFFFE, 0xFFFF, 0xFFBF, 0xFFDF, 0xE79E, 0xEFFF, 0xF7FF, 0xF7FF, 0xFFFE, 0xFF9C, 0xFFFF, 0xF7FF, 0xEE17, 0xD8A3,   // 0x3F30 (16176) pixels
0xF0C3, 0xD043, 0xDC51, 0xFFFF, 0xF7BF, 0xFFDF, 0xF7FF, 0xFFFF, 0xFFBE, 0xFFFF, 0xFFFF, 0xFFFF, 0xFFDF, 0xFFFF, 0xF7FE, 0xEFFF,   // 0x3F40 (16192) pixels
0xFFDF, 0xFFDF, 0xFFDF, 0xFFDF, 0xFFBF, 0xFFFF, 0xFFFF, 0xF7FF, 0xFFFF, 0xFFFF, 0xFFFF, 0xFFFF, 0xFFFF, 0xFFFF, 0xFFFF, 0xFFFF,   // 0x3F50 (16208) pixels
0xFFFF, 0xFFFF, 0xFFFF, 0xFFFF, 0xFFFF, 0xFFFF, 0xFFFF, 0xFFFF, 0xFFFF, 0xFFFF, 0xFFFF, 0xFFFF, 0xFFFF, 0xFFFF, 0xFFFF, 0xFFFF,   // 0x3F60 (16224) pixels
0xFFFF, 0xFFFF, 0xFFFF, 0xFFFF, 0xFFFF, 0xFFFF, 0xFFFF, 0xFFFF, 0xFFFF, 0xFFFF, 0xFFFF, 0xFFFF, 0xFFFF, 0xFFFF, 0xFFFF, 0xEF9F,   // 0x3F70 (16240) pixels
0x1A53, 0x8CF8, 0xFFFF, 0xFFDF, 0xF7FF, 0x3313, 0x3B35, 0xFFFF, 0xFFDF, 0xFFBE, 0xFFDF, 0xFFFF, 0xD77D, 0x0971, 0x9DFB, 0xFFFF,   // 0x3F80 (16256) pixels
0xF7BE, 0x19D0, 0x951A, 0xF7DF, 0xFFFF, 0xE71D, 0x2230, 0x31CF, 0x84F9, 0xC65C, 0xCEFD, 0xEFFF, 0xC73F, 0x118E, 0xCEBB, 0xFFDF,   // 0x3F90 (16272) pixels
0xF7DE, 0x19F1, 0x959B, 0xFFFF, 0xFFFF, 0xFFFF, 0xFFFF, 0xFFFF, 0xFFFF, 0xFFFF, 0xFFFE, 0xFFDF, 0xF7FF, 0x32D1, 0x6455, 0xFFFF,   // 0x3FA0 (16288) pixels
0xF7FF, 0xFFFE, 0xFFFF, 0xFFFF, 0xFFFF, 0xF7FD, 0xFFFF, 0xADB8, 0x0151, 0xD75E, 0xFFFF, 0xFFFE, 0xF7DC, 0xFFFF, 0xFFFF, 0x4B36,   // 0x3FB0 (16304) pixels
0x3AB3, 0xFFFF, 0xFFFF, 0xCF7F, 0x11B0, 0xDF5F, 0x7415, 0x3334, 0xFFFF, 0xADDB, 0x220F, 0xDFFF, 0x42D3, 0x8498, 0xF7FF, 0xFFFE,   // 0x3FC0 (16320) pixels
0xADDA, 0x114C, 0xB6DC, 0xBEFB, 0xCEFC, 0xC6DC, 0xC6DE, 0xCF5D, 0xDFBF, 0xDF9D, 0xFFFE, 0xFFFF, 0x4315, 0x53B8, 0xF7FF, 0xFFFF,   // 0x3FD0 (16336) pixels
0xFFFF, 0xFFFF, 0xFFFF, 0xFFFF, 0xFFFF, 0xFFDF, 0xFFDF, 0xFFFF, 0xF7DD, 0xFFFF, 0x52D1, 0xAD9B, 0xF7FF, 0xFFFF, 0xFFBF, 0xFFBF,   // 0x3FE0 (16352) pixels
0xFFFF, 0xFFFF, 0x955B, 0x090C, 0xFFFF, 0xF7FF, 0x32F1, 0x3336, 0xFFFF, 0xFFBE, 0xFFFF, 0xFFBF, 0xFFFE, 0xCF3C, 0x010D, 0xAE1B,   // 0x3FF0 (16368) pixels
0xFFFF, 0xC6BD, 0x09F0, 0xC6BC, 0xFFFF, 0xFFFF, 0x2231, 0x7D19, 0xFFFE, 0xFFFD, 0xFFFE, 0xFFFF, 0xC69E, 0x2212, 0xCE9D, 0xFFFE,   // 0x4000 (16384) pixels
0xFFFF, 0x63D6, 0x4333, 0xF7FF, 0xFFDE, 0xFFFF, 0x9578, 0x1A32, 0xEFBE, 0xF7FE, 0x84D7, 0x1170, 0xF7FF, 0xFFFE, 0xFF9F, 0xFFFF,   // 0x4010 (16400) pixels
0xFFFE, 0xF7FF, 0x2234, 0x6415, 0xFFFF, 0xEFFF, 0x2271, 0x84F6, 0xFFFF, 0xFFDF, 0xFFDF, 0xFFFF, 0xB63A, 0x0970, 0xD71E, 0xFFFF,   // 0x4020 (16416) pixels
0xFFFF, 0xFFFF, 0xFFFF, 0xFFFF, 0xFFFF, 0xFFFF, 0xFFFF, 0xFFFF, 0xFFFF, 0xFFFF, 0xFFFF, 0xFFFF, 0xFFFF, 0xFFFF, 0xFFFF, 0xFFFF,   // 0x4030 (16432) pixels
0xFFFF, 0xFFFF, 0xFFFF, 0xFFFF, 0xFFFF, 0xFFFF, 0xFFFF, 0xFFFF, 0xFFFF, 0xFFFF, 0xFFFF, 0xFFFF, 0xFFFF, 0xFFFF, 0xFFFF, 0xFFFF,   // 0x4040 (16448) pixels
0xFF9F, 0xFFFF, 0xFFDF, 0xF7DD, 0xF553, 0xDA68, 0xF001, 0xE800, 0xE001, 0xE084, 0xE9E8, 0xEB6E, 0xFCF3, 0xFE37, 0xE75C, 0xEF9D,   // 0x4050 (16464) pixels
0xEFDE, 0xEFBE, 0xF7FF, 0xF7FF, 0xFFFF, 0xFFFE, 0xFFDE, 0xFFFF, 0xFFFF, 0xFFFF, 0xFFDE, 0xF7DE, 0xE7BD, 0xDFBE, 0xFE79, 0xFDB6,   // 0x4060 (16480) pixels
0xFC92, 0xEC31, 0xF75D, 0xEFFF, 0xECD3, 0xD800, 0xE8A3, 0xD0C4, 0xEDF7, 0xFFFF, 0xF7DF, 0xFFFF, 0xFFFF, 0xFFFF, 0xFFFF, 0xFFFF,   // 0x4070 (16496) pixels
0xFFFF, 0xFFDF, 0xFFBF, 0xFFFF, 0xFFFF, 0xF7FF, 0xFFFF, 0xFFDF, 0xFFDF, 0xFFDF, 0xFFDF, 0xFFFF, 0xFFFF, 0xFFFF, 0xFFFF, 0xFFFF,   // 0x4080 (16512) pixels
0xFFFF, 0xFFFF, 0xFFFF, 0xFFFF, 0xFFFF, 0xFFFF, 0xFFFF, 0xFFFF, 0xFFFF, 0xFFFF, 0xFFFF, 0xFFFF, 0xFFFF, 0xFFFF, 0xFFFF, 0xFFFF,   // 0x4090 (16528) pixels
0xFFFF, 0xFFFF, 0xFFFF, 0xFFFF, 0xFFFF, 0xFFFF, 0xFFFF, 0xFFFF, 0xFFFF, 0xFFFF, 0xFFFF, 0xFFFF, 0xFFFF, 0xFFFF, 0xFFFF, 0xFFFF,   // 0x40A0 (16544) pixels
0xFFFF, 0xFFFF, 0xFFFF, 0xFFFF, 0xFFFF, 0xEF9F, 0x1253, 0x8CD7, 0xFFFF, 0xFFFF, 0xFFFF, 0x8519, 0x098E, 0xEFDF, 0xFFFF, 0xF7DE,   // 0x40B0 (16560) pixels
0xFFFE, 0xFFFF, 0x8D19, 0x0950, 0xCF3E, 0xFFFF, 0xFFFF, 0x11B0, 0xA57A, 0xFFFF, 0xF7DF, 0x94B8, 0x014F, 0xEFFF, 0xFFFF, 0xFFBC,   // 0x40C0 (16576) pixels
0xFFFE, 0xFFFF, 0x8D5A, 0x118F, 0xD71D, 0xFFDF, 0xFFFE, 0x19F1, 0x957A, 0xFFFF, 0xFFFF, 0xFFFF, 0xFFDF, 0xFFFF, 0xFFFE, 0xFFFF,   // 0x40D0 (16592) pixels
0xFFFE, 0xFFDF, 0xF7FF, 0x2A8F, 0x6434, 0xFFFF, 0xFFDD, 0xFFFD, 0xFFFF, 0xFFBF, 0xFFBF, 0xFFFF, 0xF7FF, 0xDF3F, 0x0111, 0x9598,   // 0x40E0 (16608) pixels
0xFFFF, 0xFFFF, 0xFFFF, 0xFFFF, 0xEFFF, 0x0930, 0x84B8, 0xFFDF, 0xFFFE, 0xF7FF, 0x3AF2, 0x63F6, 0x3AB1, 0x8D7A, 0xFFFF, 0xE79F,   // 0x40F0 (16624) pixels
0x32B2, 0x7CB7, 0x2A32, 0xCEBC, 0xF7FF, 0xFFFF, 0xDEFF, 0x10EF, 0xB61E, 0xFFFF, 0xFFDF, 0xFFFF, 0xFFFE, 0xFFBF, 0xCEDF, 0xEFDF,   // 0x4100 (16640) pixels
0xFFDF, 0xFFFF, 0x3AF3, 0x6439, 0xF7FF, 0xFFFE, 0xFFFF, 0xFFFF, 0xFFFF, 0xFFFF, 0xFFDF, 0xFFDF, 0xFFFF, 0xFFFF, 0xFFFE, 0xF7DF,   // 0x4110 (16656) pixels
0x3A50, 0x3A92, 0xE7DF, 0xFFFF, 0xFFFD, 0xFFDD, 0xFFFD, 0xFFFF, 0x8D3A, 0x194E, 0xEF5F, 0xFFFF, 0x7495, 0x09B1, 0xEFFD, 0xFFFF,   // 0x4120 (16672) pixels
0xF7BE, 0xFFFF, 0xF7FE, 0x8D39, 0x094F, 0xDF5E, 0xFFFF, 0xC69D, 0x0A11, 0xC69C, 0xFFFF, 0xFFFF, 0x1A10, 0x6C77, 0xFFFD, 0xFFFD,   // 0x4130 (16688) pixels
0xFFFE, 0xFFDF, 0x9D9A, 0x11B0, 0xDF1F, 0xFFFE, 0xF7FE, 0x5B95, 0x4354, 0xF7FF, 0xFFDF, 0xFFDF, 0x9599, 0x1A12, 0xF7BF, 0xFFFF,   // 0x4140 (16704) pixels
0xB61D, 0x090D, 0xBE9C, 0xFFFF, 0xFFDF, 0xF7FF, 0xFFFF, 0xCEDD, 0x010E, 0xA5FB, 0xFFFF, 0xF7FF, 0x2271, 0x8D39, 0xFFFF, 0xFFDF,   // 0x4150 (16720) pixels
0xFFFF, 0xFFDF, 0xB61A, 0x1191, 0xD75F, 0xFFFF, 0xFFFF, 0xFFFF, 0xFFFF, 0xFFFF, 0xFFFF, 0xFFFF, 0xFFFF, 0xFFFF, 0xFFFF, 0xFFFF,   // 0x4160 (16736) pixels
0xFFFF, 0xFFFF, 0xFFFF, 0xFFFF, 0xFFFF, 0xFFFF, 0xFFFF, 0xFFFF, 0xFFFF, 0xFFFF, 0xFFFF, 0xFFFF, 0xFFFF, 0xFFFF, 0xFFFF, 0xFFFF,   // 0x4170 (16752) pixels
0xFFFF, 0xFFFF, 0xFFFF, 0xFFFF, 0xFFBF, 0xFFDF, 0xF7FF, 0xFF9F, 0xFFDF, 0xFFFF, 0xEFDD, 0xFFDC, 0xED32, 0xDBAD, 0xD167, 0xD803,   // 0x4180 (16768) pixels
0xE802, 0xE802, 0xD802, 0xD062, 0xD106, 0xE1C8, 0xE28B, 0xDAEC, 0xDB8E, 0xE3CF, 0xF451, 0xEC10, 0xE470, 0xE430, 0xE3AF, 0xE34E,   // 0x4190 (16784) pixels
0xE2EC, 0xE28A, 0xE209, 0xD147, 0xE865, 0xD803, 0xE003, 0xD085, 0xEE39, 0xF7FF, 0xFB2E, 0xD820, 0xE862, 0xD9A8, 0xFF7C, 0xFFFF,   // 0x41A0 (16800) pixels
0xF7FF, 0xFFFF, 0xFFFF, 0xFFFF, 0xFFFF, 0xFFFF, 0xFFDF, 0xFFFF, 0xF7DE, 0xFFFF, 0xFFFF, 0xFFFF, 0xFFFF, 0xF7BF, 0xFFFF, 0xFFFF,   // 0x41B0 (16816) pixels
0xFFFF, 0xFFFF, 0xFFDF, 0xFFFF, 0xFFFF, 0xFFFF, 0xFFFF, 0xFFFF, 0xFFFF, 0xFFFF, 0xFFFF, 0xFFFF, 0xFFFF, 0xFFFF, 0xFFFF, 0xFFFF,   // 0x41C0 (16832) pixels
0xFFFF, 0xFFFF, 0xFFFF, 0xFFFF, 0xFFFF, 0xFFFF, 0xFFFF, 0xFFFF, 0xFFFF, 0xFFFF, 0xFFFF, 0xFFFF, 0xFFFF, 0xFFFF, 0xFFFF, 0xFFFF,   // 0x41D0 (16848) pixels
0xFFFF, 0xFFFF, 0xFFFF, 0xFFFF, 0xFFFF, 0xFFFF, 0xFFFF, 0xFFFF, 0xFFFF, 0xFFFF, 0xFFFF, 0xEF9F, 0x0A32, 0x9517, 0xFFFF, 0xF7DF,   // 0x41E0 (16864) pixels
0xFFFF, 0xDF5F, 0x092C, 0x5BB4, 0xE7FF, 0xF7FF, 0xFFFF, 0xD73F, 0x114E, 0x5B94, 0xFFFF, 0xFFFF, 0xF7DF, 0x0951, 0x8CFA, 0xF7FF,   // 0x41F0 (16880) pixels
0xFFFF, 0x8477, 0x016E, 0xEFFF, 0xFFFF, 0xFFFF, 0xF7BF, 0xA57B, 0x118F, 0x11D2, 0xD75E, 0xFFFF, 0xF7DE, 0x11B0, 0x8D5A, 0xFFFF,   // 0x4200 (16896) pixels
0xFFFF, 0xFFFE, 0xFFDF, 0xFFFF, 0xFFFE, 0xFFFF, 0xFFDE, 0xFFDF, 0xF7FF, 0x2AB1, 0x6435, 0xFFFF, 0xFFFE, 0xFFFE, 0xFFFE, 0xFFFE,   // 0x4210 (16912) pixels
0xFFFF, 0xFFFF, 0xFFFF, 0xFFFF, 0x5B78, 0x090B, 0xD75E, 0xF7FF, 0xF7DF, 0xE7FF, 0x5375, 0x112F, 0xEF7E, 0xFFFF, 0xFFFE, 0xFFFF,   // 0x4220 (16928) pixels
0x8D18, 0x00EF, 0x2A50, 0xD77E, 0xFFFF, 0xFFFF, 0x5BD4, 0x08ED, 0x42F4, 0xFFDE, 0xFFFF, 0xFFFF, 0xFFFF, 0x5B56, 0x114D, 0xDF3E,   // 0x4230 (16944) pixels
0xFFDF, 0xFFFF, 0xFFFF, 0x73B4, 0x190B, 0xE77F, 0xFFFE, 0xFFFF, 0x4333, 0x4BB6, 0xF7FF, 0xFFDF, 0xFFFF, 0xFFFF, 0xFFFF, 0xFFFF,   // 0x4240 (16960) pixels
0xFFDF, 0xFFFF, 0xFFFF, 0xFFFF, 0xF7BF, 0xFFFF, 0xB63B, 0x090B, 0x957B, 0xEFFF, 0xF7FD, 0xFFFD, 0xFFDF, 0xCF1F, 0x092D, 0x6BF5,   // 0x4250 (16976) pixels
0xFFFF, 0xFFFD, 0xDF3D, 0x012D, 0x6412, 0xEFFF, 0xEFFF, 0xF7FF, 0xCEBE, 0x08ED, 0x5BD6, 0xFFFF, 0xFFFF, 0xC6BD, 0x1231, 0xC6BC,   // 0x4260 (16992) pixels
0xFFFF, 0xFFBE, 0x4B76, 0x19CD, 0xEFFF, 0xF7FF, 0xE7DF, 0xCEDE, 0x224E, 0x0130, 0xDF7F, 0xFFFD, 0xFFFF, 0x5375, 0x2A71, 0xE7BF,   // 0x4270 (17008) pixels
0xFFDF, 0xFFDF, 0x9DDA, 0x11F1, 0xEF7F, 0xFFFF, 0xFFFF, 0x326F, 0x2A2F, 0xD79F, 0xF7FF, 0xF7FF, 0xE7FF, 0x3270, 0x1A30, 0xEFFF,   // 0x4280 (17024) pixels
0xFFDF, 0xFFFF, 0x2271, 0x7C98, 0xFFFF, 0xFFBE, 0xFFFF, 0xFFDF, 0xB63A, 0x012F, 0xDF5E, 0xFFFF, 0xFFFF, 0xFFFF, 0xFFFF, 0xFFFF,   // 0x4290 (17040) pixels
0xFFFF, 0xFFFF, 0xFFFF, 0xFFFF, 0xFFFF, 0xFFFF, 0xFFFF, 0xFFFF, 0xFFFF, 0xFFFF, 0xFFFF, 0xFFFF, 0xFFFF, 0xFFFF, 0xFFFF, 0xFFFF,   // 0x42A0 (17056) pixels
0xFFFF, 0xFFFF, 0xFFFF, 0xFFFF, 0xFFFF, 0xFFFF, 0xFFFF, 0xFFFF, 0xFFFF, 0xFFFF, 0xFFFF, 0xFFFF, 0xFFDF, 0xF7FF, 0xFFFF, 0xFF9F,   // 0x42B0 (17072) pixels
0xFFDF, 0xEFFF, 0xF7FF, 0xF7FF, 0xEEFB, 0xE5B6, 0xE430, 0xDA8A, 0xD945, 0xE0C3, 0xE020, 0xE000, 0xE800, 0xE800, 0xE821, 0xE000,   // 0x42C0 (17088) pixels
0xE001, 0xE000, 0xD800, 0xE001, 0xE001, 0xE001, 0xE020, 0xD000, 0xE000, 0xF020, 0xD104, 0xD1C6, 0xF2EA, 0xF34D, 0xF7FD, 0xEFFE,   // 0x42D0 (17104) pixels
0xF1EA, 0xE060, 0xE841, 0xEA6A, 0xFFFE, 0xFFBF, 0xEFFF, 0xFFFF, 0xFFDF, 0xFFFF, 0xF7FF, 0xFFFF, 0xFFFF, 0xFFFF, 0xF7FF, 0xFFFF,   // 0x42E0 (17120) pixels
0xFFBF, 0xFFDF, 0xFFDF, 0xFFDF, 0xFFFF, 0xFFFF, 0xF7FE, 0xFFFF, 0xFFFF, 0xFFFF, 0xFFFF, 0xFFFF, 0xFFFF, 0xFFFF, 0xFFFF, 0xFFFF,   // 0x42F0 (17136) pixels
0xFFFF, 0xFFFF, 0xFFFF, 0xFFFF, 0xFFFF, 0xFFFF, 0xFFFF, 0xFFFF, 0xFFFF, 0xFFFF, 0xFFFF, 0xFFFF, 0xFFFF, 0xFFFF, 0xFFFF, 0xFFFF,   // 0x4300 (17152) pixels
0xFFFF, 0xFFFF, 0xFFFF, 0xFFFF, 0xFFFF, 0xFFFF, 0xFFFF, 0xFFFF, 0xFFFF, 0xFFFF, 0xFFFF, 0xFFFF, 0xFFFF, 0xFFFF, 0xFFFF, 0xFFFF,   // 0x4310 (17168) pixels
0xFFFF, 0xEF9F, 0x016F, 0x84B5, 0xF7DE, 0xFFFF, 0xFFDE, 0xFFFF, 0xAE1F, 0x00EC, 0x2A91, 0x7C54, 0x7BD7, 0x110F, 0x3294, 0xE7FF,   // 0x4320 (17184) pixels
0xFFFF, 0xFFFD, 0xFFFD, 0x4BB8, 0x00AA, 0x8CF6, 0xF7FF, 0xDF5F, 0x1211, 0x21EF, 0x6C7A, 0x7458, 0x42F1, 0x32B0, 0x6CBA, 0x014E,   // 0x4330 (17200) pixels
0xB678, 0xFFFE, 0xF7BD, 0x096F, 0x8D19, 0xFFFF, 0xFFFF, 0xFFFE, 0xFFDF, 0xFFFF, 0xFFFE, 0xFFFF, 0xFFFF, 0xFFDF, 0xEFFF, 0x11D0,   // 0x4340 (17216) pixels
0x53B5, 0xFFFF, 0xF7FF, 0xFFFF, 0xFFDF, 0xFFFE, 0xFFFF, 0xFFDF, 0xFFFF, 0xFFFD, 0xF7DF, 0x3254, 0x096D, 0x63D5, 0x7C98, 0x2272,   // 0x4350 (17232) pixels
0x0930, 0xBE39, 0xFFDD, 0xFFBF, 0xFFFD, 0xFFFF, 0xCEFE, 0x0070, 0x4314, 0xFFFE, 0xFFFF, 0xFFFE, 0x95DA, 0x000D, 0x7C99, 0xFFFD,   // 0x4360 (17248) pixels
0xFFDF, 0xFFFF, 0xFFFD, 0xE7FF, 0x3294, 0x096A, 0x6413, 0x6457, 0x2AF3, 0x00F1, 0xB63C, 0xF7FF, 0xFFFF, 0xFFFF, 0x2A72, 0x4336,   // 0x4370 (17264) pixels
0xFFFF, 0xFFFE, 0xFFFF, 0xFFDF, 0xFFFF, 0xFFFF, 0xFFDF, 0xFFFF, 0xFFFF, 0xFFDF, 0xFFDF, 0xFFDE, 0xF7FF, 0x8C9A, 0x08AE, 0x42B4,   // 0x4380 (17280) pixels
0x7CB9, 0x84FA, 0x6BB4, 0x0110, 0x3B36, 0xEFFF, 0xEFFF, 0xFFFF, 0xFFDF, 0xA61C, 0x00EE, 0x328E, 0x7477, 0x63B3, 0x190D, 0x3A75,   // 0x4390 (17296) pixels
0xE7FF, 0xFFFE, 0xFFFF, 0xBE7C, 0x016F, 0xBE5B, 0xFFFF, 0xFFFF, 0xC73F, 0x11AC, 0x118E, 0x6416, 0x5395, 0x220E, 0x32F3, 0x0A15,   // 0x43A0 (17312) pixels
0xCF1F, 0xFFFE, 0xFFFE, 0x9DBE, 0x00CC, 0x532F, 0xF77E, 0xFFFF, 0x84D7, 0x016F, 0xEFBD, 0xFFFE, 0xFFFF, 0xD77F, 0x11D1, 0x1A0D,   // 0x43B0 (17328) pixels
0x7456, 0x7416, 0x220C, 0x114F, 0xBF3F, 0xF7FF, 0xFFBE, 0xFFFE, 0x11AE, 0x7C7A, 0xF7FF, 0xFFFE, 0xFFFF, 0xFFFF, 0xA618, 0x010D,   // 0x43C0 (17344) pixels
0xDF5E, 0xFFDF, 0xFFFF, 0xFFFF, 0xFFFF, 0xFFFF, 0xFFFF, 0xFFFF, 0xFFFF, 0xFFFF, 0xFFFF, 0xFFFF, 0xFFFF, 0xFFFF, 0xFFFF, 0xFFFF,   // 0x43D0 (17360) pixels
0xFFFF, 0xFFFF, 0xFFFF, 0xFFFF, 0xFFFF, 0xFFFF, 0xFFFF, 0xFFFF, 0xFFFF, 0xFFFF, 0xFFFF, 0xFFFF, 0xFFFF, 0xFFFF, 0xFFFF, 0xFFFF,   // 0x43E0 (17376) pixels
0xFFFF, 0xFFFF, 0xFFFF, 0xFFFF, 0xFFFF, 0xFFFF, 0xFFFF, 0xFFFF, 0xFFFF, 0xFFFF, 0xFFFF, 0xFFFF, 0xFFFF, 0xFFDF, 0xEF7D, 0xE71C,   // 0x43F0 (17392) pixels
0xFD56, 0xF514, 0xEC73, 0xDBF1, 0xDB8F, 0xD34F, 0xDB4F, 0xDB4F, 0xD34F, 0xDB90, 0xDBF1, 0xE452, 0xE4B3, 0xED55, 0xF5D7, 0xFE38,   // 0x4400 (17408) pixels
0xFF1D, 0xEFDF, 0xEFFF, 0xFF9F, 0xFFFF, 0xFF3C, 0xC907, 0xF045, 0xE000, 0xEBAE, 0xFFFF, 0xFFFF, 0xFFDF, 0xFFFF, 0xFFFF, 0xFFFF,   // 0x4410 (17424) pixels
0xFFFF, 0xFFFF, 0xFFFF, 0xFFFF, 0xFFFF, 0xFFFF, 0xFFFF, 0xFFFF, 0xFFFF, 0xFFFF, 0xFFFF, 0xFFFF, 0xFFFF, 0xFFFF, 0xFFFF, 0xFFFF,   // 0x4420 (17440) pixels
0xFFFF, 0xFFFF, 0xFFFF, 0xFFFF, 0xFFFF, 0xFFFF, 0xFFFF, 0xFFFF, 0xFFFF, 0xFFFF, 0xFFFF, 0xFFFF, 0xFFFF, 0xFFFF, 0xFFFF, 0xFFFF,   // 0x4430 (17456) pixels
0xFFFF, 0xFFFF, 0xFFFF, 0xFFFF, 0xFFFF, 0xFFFF, 0xFFFF, 0xFFFF, 0xFFFF, 0xFFFF, 0xFFFF, 0xFFFF, 0xFFFF, 0xFFFF, 0xFFFF, 0xFFFF,   // 0x4440 (17472) pixels
0xFFFF, 0xFFFF, 0xFFFF, 0xFFFF, 0xFFFF, 0xFFFF, 0xFFFF, 0xFFFF, 0xB596, 0xD6DB, 0xF7DF, 0xFFFF, 0xFFFF, 0xFFFF, 0xFFDF, 0xE73D,   // 0x4450 (17488) pixels
0x63B5, 0x42B0, 0x4ACF, 0x9D17, 0xEF9F, 0xFFFF, 0xFFFF, 0xFFDF, 0xFFFF, 0xEF9F, 0x9D35, 0xBE19, 0xF7DF, 0xFFFF, 0xEF7E, 0x8452,   // 0x4460 (17504) pixels
0x4310, 0x4B30, 0x7C95, 0xEFFF, 0xF7FF, 0xADB8, 0xCE9B, 0xFFFF, 0xF7BE, 0xC638, 0xDEDB, 0xFFFF, 0xFFFF, 0xFFFF, 0xFFFF, 0xFFFF,   // 0x4470 (17520) pixels
0xFFFF, 0xFFFF, 0xFFFF, 0xFFFF, 0xF79E, 0xCE59, 0xCE59, 0xFFDF, 0xFFFF, 0xFFFF, 0xFFFF, 0xFFFF, 0xFFFF, 0xFFFF, 0xFFFF, 0xFFFF,   // 0x4480 (17536) pixels
0xFFFF, 0xEFBF, 0x9538, 0x4330, 0x32AE, 0x6C13, 0xD6FD, 0xFFFF, 0xFFFF, 0xFFDF, 0xFFFF, 0xFFFF, 0xF7BE, 0xC639, 0xD6BA, 0xFFDF,   // 0x4490 (17552) pixels
0xFFFF, 0xFFFF, 0xE73D, 0xBDD7, 0xE73C, 0xFFFF, 0xFFFF, 0xFFFF, 0xFFFF, 0xFFFF, 0xF7FF, 0x9D59, 0x4AF0, 0x42CF, 0x6C33, 0xBEFE,   // 0x44A0 (17568) pixels
0xFFFF, 0xFFDF, 0xFFFF, 0xF7BF, 0xD69A, 0xD6BA, 0xF7BE, 0xFFFF, 0xFFFF, 0xFFFF, 0xFFFF, 0xFFFF, 0xFFFF, 0xFFFF, 0xFFFF, 0xFFFF,   // 0x44B0 (17584) pixels
0xFFFF, 0xFFDF, 0xFFFF, 0xF7DF, 0xBE1B, 0x63B2, 0x3A6E, 0x3A8F, 0x5AF0, 0xA578, 0xEFBF, 0xFFFF, 0xFFFE, 0xFFFE, 0xFFFF, 0xFFFF,   // 0x44C0 (17600) pixels
0xBF1E, 0x6C54, 0x3AAE, 0x4ACF, 0x9D38, 0xF7FF, 0xFFFF, 0xFFFF, 0xFFFF, 0xE73D, 0xC638, 0xE73C, 0xFFFF, 0xFFFF, 0xFFFF, 0xEF5D,   // 0x44D0 (17616) pixels
0x63F4, 0x42F0, 0x5B71, 0xC6BD, 0xEFDF, 0xBE39, 0xDF3D, 0xFFFF, 0xFFFF, 0xF7BF, 0xBE19, 0xAD97, 0xE77E, 0xFFFF, 0xD6FC, 0xB5F8,   // 0x44E0 (17632) pixels
0xFFDE, 0xFFFF, 0xFFFF, 0xFFFF, 0xDF3F, 0x84B6, 0x42AF, 0x4290, 0x8C53, 0xEF5E, 0xFFFF, 0xF7FE, 0xFFFF, 0xEF9E, 0xC63A, 0xD6DD,   // 0x44F0 (17648) pixels
0xFFDF, 0xFFFF, 0xFFFF, 0xFFFF, 0xE73C, 0xC638, 0xEF7E, 0xFFFF, 0xFFFF, 0xFFFF, 0xFFFF, 0xFFFF, 0xFFFF, 0xFFFF, 0xFFFF, 0xFFFF,   // 0x4500 (17664) pixels
0xFFFF, 0xFFFF, 0xFFFF, 0xFFFF, 0xFFFF, 0xFFFF, 0xFFFF, 0xFFFF, 0xFFFF, 0xFFFF, 0xFFFF, 0xFFFF, 0xFFFF, 0xFFFF, 0xFFFF, 0xFFFF,   // 0x4510 (17680) pixels
0xFFFF, 0xFFFF, 0xFFFF, 0xFFFF, 0xFFFF, 0xFFFF, 0xFFFF, 0xFFFF, 0xFFFF, 0xFFFF, 0xFFFF, 0xFFFF, 0xFFFF, 0xFFFF, 0xFFFF, 0xFFDF,   // 0x4520 (17696) pixels
0xFFDF, 0xFFFF, 0xFFFF, 0xFFFF, 0xFFFF, 0xFFDF, 0xF7FE, 0xF7FE, 0xF7FE, 0xFFFE, 0xFFFE, 0xFFFE, 0xFFFE, 0xFFFE, 0xFFDE, 0xFFFE,   // 0x4530 (17712) pixels
0xFFFF, 0xFFFE, 0xFFFE, 0xFFFE, 0xFFFF, 0xFFFF, 0xFFDF, 0xFFFF, 0xF7FF, 0xF7FF, 0xFFFE, 0xF4F3, 0xD084, 0xE8E4, 0xD882, 0xDC0F,   // 0x4540 (17728) pixels
0xFFFF, 0xEFFF, 0xFFFF, 0xFFFF, 0xFFFF, 0xFFBF, 0xFFFF, 0xFFFF, 0xFFFF, 0xFFFF, 0xFFFF, 0xFFFF, 0xFFFF, 0xFFFF, 0xFFFF, 0xFFFF,   // 0x4550 (17744) pixels
0xFFFF, 0xFFFF, 0xFFFF, 0xFFFF, 0xFFFF, 0xFFFF, 0xFFFF, 0xFFFF, 0xFFFF, 0xFFFF, 0xFFFF, 0xFFFF, 0xFFFF, 0xFFFF, 0xFFFF, 0xFFFF,   // 0x4560 (17760) pixels
0xFFFF, 0xFFFF, 0xFFFF, 0xFFFF, 0xFFFF, 0xFFFF, 0xFFFF, 0xFFFF, 0xFFFF, 0xFFFF, 0xFFFF, 0xFFFF, 0xFFFF, 0xFFFF, 0xFFFF, 0xFFFF,   // 0x4570 (17776) pixels
0xFFFF, 0xFFFF, 0xFFFF, 0xFFFF, 0xFFFF, 0xFFFF, 0xFFFF, 0xFFFF, 0xFFFF, 0xFFFF, 0xFFFF, 0xFFFF, 0xFFFF, 0xFFFF, 0xF7BF, 0xFFFF,   // 0x4580 (17792) pixels
0xFFFF, 0xFFFF, 0xFFDF, 0xFFFF, 0xFFFF, 0xFFDF, 0xF7FF, 0xF7FF, 0xF7FF, 0xFFFF, 0xFFFF, 0xFFFF, 0xFFDE, 0xFFFF, 0xF7DF, 0xFFFF,   // 0x4590 (17808) pixels
0xFFFF, 0xFFFF, 0xFFFF, 0xFFFF, 0xFFFF, 0xF7DF, 0xF7FF, 0xF7FF, 0xF7DF, 0xFFFF, 0xFFFF, 0xF79F, 0xFFFF, 0xFFFF, 0xFFFF, 0xF79E,   // 0x45A0 (17824) pixels
0xFFFF, 0xFFFF, 0xFFFF, 0xFFFF, 0xFFDF, 0xFFFF, 0xFFFF, 0xFFFF, 0xFFDF, 0xFFFF, 0xFFFF, 0xFFDF, 0xF7BF, 0xFFFF, 0xFFFF, 0xFFFF,   // 0x45B0 (17840) pixels
0xFFFF, 0xFFFF, 0xFFFF, 0xFFFF, 0xFFFF, 0xFFFF, 0xFFBE, 0xFFFF, 0xF7FF, 0xEFFF, 0xEFFF, 0xEFDF, 0xFFFF, 0xFFBE, 0xFFFF, 0xFFFF,   // 0x45C0 (17856) pixels
0xFFFF, 0xFFFF, 0xFFFF, 0xF7BF, 0xFFFF, 0xFFFF, 0xFFFF, 0xFFFF, 0xFFFF, 0xF79E, 0xFFFF, 0xFFFF, 0xFFFF, 0xFFFF, 0xFFFE, 0xFFDE,   // 0x45D0 (17872) pixels
0xFFFF, 0xF7BF, 0xF7DF, 0xF7FF, 0xEFDF, 0xF7FF, 0xFFFF, 0xFFDF, 0xFFFF, 0xFFFF, 0xFFDF, 0xFFDF, 0xFFFF, 0xFFFF, 0xFFFF, 0xFFFF,   // 0x45E0 (17888) pixels
0xFFFF, 0xFFFF, 0xFFFF, 0xFFFF, 0xFFFF, 0xFFFF, 0xFFDE, 0xFFDE, 0xFFFF, 0xFFFF, 0xFFFF, 0xEFDF, 0xEFFF, 0xF7FF, 0xEF9F, 0xFFFF,   // 0x45F0 (17904) pixels
0xFFFF, 0xFFFF, 0xFFFE, 0xFFFF, 0xFFFF, 0xFFDF, 0xF7FF, 0xEFDF, 0xF7FF, 0xF7FF, 0xF7DF, 0xFFFF, 0xFFDE, 0xFFDE, 0xFFFF, 0xFFFF,   // 0x4600 (17920) pixels
0xF79E, 0xFFFF, 0xFFFF, 0xFFFF, 0xFFFF, 0xFFFF, 0xF7FF, 0xEFDF, 0xEFBF, 0xFFFF, 0xFFFF, 0xF7BF, 0xFFFF, 0xFFDF, 0xFFFF, 0xFFFF,   // 0x4610 (17936) pixels
0xFFFF, 0xF7BF, 0xFFFF, 0xFFFF, 0xFFFF, 0xFFFF, 0xFFFF, 0xFFFF, 0xFFFF, 0xFFFF, 0xFFFF, 0xF7FF, 0xEFDF, 0xF7FF, 0xF79F, 0xFFFF,   // 0x4620 (17952) pixels
0xFFFF, 0xF7DE, 0xFFFF, 0xFFFF, 0xF7DF, 0xFFFF, 0xFFFF, 0xFFFF, 0xFFDF, 0xFFFF, 0xFFFF, 0xF79E, 0xFFFF, 0xFFFF, 0xFFFF, 0xFFFF,   // 0x4630 (17968) pixels
0xFFFF, 0xFFFF, 0xFFFF, 0xFFFF, 0xFFFF, 0xFFFF, 0xFFFF, 0xFFFF, 0xFFFF, 0xFFFF, 0xFFFF, 0xFFFF, 0xFFFF, 0xFFFF, 0xFFFF, 0xFFFF,   // 0x4640 (17984) pixels
0xFFFF, 0xFFFF, 0xFFFF, 0xFFFF, 0xFFFF, 0xFFFF, 0xFFFF, 0xFFFF, 0xFFFF, 0xFFFF, 0xFFFF, 0xFFFF, 0xFFFF, 0xFFFF, 0xFFFF, 0xFFFF,   // 0x4650 (18000) pixels
0xFFFF, 0xFFFF, 0xFFFF, 0xFFFF, 0xFFFF, 0xFFFF, 0xFFFF, 0xFFFF, 0xFFFF, 0xFFFF, 0xFFFF, 0xFFFF, 0xFFFF, 0xFFFF, 0xFFFF, 0xFFFF,   // 0x4660 (18016) pixels
0xFFFF, 0xFFFF, 0xFFFF, 0xFFDF, 0xFFFF, 0xFFFF, 0xFFFF, 0xFFFF, 0xFFFF, 0xFFFF, 0xFFFF, 0xFFFF, 0xF7FF, 0xEFFF, 0xF7FF, 0xFFFD,   // 0x4670 (18032) pixels
0xFF5B, 0xF26A, 0xE822, 0xE0C2, 0xD801, 0xEB6E, 0xFFBE, 0xFFFF, 0xFFFF, 0xFFFF, 0xF7FF, 0xFFFF, 0xFFFF, 0xFFFF, 0xFFFF, 0xFFFF,   // 0x4680 (18048) pixels
0xFFFF, 0xFFFF, 0xFFFF, 0xFFFF, 0xFFFF, 0xFFFF, 0xFFFF, 0xFFFF, 0xFFFF, 0xFFFF, 0xFFFF, 0xFFFF, 0xFFFF, 0xFFFF, 0xFFFF, 0xFFFF,   // 0x4690 (18064) pixels
0xFFFF, 0xFFFF, 0xFFFF, 0xFFFF, 0xFFFF, 0xFFFF, 0xFFFF, 0xFFFF, 0xFFFF, 0xFFFF, 0xFFFF, 0xFFFF, 0xFFFF, 0xFFFF, 0xFFFF, 0xFFFF,   // 0x46A0 (18080) pixels
0xFFFF, 0xFFFF, 0xFFFF, 0xFFFF, 0xFFFF, 0xFFFF, 0xFFFF, 0xFFFF, 0xFFFF, 0xFFFF, 0xFFFF, 0xFFFF, 0xFFFF, 0xFFFF, 0xFFFF, 0xFFFF,   // 0x46B0 (18096) pixels
0xFFFF, 0xFFFF, 0xFFFF, 0xFFFF, 0xFFFF, 0xFFFF, 0xFFFF, 0xFFFF, 0xFFFF, 0xFFFF, 0xFFFF, 0xFFFF, 0xF7FF, 0xFFFF, 0xFFFF, 0xFFFF,   // 0x46C0 (18112) pixels
0xFFFF, 0xFFFF, 0xFFFF, 0xFFFF, 0xFFFF, 0xFFFF, 0xFFFF, 0xFFFF, 0xFFDF, 0xFFFF, 0xF7DF, 0xFFFF, 0xFFFF, 0xFFFF, 0xFFFF, 0xFFBE,   // 0x46D0 (18128) pixels
0xFFDE, 0xFFFF, 0xFFFF, 0xFFBE, 0xFFDF, 0xFFFF, 0xFFFF, 0xFFDF, 0xF7BE, 0xFFFF, 0xFFDF, 0xFFFF, 0xFFFF, 0xFFFF, 0xFFFF, 0xFFDF,   // 0x46E0 (18144) pixels
0xFFFF, 0xFFFF, 0xFFFF, 0xFFFF, 0xFFFF, 0xFFFF, 0xFFFF, 0xFFFF, 0xFFFF, 0xFFFF, 0xFFFF, 0xFFFF, 0xFFFE, 0xFFFF, 0xFFDF, 0xFFFF,   // 0x46F0 (18160) pixels
0xFFFF, 0xFFFF, 0xFFFF, 0xFFFE, 0xFFFF, 0xFFFF, 0xFFFF, 0xFFDF, 0xFFFF, 0xFFFF, 0xFFFF, 0xFFFF, 0xFFFF, 0xFFDF, 0xFFFF, 0xFFFF,   // 0x4700 (18176) pixels
0xFFFF, 0xFFDF, 0xFFFF, 0xFFFF, 0xFFFE, 0xFFFE, 0xFFFF, 0xFFFF, 0xFFFF, 0xFFFF, 0xFFFE, 0xFFFE, 0xFFFF, 0xFFFF, 0xFFFF, 0xFFFF,   // 0x4710 (18192) pixels
0xFFFF, 0xFFFF, 0xFFFF, 0xFFFF, 0xFFFF, 0xFFFF, 0xFFFF, 0xFFFF, 0xFFFF, 0xFFFF, 0xFFFF, 0xFFFF, 0xFFFF, 0xFFFF, 0xFFFF, 0xFFFF,   // 0x4720 (18208) pixels
0xFFFF, 0xFFFF, 0xFFFF, 0xF7FF, 0xFFFF, 0xFFFF, 0xF7DF, 0xF7FE, 0xFFFE, 0xFFFF, 0xFFFF, 0xFFDF, 0xFFFE, 0xFFFF, 0xFFFF, 0xFFFF,   // 0x4730 (18224) pixels
0xFFFF, 0xFFFF, 0xFFFE, 0xFFFE, 0xFFDF, 0xFFFF, 0xFFFF, 0xFFFF, 0xFFFF, 0xFFDF, 0xFFFF, 0xFFFF, 0xFFFF, 0xFFFF, 0xFFFF, 0xFFDE,   // 0x4740 (18240) pixels
0xFFDE, 0xFFFF, 0xFFFF, 0xFFBE, 0xFFDF, 0xFFFF, 0xFFFF, 0xFFFF, 0xFFFF, 0xFFFF, 0xFFDF, 0xFFFF, 0xFFFF, 0xFFFF, 0xFFFF, 0xF7DE,   // 0x4750 (18256) pixels
0xFFFF, 0xFFFF, 0xFFFF, 0xFFFF, 0xFFFF, 0xFFFF, 0xF7DE, 0xFFFF, 0xF7DE, 0xFFFF, 0xFFFF, 0xFFDF, 0xFFFF, 0xFFDF, 0xFFDF, 0xFFFF,   // 0x4760 (18272) pixels
0xFFFF, 0xFFFF, 0xFFFF, 0xF7BF, 0xFFFF, 0xFFFF, 0xFFFF, 0xFFFF, 0xFFFF, 0xFFFF, 0xFFFF, 0xFFFF, 0xFFFF, 0xFFFF, 0xFFFF, 0xFFFF,   // 0x4770 (18288) pixels
0xFFFF, 0xFFFF, 0xFFFF, 0xFFFF, 0xFFFF, 0xFFFF, 0xFFFF, 0xFFFF, 0xFFFF, 0xFFFF, 0xFFFF, 0xFFFF, 0xFFFF, 0xFFFF, 0xFFFF, 0xFFFF,   // 0x4780 (18304) pixels
0xFFFF, 0xFFFF, 0xFFFF, 0xFFFF, 0xFFFF, 0xFFFF, 0xFFFF, 0xFFFF, 0xFFFF, 0xFFFF, 0xFFFF, 0xFFFF, 0xFFFF, 0xFFFF, 0xFFFF, 0xFFFF,   // 0x4790 (18320) pixels
0xFFFF, 0xFFFF, 0xFFDF, 0xFFDF, 0xFFDF, 0xFFDF, 0xFFDF, 0xFFFF, 0xFFFF, 0xFFFF, 0xFFDF, 0xFFDF, 0xFFDF, 0xFFDF, 0xFFDF, 0xFFDF,   // 0x47A0 (18336) pixels
0xFFDF, 0xFFDF, 0xFFDF, 0xEFFF, 0xE638, 0xC3CF, 0xD2EC, 0xC043, 0xC863, 0xD082, 0xD801, 0xC187, 0xD432, 0xCD15, 0xEE9A, 0xFFFF,   // 0x47B0 (18352) pixels
0xFFFF, 0xF7FF, 0xFFFF, 0xFFFF, 0xFFFF, 0xFFFF, 0xFFFF, 0xFFFF, 0xFFFF, 0xFFFF, 0xFFFF, 0xFFFF, 0xFFFF, 0xFFFF, 0xFFFF, 0xFFFF,   // 0x47C0 (18368) pixels
0xFFFF, 0xFFFF, 0xFFFF, 0xFFFF, 0xFFFF, 0xFFFF, 0xFFFF, 0xFFFF, 0xFFFF, 0xFFFF, 0xFFFF, 0xFFFF, 0xFFFF, 0xFFFF, 0xFFFF, 0xFFFF,   // 0x47D0 (18384) pixels
0xFFFF, 0xFFFF, 0xFFFF, 0xFFFF, 0xFFFF, 0xFFFF, 0xFFFF, 0xFFFF, 0xFFFF, 0xFFFF, 0xFFFF, 0xFFFF, 0xFFFF, 0xFFFF, 0xFFFF, 0xFFFF,   // 0x47E0 (18400) pixels
0xFFFF, 0xFFFF, 0xFFFF, 0xFFFF, 0xFFFF, 0xFFFF, 0xFFFF, 0xFFFF, 0xFFFF, 0xFFFF, 0xFFFF, 0xFFFF, 0xFFFF, 0xFFFF, 0xFFFF, 0xFFFF,   // 0x47F0 (18416) pixels
0xFFFF, 0xFFFF, 0xFFFE, 0xFFFE, 0xFFFE, 0xFFFE, 0xFFFE, 0xFFFF, 0xFFFF, 0xF7DE, 0xFFFF, 0xFFDE, 0xFFFF, 0xFFFF, 0xFFFF, 0xFFFF,   // 0x4800 (18432) pixels
0xFFDE, 0xFFFF, 0xFFDE, 0xFFBD, 0xFFFE, 0xFFFF, 0xFFFF, 0xFFFF, 0xFFDE, 0xFFFF, 0xFFFF, 0xFFFF, 0xFFFF, 0xFFDF, 0xFFFF, 0xFFFF,   // 0x4810 (18448) pixels
0xFFFF, 0xFFFF, 0xFFFF, 0xFFFF, 0xFFFF, 0xFFFF, 0xFFFF, 0xFFDF, 0xFFFF, 0xFFFF, 0xFFFF, 0xFFFF, 0xFFFF, 0xFFFF, 0xFFFF, 0xFFFF,   // 0x4820 (18464) pixels
0xFFFF, 0xFFFF, 0xFFFF, 0xFFFE, 0xFFFE, 0xFFFF, 0xFFFF, 0xFFFE, 0xFFDE, 0xFFDE, 0xFFFF, 0xFFFF, 0xFFFF, 0xFFFF, 0xFFFF, 0xFFDF,   // 0x4830 (18480) pixels
0xFFFF, 0xFFFF, 0xFFFF, 0xFFDF, 0xFFFF, 0xFFDF, 0xFFFF, 0xFFDF, 0xFFFF, 0xFFFF, 0xFFFE, 0xFFFF, 0xFFFF, 0xFFFF, 0xFFDF, 0xFFDE,   // 0x4840 (18496) pixels
0xFFFE, 0xFFFD, 0xFFFF, 0xFFFF, 0xFFFF, 0xFFFF, 0xFFFF, 0xFFDF, 0xFFDF, 0xFFFF, 0xFFFF, 0xFFFF, 0xFFFF, 0xFFFF, 0xFFFF, 0xFFFF,   // 0x4850 (18512) pixels
0xFFFF, 0xFFFF, 0xFFDF, 0xFFFF, 0xFFFF, 0xFFFF, 0xFFFF, 0xFFFF, 0xFFFE, 0xFFFE, 0xFFFF, 0xFFFF, 0xFFFF, 0xFFFF, 0xFFFF, 0xFFFF,   // 0x4860 (18528) pixels
0xFFDF, 0xFFFF, 0xFFFD, 0xFFFE, 0xFFDE, 0xFFDE, 0xFFDF, 0xFFFF, 0xFFFF, 0xFFFE, 0xFFFF, 0xFFFF, 0xFFFF, 0xFFFF, 0xFFFF, 0xFFFF,   // 0x4870 (18544) pixels
0xFFFF, 0xFFDF, 0xFFFE, 0xFFBD, 0xFFFE, 0xFFFE, 0xFFFF, 0xFFFF, 0xFFFF, 0xFFFF, 0xFFFF, 0xFFFF, 0xFFFF, 0xFFFF, 0xFFFF, 0xFFFF,   // 0x4880 (18560) pixels
0xFFFF, 0xFFFF, 0xFFFF, 0xFFFF, 0xFFFF, 0xFFFF, 0xFFFF, 0xFFFF, 0xFFFF, 0xFFDE, 0xFFFF, 0xFFDF, 0xFFFF, 0xFFFF, 0xFFFF, 0xFFFF,   // 0x4890 (18576) pixels
0xFFFF, 0xFFFF, 0xFFFF, 0xFFFF, 0xFFFF, 0xFFFF, 0xFFFF, 0xFFFF, 0xFFFF, 0xFFDF, 0xFFFF, 0xFFFF, 0xFFFF, 0xFFFF, 0xFFFF, 0xFFFF,   // 0x48A0 (18592) pixels
0xFFFF, 0xFFFF, 0xFFFF, 0xFFFF, 0xFFFF, 0xFFFF, 0xFFFF, 0xFFFF, 0xFFFF, 0xFFFF, 0xFFFF, 0xFFFF, 0xFFFF, 0xFFFF, 0xFFFF, 0xFFFF,   // 0x48B0 (18608) pixels
0xFFFF, 0xFFFF, 0xFFFF, 0xFFFF, 0xFFFF, 0xFFFF, 0xFFFF, 0xFFFF, 0xFFFF, 0xFFFF, 0xFFFF, 0xFFFF, 0xFFFF, 0xFFFF, 0xFFFF, 0xFFFF,   // 0x48C0 (18624) pixels
0xFFDF, 0xFFFF, 0xFFFF, 0xFFFF, 0xFFFF, 0xFFFF, 0xFFFF, 0xFFFF, 0xFFFF, 0xFFFF, 0xFFFF, 0xFFFF, 0xFFFF, 0xFFFF, 0xFFFF, 0xF7FF,   // 0x48D0 (18640) pixels
0xFFFF, 0xFFFF, 0xFFFF, 0xFFFF, 0xFFFF, 0xFFFF, 0xFFFF, 0xFFFF, 0xFFBF, 0xF7FF, 0xE618, 0xC431, 0xDC52, 0xECD3, 0xE574, 0xED34,   // 0x48E0 (18656) pixels
0xFD13, 0xDC91, 0xCCD3, 0xBCB3, 0xE619, 0xFFBF, 0xFFFF, 0xFFDF, 0xFFFF, 0xFFFF, 0xFFFF, 0xFFFF, 0xFFFF, 0xFFFF, 0xFFFF, 0xFFFF,   // 0x48F0 (18672) pixels
0xFFFF, 0xFFFF, 0xFFFF, 0xFFFF, 0xFFFF, 0xFFFF, 0xFFFF, 0xFFFF, 0xFFFF, 0xFFFF, 0xFFFF, 0xFFFF, 0xFFFF, 0xFFFF, 0xFFFF, 0xFFFF,   // 0x4900 (18688) pixels
0xFFFF, 0xFFFF, 0xFFFF, 0xFFFF, 0xFFFF, 0xFFFF, 0xFFFF, 0xFFFF, 0xFFFF, 0xFFFF, 0xFFFF, 0xFFFF, 0xFFFF, 0xFFFF, 0xFFFF, 0xFFFF,   // 0x4910 (18704) pixels
0xFFFF, 0xFFFF, 0xFFFF, 0xFFFF, 0xFFFF, 0xFFFF, 0xFFFF, 0xFFFF, 0xFFFF, 0xFFFF, 0xFFFF, 0xFFFF, 0xFFFF, 0xFFFF, 0xFFFF, 0xFFFF,   // 0x4920 (18720) pixels
0xFFFF, 0xFFFF, 0xFFFF, 0xFFFF, 0xFFFF, 0xFFFF, 0xFFFF, 0xFFFF, 0xFFBE, 0xFFDF, 0xFFFF, 0xFFFF, 0xFFFF, 0xFFFF, 0xFFFF, 0xFFFF,   // 0x4930 (18736) pixels
0xFFBE, 0xFFDF, 0xFFFF, 0xFFFF, 0xFFDE, 0xFFDE, 0xFFFF, 0xFFFF, 0xFFFF, 0xFFFF, 0xFFFF, 0xFFDF, 0xFFFF, 0xFFFF, 0xFFFF, 0xFFFF,   // 0x4940 (18752) pixels
0xFFFF, 0xFFFF, 0xFFFF, 0xFFFF, 0xFFFF, 0xFFFF, 0xFFFF, 0xFFFF, 0xFFFF, 0xFFFF, 0xFFFF, 0xFFFF, 0xFFFF, 0xFFFF, 0xFFFF, 0xFFFF,   // 0x4950 (18768) pixels
0xFFFF, 0xFFFF, 0xFFFF, 0xFFFF, 0xFFFF, 0xFFFF, 0xFFFF, 0xFFFF, 0xFFFF, 0xFFFF, 0xFFFF, 0xFFFE, 0xFFDE, 0xFFFF, 0xFFFF, 0xFFFF,   // 0x4960 (18784) pixels
0xFFFF, 0xFFDF, 0xFFDF, 0xFFFF, 0xFFFF, 0xFFFF, 0xFFFF, 0xFFFF, 0xFFFF, 0xFFFF, 0xFFFF, 0xFFDF, 0xFFFF, 0xFFFF, 0xFFFF, 0xFFDF,   // 0x4970 (18800) pixels
0xF7FF, 0xFFFF, 0xFFFF, 0xFFFF, 0xFFFF, 0xFFFF, 0xFFFF, 0xFFFE, 0xFFFF, 0xFFFF, 0xFFFF, 0xFFFF, 0xFFFF, 0xFFFF, 0xFFFF, 0xFFFF,   // 0x4980 (18816) pixels
0xFFFF, 0xFFFF, 0xFFFF, 0xFFFF, 0xFFFF, 0xFFFF, 0xFFFF, 0xFFFF, 0xFFFF, 0xFFFF, 0xFFFF, 0xFFFF, 0xFFDF, 0xFFDF, 0xFFFF, 0xFFFF,   // 0x4990 (18832) pixels
0xFFFF, 0xFFFF, 0xFFFE, 0xFFFE, 0xFFFE, 0xFFDF, 0xFFFF, 0xFFFF, 0xFFDE, 0xFFFF, 0xFFFF, 0xFFFF, 0xFFFF, 0xFFFF, 0xF7FF, 0xF7FF,   // 0x49A0 (18848) pixels
0xFFFF, 0xFFFF, 0xFFFF, 0xFFFF, 0xFFFF, 0xFFFF, 0xFFFF, 0xFFFF, 0xFFFF, 0xFFFF, 0xFFFF, 0xFFFF, 0xFFFF, 0xFFFF, 0xFFFF, 0xFFFF,   // 0x49B0 (18864) pixels
0xFFDE, 0xFFDF, 0xFFFF, 0xFFDF, 0xFFDE, 0xFFDE, 0xFFFF, 0xFFFF, 0xFFFF, 0xFFDF, 0xFFDF, 0xFFDF, 0xFFDF, 0xFFFF, 0xFFFF, 0xFFDF,   // 0x49C0 (18880) pixels
0xFFFF, 0xFFFF, 0xFFFF, 0xF7DE, 0xFFFF, 0xFFFE, 0xFFDE, 0xFFFF, 0xFFFF, 0xFFFF, 0xFFFF, 0xFFFF, 0xFFFF, 0xFFFF, 0xFFFF, 0xFFFF,   // 0x49D0 (18896) pixels
0xFFFF, 0xFFFF, 0xFFFF, 0xFFFF, 0xFFFF, 0xFFFF, 0xFFFF, 0xFFFF, 0xFFFF, 0xFFFF, 0xFFFF, 0xFFFF, 0xFFFF, 0xFFFF, 0xFFFF, 0xFFFF,   // 0x49E0 (18912) pixels
0xFFFF, 0xFFFF, 0xFFFF, 0xFFFF, 0xFFFF, 0xFFFF, 0xFFFF, 0xFFFF, 0xFFFF, 0xFFFF, 0xFFFF, 0xFFFF, 0xFFFF, 0xFFFF, 0xFFFF, 0xFFFF,   // 0x49F0 (18928) pixels
0xFFFF, 0xFFFF, 0xFFFF, 0xFFFF, 0xFFFF, 0xFFFF, 0xFFFF, 0xFFFF, 0xFFFF, 0xFFFF, 0xFFFF, 0xFFFF, 0xFFFF, 0xFFFF, 0xFFFF, 0xFFFF,   // 0x4A00 (18944) pixels
0xFFFF, 0xFFFF, 0xFFFF, 0xFFFF, 0xFFFF, 0xFFFE, 0xFFFE, 0xFFDE, 0xFFDE, 0xFFFE, 0xFFFE, 0xFFFE, 0xFFFF, 0xFFFE, 0xFFFF, 0xF7FF,   // 0x4A10 (18960) pixels
0xFFFF, 0xFFDF, 0xF7FF, 0xFFFF, 0xF7FF, 0xFFDE, 0xFFFD, 0xFFFE, 0xFFFF, 0xFFDF, 0xFFDF, 0xFFFF, 0xFFFF, 0xF7FF, 0xFFFF, 0xFFFF,   // 0x4A20 (18976) pixels
0xFFFF, 0xFFFF, 0xFFFF, 0xFFFF, 0xFFFF, 0xFFFF, 0xFFFF, 0xFFFF, 0xFFFF, 0xFFFF, 0xFFFF, 0xFFFF, 0xFFFF, 0xFFFF, 0xFFFF, 0xFFFF,   // 0x4A30 (18992) pixels
0xFFFF, 0xFFFF, 0xFFFF, 0xFFFF, 0xFFFF, 0xFFFF, 0xFFFF, 0xFFFF, 0xFFFF, 0xFFFF, 0xFFFF, 0xFFFF, 0xFFFF, 0xFFFF, 0xFFFF, 0xFFFF,   // 0x4A40 (19008) pixels
0xFFFF, 0xFFFF, 0xFFFF, 0xFFFF, 0xFFFF, 0xFFFF, 0xFFFF, 0xFFFF, 0xFFFF, 0xFFFF, 0xFFFF, 0xFFFF, 0xFFFF, 0xFFFF, 0xFFFF, 0xFFFF,   // 0x4A50 (19024) pixels
0xFFFF, 0xFFFF, 0xFFFF, 0xFFFF, 0xFFFF, 0xFFFF, 0xF7BE, 0xFFDF, 0xFFFF, 0xFFFF, 0xFFDF, 0xFFFF, 0xFFFF, 0xFFFF, 0xFFFF, 0xFFFF,   // 0x4A60 (19040) pixels
0xFFFF, 0xFFDF, 0xFFDF, 0xFFFF, 0xFFFF, 0xFFDF, 0xFFFF, 0xFFFF, 0xFFFF, 0xFFFF, 0xFFFF, 0xFFFF, 0xFFFF, 0xFFBE, 0xFFFF, 0xFFFF,   // 0x4A70 (19056) pixels
0xFFFF, 0xFFFF, 0xFFFF, 0xF7FF, 0xFFFF, 0xF7FF, 0xFFDF, 0xFFDF, 0xFFFF, 0xFFFF, 0xFFDF, 0xFFFF, 0xFFFF, 0xFFFF, 0xFFFF, 0xFFFF,   // 0x4A80 (19072) pixels
0xFFFF, 0xFFFF, 0xFFFF, 0xFFFF, 0xFFFF, 0xFFDE, 0xFFFF, 0xFFFF, 0xFFFF, 0xFFFF, 0xFFFF, 0xFFFF, 0xFFFF, 0xFFFF, 0xF7FF, 0xF7FF,   // 0x4A90 (19088) pixels
0xFFFF, 0xFFFF, 0xFFFF, 0xFFFF, 0xF7FF, 0xF7FF, 0xFFFF, 0xFFDF, 0xFFFF, 0xFFFF, 0xFFDF, 0xFFFF, 0xFFDF, 0xFFDF, 0xFFDF, 0xFFFF,   // 0x4AA0 (19104) pixels
0xFFFF, 0xFFDF, 0xFFFF, 0xFFDF, 0xFFFF, 0xFFFF, 0xF7FF, 0xFFFF, 0xFFFF, 0xFFFF, 0xF7DF, 0xF7DF, 0xFFFF, 0xFFFF, 0xFFFF, 0xF7BE,   // 0x4AB0 (19120) pixels
0xFFDE, 0xFFFF, 0xFFFF, 0xFFFF, 0xFFFF, 0xFFDE, 0xFFFF, 0xFFFF, 0xFFFF, 0xFFFF, 0xFFFF, 0xFFFF, 0xFFFF, 0xFFFF, 0xFFDF, 0xFFFF,   // 0x4AC0 (19136) pixels
0xFFFF, 0xFFDF, 0xFFFF, 0xFFFF, 0xFFFF, 0xFFDF, 0xFFFF, 0xFFFF, 0xFFFF, 0xFFFF, 0xFFFF, 0xFFFF, 0xFFFF, 0xFFFF, 0xFFFF, 0xFFFF,   // 0x4AD0 (19152) pixels
0xF7DF, 0xF7DF, 0xFFFF, 0xFFFF, 0xF7FF, 0xF7FF, 0xFFFF, 0xFFFF, 0xFFFF, 0xFFFF, 0xFFFF, 0xFFFF, 0xFFDF, 0xFFFF, 0xFFFF, 0xFFFF,   // 0x4AE0 (19168) pixels
0xF7FF, 0xFFFF, 0xF7FF, 0xF7FF, 0xFFFF, 0xF7FF, 0xFFFF, 0xFFFF, 0xFFFF, 0xFFFF, 0xFFFF, 0xFFFF, 0xFFFF, 0xFFFF, 0xFFFF, 0xFFFF,   // 0x4AF0 (19184) pixels
0xFFFF, 0xFFDF, 0xFFDF, 0xFFFF, 0xFFDF, 0xFFBF, 0xFFFF, 0xFFFF, 0xFFFF, 0xFFDF, 0xFFFF, 0xFFFF, 0xFFFF, 0xFFFF, 0xFFFF, 0xFFFF,   // 0x4B00 (19200) pixels
0xFFDE, 0xFFFF, 0xFFFF, 0xFFDF, 0xF7BE, 0xFFFF, 0xFFFF, 0xFFFF, 0xFFFF, 0xFFFF, 0xFFFF, 0xFFFF, 0xFFFF, 0xFFFF, 0xFFFF, 0xFFFF,   // 0x4B10 (19216) pixels
0xFFFF, 0xFFFF, 0xFFFF, 0xFFFF, 0xFFFF, 0xFFFF, 0xFFFF, 0xFFFF, 0xFFFF, 0xFFFF, 0xFFFF, 0xFFFF, 0xFFFF, 0xFFFF, 0xFFFF, 0xFFFF,   // 0x4B20 (19232) pixels
0xFFFF, 0xFFFF, 0xFFFF, 0xFFFF, 0xFFFF, 0xFFFF, 0xFFFF, 0xFFFF, 0xFFFF, 0xFFFF, 0xFFFF, 0xFFFF, 0xFFFF, 0xFFFF, 0xFFFF, 0xFFFF,   // 0x4B30 (19248) pixels
0xFFFF, 0xFFFF, 0xFFFF, 0xFFFF, 0xF7DF, 0xF7FF, 0xF7FF, 0xFFFF, 0xFFFF, 0xFFFF, 0xFFFF, 0xFFFF, 0xFFFF, 0xFFFF, 0xFFFF, 0xFFFF,   // 0x4B40 (19264) pixels
0xFFFF, 0xFFFF, 0xFFFF, 0xFFFF, 0xF7FF, 0xFFDF, 0xFFDF, 0xFFFF, 0xF7DF, 0xF7FF, 0xFFDF, 0xFFFF, 0xEFFF, 0xF7FF, 0xFFDF, 0xF7DF,   // 0x4B50 (19280) pixels
0xEFFF, 0xF7FF, 0xF7FF, 0xF7FF, 0xFFFF, 0xFFFF, 0xFFFF, 0xFFFF, 0xFFFF, 0xFFFF, 0xFFFF, 0xFFFF, 0xFFFF, 0xFFFF, 0xFFFF, 0xFFFF,   // 0x4B60 (19296) pixels
0xFFFF, 0xFFFF, 0xFFFF, 0xFFFF, 0xFFFF, 0xFFFF, 0xFFFF, 0xFFFF, 0xFFFF, 0xFFFF, 0xFFFF, 0xFFFF, 0xFFFF, 0xFFFF, 0xFFFF, 0xFFFF,   // 0x4B70 (19312) pixels
0xFFFF, 0xFFFF, 0xFFFF, 0xFFFF, 0xFFFF, 0xFFFF, 0xFFFF, 0xFFFF, 0xFFFF, 0xFFFF, 0xFFFF, 0xFFFF, 0xFFFF, 0xFFFF, 0xFFFF, 0xFFFF,   // 0x4B80 (19328) pixels
0xFFFF, 0xFFFF, 0xFFFF, 0xFFFF, 0xFFFF, 0xFFFF, 0xFFFF, 0xFFFF, 0xFFFF, 0xFFFF, 0xFFFF, 0xFFFF, 0xFFFF, 0xFFFF, 0xFFFF, 0xFFFF,   // 0x4B90 (19344) pixels
0xFFDF, 0xFFDF, 0xFFFF, 0xFFFF, 0xFFFF, 0xFFFF, 0xFFFF, 0xFFFF, 0xFFDF, 0xFFFF, 0xFFFF, 0xFFDF, 0xFFFF, 0xFFFF, 0xFFFF, 0xFFFF,   // 0x4BA0 (19360) pixels
0xFFFF, 0xFFFF, 0xFFFF, 0xFFFF, 0xFFFF, 0xFFFF, 0xFFDF, 0xFFFF, 0xFFFF, 0xFFDF, 0xFFFF, 0xFFFF, 0xFFFF, 0xFFFF, 0xFFFF, 0xFFFF,   // 0x4BB0 (19376) pixels
0xFFDF, 0xFFFF, 0xFFFF, 0xFFDF, 0xFFDF, 0xFFFF, 0xFFFF, 0xFFFF, 0xFFFF, 0xFFFF, 0xFFFF, 0xFFFF, 0xFFFF, 0xFFFF, 0xFFFF, 0xFFFF,   // 0x4BC0 (19392) pixels
0xFFFF, 0xFFFF, 0xFFFF, 0xFFFF, 0xFFFF, 0xFFFF, 0xFFFF, 0xFFFF, 0xFFFF, 0xFFFF, 0xFFFF, 0xFFDF, 0xFFFF, 0xFFDF, 0xFFFF, 0xFFFF,   // 0x4BD0 (19408) pixels
0xFFDF, 0xFFFF, 0xFFFF, 0xFFFF, 0xFFDF, 0xFFFF, 0xFFFF, 0xFFFF, 0xFFFF, 0xFFDF, 0xFFFF, 0xFFFF, 0xFFFF, 0xFFDF, 0xFFFF, 0xFFFF,   // 0x4BE0 (19424) pixels
0xFFFF, 0xFFFF, 0xFFFF, 0xF7BF, 0xFFFF, 0xFFFF, 0xFFFF, 0xFFFF, 0xFFDF, 0xFFDF, 0xFFFF, 0xFFFF, 0xFFFF, 0xFFFF, 0xFFFF, 0xFFFF,   // 0x4BF0 (19440) pixels
0xFFFF, 0xFFFF, 0xFFFF, 0xFFFF, 0xFFFF, 0xFFFF, 0xFFFF, 0xFFDF, 0xFFFF, 0xFFFF, 0xFFFF, 0xFFFF, 0xFFDF, 0xFFFF, 0xFFFF, 0xFFDF,   // 0x4C00 (19456) pixels
0xFFDF, 0xFFDF, 0xFFFF, 0xFFFF, 0xF7DF, 0xFFFF, 0xFFFF, 0xFFFF, 0xFFFF, 0xFFFF, 0xFFDF, 0xFFFF, 0xFFFF, 0xFFFF, 0xFFFF, 0xFFFF,   // 0x4C10 (19472) pixels
0xFFFF, 0xFFFF, 0xFFFF, 0xFFFF, 0xFFFF, 0xFFFF, 0xF7DF, 0xFFFF, 0xFFFF, 0xFFFF, 0xFFDE, 0xFFFF, 0xFFFF, 0xFFFF, 0xFFFF, 0xFFFF,   // 0x4C20 (19488) pixels
0xFFFF, 0xFFFF, 0xFFFF, 0xFFFF, 0xFFFF, 0xFFFF, 0xFFFF, 0xFFFF, 0xFFFF, 0xFFFF, 0xFFFF, 0xFFFF, 0xFFDF, 0xFFDF, 0xFFFF, 0xFFDF,   // 0x4C30 (19504) pixels
0xFFFF, 0xFFDF, 0xFFFF, 0xFFFF, 0xFFFF, 0xFFFF, 0xFFFF, 0xFFFF, 0xFFFF, 0xFFFF, 0xFFDE, 0xFFFF, 0xFFFF, 0xFFFF, 0xFFFF, 0xFFFF,   // 0x4C40 (19520) pixels
0xFFFF, 0xFFFF, 0xFFFF, 0xFFFF, 0xFFFF, 0xFFFF, 0xFFFF, 0xFFFF, 0xFFFF, 0xFFFF, 0xFFFF, 0xFFFF, 0xFFFF, 0xFFFF, 0xFFFF, 0xFFFF,   // 0x4C50 (19536) pixels
0xFFFF, 0xFFFF, 0xFFFF, 0xFFFF, 0xFFFF, 0xFFFF, 0xFFFF, 0xFFFF, 0xFFFF, 0xFFFF, 0xFFFF, 0xFFFF, 0xFFFF, 0xFFFF, 0xFFFF, 0xFFFF,   // 0x4C60 (19552) pixels
0xFFFF, 0xFFFF, 0xFFDF, 0xFFDF, 0xFFFF, 0xFFFF, 0xFFFF, 0xFFFF, 0xFFFF, 0xFFFF, 0xFFFF, 0xFFFF, 0xFFDF, 0xFFDF, 0xFFDF, 0xFFDF,   // 0x4C70 (19568) pixels
0xFFDF, 0xFFDF, 0xFFFF, 0xFFFF, 0xFFFF, 0xFFFF, 0xFFFF, 0xFFFF, 0xFFFF, 0xFFFF, 0xF7FF, 0xFFDF, 0xFFFF, 0xFFDF, 0xFFDF, 0xF7FF,   // 0x4C80 (19584) pixels
0xFFFF, 0xEFFF, 0xFFFF, 0xFFDF, 0xFFBF, 0xFFFF, 0xFFFF, 0xFFFF, 0xFFFF, 0xFFDF, 0xFFFF, 0xFFFF, 0xFFFF, 0xFFFF, 0xFFFF, 0xFFFF,   // 0x4C90 (19600) pixels
0xFFFF, 0xFFFF, 0xFFFF, 0xFFFF, 0xFFFF, 0xFFFF, 0xFFFF, 0xFFFF, 0xFFFF, 0xFFFF, 0xFFFF, 0xFFFF, 0xFFFF, 0xFFFF, 0xFFFF, 0xFFFF,   // 0x4CA0 (19616) pixels
0xFFFF, 0xFFFF, 0xFFFF, 0xFFFF, 0xFFFF, 0xFFFF, 0xFFFF, 0xFFFF, 0xFFFF, 0xFFFF, 0xFFFF, 0xFFFF, 0xFFFF, 0xFFFF, 0xFFFF, 0xFFFF,   // 0x4CB0 (19632) pixels
0xFFFF, 0xFFFF, 0xFFFF, 0xFFFF, 0xFFFF, 0xFFFF, 0xFFFF, 0xFFFF, 0xFFFF, 0xFFFF, 0xFFFF, 0xFFFF, 0xFFFF, 0xFFFF, 0xFFFF, 0xFFFF,   // 0x4CC0 (19648) pixels
0xFFFF, 0xFFFF, 0xFFFF, 0xFFDF, 0xFFDF, 0xFFFF, 0xFFFF, 0xFFFF, 0xFFFF, 0xFFFF, 0xF7FE, 0xF7DE, 0xFFFF, 0xFFFF, 0xFFFF, 0xFFDF,   // 0x4CD0 (19664) pixels
0xFFFF, 0xFFFF, 0xFFFF, 0xF7DF, 0xFFFF, 0xFFFF, 0xFFFF, 0xFFFF, 0xF7DF, 0xFFFF, 0xFFFF, 0xFFFF, 0xFFFF, 0xFFDF, 0xFFFF, 0xFFFF,   // 0x4CE0 (19680) pixels
0xFFDF, 0xFFDE, 0xFFFF, 0xFFFF, 0xFFDF, 0xFFFF, 0xFFFF, 0xFFFF, 0xFFFF, 0xFFFF, 0xFFFF, 0xFFFF, 0xFFDF, 0xFFFF, 0xFFFF, 0xFFFF,   // 0x4CF0 (19696) pixels
0xFFDE, 0xFFFF, 0xFFFF, 0xFFFF, 0xFFFF, 0xFFFF, 0xFFFF, 0xFFFF, 0xFFFF, 0xFFFF, 0xFFFF, 0xFFFF, 0xFFDF, 0xFFFF, 0xFFFF, 0xFFDF,   // 0x4D00 (19712) pixels
0xFFFF, 0xFFFF, 0xFFFF, 0xFFDE, 0xFFFF, 0xFFFF, 0xFFDE, 0xFFFF, 0xF7BE, 0xFFFF, 0xFFFF, 0xFFFF, 0xFFDF, 0xFFFF, 0xFFFF, 0xFFDF,   // 0x4D10 (19728) pixels
0xFFFF, 0xFFFF, 0xFFFF, 0xFFDE, 0xFFFF, 0xFFFF, 0xFFBE, 0xFFFF, 0xFFFF, 0xFFFF, 0xFFFF, 0xFFFF, 0xFFFF, 0xFFFF, 0xFFFF, 0xFFFF,   // 0x4D20 (19744) pixels
0xFFFF, 0xFFFF, 0xFFFF, 0xFFFF, 0xFFFF, 0xFFFF, 0xFFFF, 0xFFFF, 0xFFFF, 0xFFFF, 0xFFFF, 0xFFDF, 0xFFFF, 0xFFFF, 0xFFFF, 0xFFFE,   // 0x4D30 (19760) pixels
0xFFFE, 0xFFFE, 0xFFFF, 0xFFDF, 0xFFFF, 0xFFFF, 0xFFFF, 0xFFDF, 0xFFFF, 0xFFFF, 0xFFFF, 0xFFFF, 0xFFFF, 0xFFDF, 0xFFFF, 0xFFFF,   // 0x4D40 (19776) pixels
0xFFDE, 0xFFFF, 0xFFDE, 0xFFFF, 0xFFFF, 0xFFFF, 0xFFFF, 0xFFFF, 0xFFFF, 0xFFFF, 0xFFDF, 0xFFFF, 0xFFFF, 0xFFDF, 0xFFDF, 0xFFFF,   // 0x4D50 (19792) pixels
0xFFDF, 0xFFDF, 0xFFFF, 0xF7DF, 0xFFFF, 0xFFFF, 0xFFFF, 0xF7DF, 0xFFFF, 0xFFFF, 0xFFFF, 0xFFFF, 0xFFDE, 0xFFFE, 0xFFFF, 0xFFFE,   // 0x4D60 (19808) pixels
0xF7FE, 0xFFFE, 0xFFFF, 0xFFFF, 0xFFFF, 0xFFDF, 0xFFFF, 0xFFFF, 0xFFFF, 0xFFFF, 0xFFFF, 0xFFFF, 0xF7BE, 0xFFFF, 0xFFFF, 0xFFFF,   // 0x4D70 (19824) pixels
0xFFFF, 0xFFFF, 0xFFFF, 0xFFFF, 0xFFFF, 0xFFFF, 0xFFFF, 0xFFFF, 0xFFFF, 0xFFFF, 0xFFFF, 0xFFFF, 0xFFFF, 0xFFFF, 0xFFFF, 0xFFFF,   // 0x4D80 (19840) pixels
0xFFFF, 0xFFFF, 0xFFFF, 0xFFFF, 0xFFFF, 0xFFFF, 0xFFFF, 0xFFFF, 0xFFFF, 0xFFFF, 0xFFFF, 0xFFFF, 0xFFFF, 0xFFFF, 0xFFFF, 0xFFFF,   // 0x4D90 (19856) pixels
0xFFFF, 0xFFFF, 0xFFFF, 0xFFFF, 0xFFFF, 0xFFFF, 0xFFFF, 0xFFFF, 0xFFFF, 0xFFFF, 0xFFFF, 0xFFFF, 0xFFFF, 0xFFFF, 0xFFFF, 0xFFFF,   // 0x4DA0 (19872) pixels
0xFFFF, 0xFFFF, 0xFFFF, 0xFFFF, 0xFFFF, 0xFFFF, 0xFFFF, 0xFFFF, 0xFFFF, 0xFFFF, 0xFFFF, 0xFFFF, 0xFFFF, 0xFFFF, 0xFFFF, 0xFFFF,   // 0x4DB0 (19888) pixels
0xFFFF, 0xFFFF, 0xFFFF, 0xFFFF, 0xFFFF, 0xFFFF, 0xFFFF, 0xFFFF, 0xFFFF, 0xFFFF, 0xFFFF, 0xFFFF, 0xFFFF, 0xFFFF, 0xFFFF, 0xFFFF,   // 0x4DC0 (19904) pixels
0xFFFF, 0xFFFF, 0xFFFF, 0xFFFF, 0xFFFF, 0xFFFF, 0xFFFF, 0xFFFF, 0xFFFF, 0xFFFF, 0xFFFF, 0xFFFF, 0xFFFF, 0xFFFF, 0xFFFF, 0xFFFF,   // 0x4DD0 (19920) pixels
0xFFFF, 0xFFFF, 0xFFFF, 0xFFFF, 0xFFFF, 0xFFFF, 0xFFFF, 0xFFFF, 0xFFFF, 0xFFFF, 0xFFFF, 0xFFFF, 0xFFFF, 0xFFFF, 0xFFFF, 0xFFFF,   // 0x4DE0 (19936) pixels
0xFFFF, 0xFFFF, 0xFFFF, 0xFFFF, 0xFFFF, 0xFFFF, 0xFFFF, 0xFFFF, 0xFFFF, 0xFFFF, 0xFFFF, 0xFFFF, 0xFFFF, 0xFFFF, 0xFFFF, 0xFFFF,   // 0x4DF0 (19952) pixels
0xFFFF, 0xFFFF, 0xFFFF, 0xFFFF, 0xFFFF, 0xFFFF, 0xFFFF, 0xFFFF, 0xFFFF, 0xFFFF, 0xFFFF, 0xFFFF, 0xFFFF, 0xFFFF, 0xFFFF, 0xFFFF,   // 0x4E00 (19968) pixels
0xFFFF, 0xFFFF, 0xFFFF, 0xFFFF, 0xFFFF, 0xFFFF, 0xFFFF, 0xFFFF, 0xFFFF, 0xFFFF, 0xFFFF, 0xFFFF, 0xFFFF, 0xFFFF, 0xFFFF, 0xFFFF,   // 0x4E10 (19984) pixels
0xFFFF, 0xFFFF, 0xFFFF, 0xFFFF, 0xFFFF, 0xFFFF, 0xFFFF, 0xFFFF, 0xFFFF, 0xFFFF, 0xFFFF, 0xFFFF, 0xFFFF, 0xFFFF, 0xFFFF, 0xFFFF,   // 0x4E20 (20000) pixels
0xFFFF, 0xFFFF, 0xFFFF, 0xFFFF, 0xFFFF, 0xFFFF, 0xFFFF, 0xFFFF, 0xFFFF, 0xFFFF, 0xFFFF, 0xFFFF, 0xFFFF, 0xFFFF, 0xFFFF, 0xFFFF,   // 0x4E30 (20016) pixels
0xFFFF, 0xFFFF, 0xFFFF, 0xFFFF, 0xFFFF, 0xFFFF, 0xFFFF, 0xFFFF, 0xFFFF, 0xFFFF, 0xFFFF, 0xFFFF, 0xFFFF, 0xFFFF, 0xFFFF, 0xFFFF,   // 0x4E40 (20032) pixels
0xFFFF, 0xFFFF, 0xFFFF, 0xFFFF, 0xFFFF, 0xFFFF, 0xFFFF, 0xFFFF, 0xFFFF, 0xFFFF, 0xFFFF, 0xFFFF, 0xFFFF, 0xFFFF, 0xFFFF, 0xFFFF,   // 0x4E50 (20048) pixels
0xFFFF, 0xFFFF, 0xFFFF, 0xFFFF, 0xFFFF, 0xFFFF, 0xFFFF, 0xFFFF, 0xFFFF, 0xFFFF, 0xFFFF, 0xFFFF, 0xFFFF, 0xFFFF, 0xFFFF, 0xFFFF,   // 0x4E60 (20064) pixels
0xFFFF, 0xFFFF, 0xFFFF, 0xFFFF, 0xFFFF, 0xFFFF, 0xFFFF, 0xFFFF, 0xFFFF, 0xFFFF, 0xFFFF, 0xFFFF, 0xFFFF, 0xFFFF, 0xFFFF, 0xFFFF,   // 0x4E70 (20080) pixels
0xFFFF, 0xFFFF, 0xFFFF, 0xFFFF, 0xFFFF, 0xFFFF, 0xFFFF, 0xFFFF, 0xFFFF, 0xFFFF, 0xFFFF, 0xFFFF, 0xFFFF, 0xFFFF, 0xFFFF, 0xFFFF,   // 0x4E80 (20096) pixels
0xFFFF, 0xFFFF, 0xFFFF, 0xFFFF, 0xFFFF, 0xFFFF, 0xFFFF, 0xFFFF, 0xFFFF, 0xFFFF, 0xFFFF, 0xFFFF, 0xFFFF, 0xFFFF, 0xFFFF, 0xFFFF,   // 0x4E90 (20112) pixels
0xFFFF, 0xFFFF, 0xFFFF, 0xFFFF, 0xFFFF, 0xFFFF, 0xFFFF, 0xFFFF, 0xFFFF, 0xFFFF, 0xFFFF, 0xFFFF, 0xFFFF, 0xFFFF, 0xFFFF, 0xFFFF,   // 0x4EA0 (20128) pixels
0xFFFF, 0xFFFF, 0xFFFF, 0xFFFF, 0xFFFF, 0xFFFF, 0xFFFF, 0xFFFF, 0xFFFF, 0xFFFF, 0xFFFF, 0xFFFF, 0xFFFF, 0xFFFF, 0xFFFF, 0xFFFF,   // 0x4EB0 (20144) pixels
0xFFFF, 0xFFFF, 0xFFFF, 0xFFFF, 0xFFFF, 0xFFFF, 0xFFFF, 0xFFFF, 0xFFFF, 0xFFFF, 0xFFFF, 0xFFFF, 0xFFFF, 0xFFFF, 0xFFFF, 0xFFFF,   // 0x4EC0 (20160) pixels
0xFFFF, 0xFFFF, 0xFFFF, 0xFFFF, 0xFFFF, 0xFFFF, 0xFFFF, 0xFFFF, 0xFFFF, 0xFFFF, 0xFFFF, 0xFFFF, 0xFFFF, 0xFFFF, 0xFFFF, 0xFFFF,   // 0x4ED0 (20176) pixels
0xFFFF, 0xFFFF, 0xFFFF, 0xFFFF, 0xFFFF, 0xFFFF, 0xFFFF, 0xFFFF, 0xFFFF, 0xFFFF, 0xFFFF, 0xFFFF, 0xFFFF, 0xFFFF, 0xFFFF, 0xFFFF,   // 0x4EE0 (20192) pixels
0xFFFF, 0xFFFF, 0xFFFF, 0xFFFF, 0xFFFF, 0xFFFF, 0xFFFF, 0xFFFF, 0xFFFF, 0xFFFF, 0xFFFF, 0xFFFF, 0xFFFF, 0xFFFF, 0xFFFF, 0xFFFF,   // 0x4EF0 (20208) pixels
0xFFFF, 0xFFFF, 0xFFFF, 0xFFFF, 0xFFFF, 0xFFFF, 0xFFFF, 0xFFFF, 0xFFFF, 0xFFFF, 0xFFFF, 0xFFFF, 0xFFFF, 0xFFFF, 0xFFFF, 0xFFFF,   // 0x4F00 (20224) pixels
0xFFFF, 0xFFFF, 0xFFFF, 0xFFFF, 0xFFFF, 0xFFFF, 0xFFFF, 0xFFFF, 0xFFFF, 0xFFFF, 0xFFFF, 0xFFFF, 0xFFFF, 0xFFFF, 0xFFFF, 0xFFFF,   // 0x4F10 (20240) pixels
0xFFFF, 0xFFFF, 0xFFFF, 0xFFFF, 0xFFFF, 0xFFFF, 0xFFFF, 0xFFFF, 0xFFFF, 0xFFFF, 0xFFFF, 0xFFFF, 0xFFFF, 0xFFFF, 0xFFFF, 0xFFFF,   // 0x4F20 (20256) pixels
0xFFFF, 0xFFFF, 0xFFFF, 0xFFFF, 0xFFFF, 0xFFFF, 0xFFFF, 0xFFFF, 0xFFFF, 0xFFFF, 0xFFFF, 0xFFFF, 0xFFFF, 0xFFFF, 0xFFFF, 0xFFFF,   // 0x4F30 (20272) pixels
0xFFFF, 0xFFFF, 0xFFFF, 0xFFFF, 0xFFFF, 0xFFFF, 0xFFFF, 0xFFFF, 0xFFFF, 0xFFFF, 0xFFFF, 0xFFFF, 0xFFFF, 0xFFFF, 0xFFFF, 0xFFFF,   // 0x4F40 (20288) pixels
0xFFFF, 0xFFFF, 0xFFFF, 0xFFFF, 0xFFFF, 0xFFFF, 0xFFFF, 0xFFFF, 0xFFFF, 0xFFFF, 0xFFFF, 0xFFFF, 0xFFFF, 0xFFFF, 0xFFFF, 0xFFFF,   // 0x4F50 (20304) pixels
0xFFFF, 0xFFFF, 0xFFFF, 0xFFFF, 0xFFFF, 0xFFFF, 0xFFFF, 0xFFFF, 0xFFFF, 0xFFFF, 0xFFFF, 0xFFFF, 0xFFFF, 0xFFFF, 0xFFFF, 0xFFFF,   // 0x4F60 (20320) pixels
0xFFFF, 0xFFFF, 0xFFFF, 0xFFFF, 0xFFFF, 0xFFFF, 0xFFFF, 0xFFFF, 0xFFFF, 0xFFFF, 0xFFFF, 0xFFFF, 0xFFFF, 0xFFFF, 0xFFFF, 0xFFFF,   // 0x4F70 (20336) pixels
0xFFFF, 0xFFFF, 0xFFFF, 0xFFFF, 0xFFFF, 0xFFFF, 0xFFFF, 0xFFFF, 0xFFFF, 0xFFFF, 0xFFFF, 0xFFFF, 0xFFFF, 0xFFFF, 0xFFFF, 0xFFFF,   // 0x4F80 (20352) pixels
0xFFFF, 0xFFFF, 0xFFFF, 0xFFFF, 0xFFFF, 0xFFFF, 0xFFFF, 0xFFFF, 0xFFFF, 0xFFFF, 0xFFFF, 0xFFFF, 0xFFFF, 0xFFFF, 0xFFFF, 0xFFFF,   // 0x4F90 (20368) pixels
0xFFFF, 0xFFFF, 0xFFFF, 0xFFFF, 0xFFFF, 0xFFFF, 0xFFFF, 0xFFFF, 0xFFFF, 0xFFFF, 0xFFFF, 0xFFFF, 0xFFFF, 0xFFFF, 0xFFFF, 0xFFFF,   // 0x4FA0 (20384) pixels
0xFFFF, 0xFFFF, 0xFFFF, 0xFFFF, 0xFFFF, 0xFFFF, 0xFFFF, 0xFFFF, 0xFFFF, 0xFFFF, 0xFFFF, 0xFFFF, 0xFFFF, 0xFFFF, 0xFFFF, 0xFFFF,   // 0x4FB0 (20400) pixels
0xFFFF, 0xFFFF, 0xFFFF, 0xFFFF, 0xFFFF, 0xFFFF, 0xFFFF, 0xFFFF, 0xFFFF, 0xFFFF, 0xFFFF, 0xFFFF, 0xFFFF, 0xFFFF, 0xFFFF, 0xFFFF,   // 0x4FC0 (20416) pixels
0xFFFF, 0xFFFF, 0xFFFF, 0xFFFF, 0xFFFF, 0xFFFF, 0xFFFF, 0xFFFF, 0xFFFF, 0xFFFF, 0xFFFF, 0xFFFF, 0xFFFF, 0xFFFF, 0xFFFF, 0xFFFF,   // 0x4FD0 (20432) pixels
0xFFFF, 0xFFFF, 0xFFFF, 0xFFFF, 0xFFFF, 0xFFFF, 0xFFFF, 0xFFFF, 0xFFFF, 0xFFFF, 0xFFFF, 0xFFFF, 0xFFFF, 0xFFFF, 0xFFFF, 0xFFFF,   // 0x4FE0 (20448) pixels
0xFFFF, 0xFFFF, 0xFFFF, 0xFFFF, 0xFFFF, 0xFFFF, 0xFFFF, 0xFFFF, 0xFFFF, 0xFFFF, 0xFFFF, 0xFFFF, 0xFFFF, 0xFFFF, 0xFFFF, 0xFFFF,   // 0x4FF0 (20464) pixels
0xFFFF, 0xFFFF, 0xFFFF, 0xFFFF, 0xFFFF, 0xFFFF, 0xFFFF, 0xFFFF, 0xFFFF, 0xFFFF, 0xFFFF, 0xFFFF, 0xFFFF, 0xFFFF, 0xFFFF, 0xFFFF,   // 0x5000 (20480) pixels
0xFFFF, 0xFFFF, 0xFFFF, 0xFFFF, 0xFFFF, 0xFFFF, 0xFFFF, 0xFFFF, 0xFFFF, 0xFFFF, 0xFFFF, 0xFFFF, 0xFFFF, 0xFFFF, 0xFFFF, 0xFFFF,   // 0x5010 (20496) pixels
0xFFFF, 0xFFFF, 0xFFFF, 0xFFFF, 0xFFFF, 0xFFFF, 0xFFFF, 0xFFFF, 0xFFFF, 0xFFFF, 0xFFFF, 0xFFFF, 0xFFFF, 0xFFFF, 0xFFFF, 0xFFFF,   // 0x5020 (20512) pixels
0xFFFF, 0xFFFF, 0xFFFF, 0xFFFF, 0xFFFF, 0xFFFF, 0xFFFF, 0xFFFF, 0xFFFF, 0xFFFF, 0xFFFF, 0xFFFF, 0xFFFF, 0xFFFF, 0xFFFF, 0xFFFF,   // 0x5030 (20528) pixels
0xFFFF, 0xFFFF, 0xFFFF, 0xFFFF, 0xFFFF, 0xFFFF, 0xFFFF, 0xFFFF, 0xFFFF, 0xFFFF, 0xFFFF, 0xFFFF, 0xFFFF, 0xFFFF, 0xFFFF, 0xFFFF,   // 0x5040 (20544) pixels
0xFFFF, 0xFFFF, 0xFFFF, 0xFFFF, 0xFFFF, 0xFFFF, 0xFFFF, 0xFFFF, 0xFFFF, 0xFFFF, 0xFFFF, 0xFFFF, 0xFFFF, 0xFFFF, 0xFFFF, 0xFFFF,   // 0x5050 (20560) pixels
0xFFFF, 0xFFFF, 0xFFFF, 0xFFFF, 0xFFFF, 0xFFFF, 0xFFFF, 0xFFFF, 0xFFFF, 0xFFFF, 0xFFFF, 0xFFFF, 0xFFFF, 0xFFFF, 0xFFFF, 0xFFFF,   // 0x5060 (20576) pixels
0xFFFF, 0xFFFF, 0xFFFF, 0xFFFF, 0xFFFF, 0xFFFF, 0xFFFF, 0xFFFF, 0xFFFF, 0xFFFF, 0xFFFF, 0xFFFF, 0xFFFF, 0xFFFF, 0xFFFF, 0xFFFF,   // 0x5070 (20592) pixels
0xFFFF, 0xFFFF, 0xFFFF, 0xFFFF, 0xFFFF, 0xFFFF, 0xFFFF, 0xFFFF, 0xFFFF, 0xFFFF, 0xFFFF, 0xFFFF, 0xFFFF, 0xFFFF, 0xFFFF, 0xFFFF,   // 0x5080 (20608) pixels
0xFFFF, 0xFFFF, 0xFFFF, 0xFFFF, 0xFFFF, 0xFFFF, 0xFFFF, 0xFFFF, 0xFFFF, 0xFFFF, 0xFFFF, 0xFFFF, 0xFFFF, 0xFFFF, 0xFFFF, 0xFFFF,   // 0x5090 (20624) pixels
0xFFFF, 0xFFFF, 0xFFFF, 0xFFFF, 0xFFFF, 0xFFFF, 0xFFFF, 0xFFFF, 0xFFFF, 0xFFFF, 0xFFFF, 0xFFFF, 0xFFFF, 0xFFFF, 0xFFFF, 0xFFFF,   // 0x50A0 (20640) pixels
0xFFFF, 0xFFFF, 0xFFFF, 0xFFFF, 0xFFFF, 0xFFFF, 0xFFFF, 0xFFFF, 0xFFFF, 0xFFFF, 0xFFFF, 0xFFFF, 0xFFFF, 0xFFFF, 0xFFFF, 0xFFFF,   // 0x50B0 (20656) pixels
0xFFFF, 0xFFFF, 0xFFFF, 0xFFFF, 0xFFFF, 0xFFFF, 0xFFFF, 0xFFFF, 0xFFFF, 0xFFFF, 0xFFFF, 0xFFFF, 0xFFFF, 0xFFFF, 0xFFFF, 0xFFFF,   // 0x50C0 (20672) pixels
0xFFFF, 0xFFFF, 0xFFFF, 0xFFFF, 0xFFFF, 0xFFFF, 0xFFFF, 0xFFFF, 0xFFFF, 0xFFFF, 0xFFFF, 0xFFFF, 0xFFFF, 0xFFFF, 0xFFFF, 0xFFFF,   // 0x50D0 (20688) pixels
0xFFFF, 0xFFFF, 0xFFFF, 0xFFFF, 0xFFFF, 0xFFFF, 0xFFFF, 0xFFFF, 0xFFFF, 0xFFFF, 0xFFFF, 0xFFFF, 0xFFFF, 0xFFFF, 0xFFFF, 0xFFFF,   // 0x50E0 (20704) pixels
0xFFFF, 0xFFFF, 0xFFFF, 0xFFFF, 0xFFFF, 0xFFFF, 0xFFFF, 0xFFFF, 0xFFFF, 0xFFFF, 0xFFFF, 0xFFFF, 0xFFFF, 0xFFFF, 0xFFFF, 0xFFFF,   // 0x50F0 (20720) pixels
0xFFFF, 0xFFFF, 0xFFFF, 0xFFFF, 0xFFFF, 0xFFFF, 0xFFFF, 0xFFFF, 0xFFFF, 0xFFFF, 0xFFFF, 0xFFFF, 0xFFFF, 0xFFFF, 0xFFFF, 0xFFFF,   // 0x5100 (20736) pixels
0xFFFF, 0xFFFF, 0xFFFF, 0xFFFF, 0xFFFF, 0xFFFF, 0xFFFF, 0xFFFF, 0xFFFF, 0xFFFF, 0xFFFF, 0xFFFF, 0xFFFF, 0xFFFF, 0xFFFF, 0xFFFF,   // 0x5110 (20752) pixels
0xFFFF, 0xFFFF, 0xFFFF, 0xFFFF, 0xFFFF, 0xFFFF, 0xFFFF, 0xFFFF, 0xFFFF, 0xFFFF, 0xFFFF, 0xFFFF, 0xFFFF, 0xFFFF, 0xFFFF, 0xFFFF,   // 0x5120 (20768) pixels
0xFFFF, 0xFFFF, 0xFFFF, 0xFFFF, 0xFFFF, 0xFFFF, 0xFFFF, 0xFFFF, 0xFFFF, 0xFFFF, 0xFFFF, 0xFFFF, 0xFFFF, 0xFFFF, 0xFFFF, 0xFFFF,   // 0x5130 (20784) pixels
0xFFFF, 0xFFFF, 0xFFFF, 0xFFFF, 0xFFFF, 0xFFFF, 0xFFFF, 0xFFFF, 0xFFFF, 0xFFFF, 0xFFFF, 0xFFFF, 0xFFFF, 0xFFFF, 0xFFFF, 0xFFFF,   // 0x5140 (20800) pixels
0xFFFF, 0xFFFF, 0xFFFF, 0xFFFF, 0xFFFF, 0xFFFF, 0xFFFF, 0xFFFF, 0xFFFF, 0xFFFF, 0xFFFF, 0xFFFF, 0xFFFF, 0xFFFF, 0xFFFF, 0xFFFF,   // 0x5150 (20816) pixels
0xFFFF, 0xFFFF, 0xFFFF, 0xFFFF, 0xFFFF, 0xFFFF, 0xFFFF, 0xFFFF, 0xFFFF, 0xFFFF, 0xFFFF, 0xFFFF, 0xFFFF, 0xFFFF, 0xFFFF, 0xFFFF,   // 0x5160 (20832) pixels
0xFFFF, 0xFFFF, 0xFFFF, 0xFFFF, 0xFFFF, 0xFFFF, 0xFFFF, 0xFFFF, 0xFFFF, 0xFFFF, 0xFFFF, 0xFFFF, 0xFFFF, 0xFFFF, 0xFFFF, 0xFFFF,   // 0x5170 (20848) pixels
0xFFFF, 0xFFFF, 0xFFFF, 0xFFFF, 0xFFFF, 0xFFFF, 0xFFFF, 0xFFFF, 0xFFFF, 0xFFFF, 0xFFFF, 0xFFFF, 0xFFFF, 0xFFFF, 0xFFFF, 0xFFFF,   // 0x5180 (20864) pixels
0xFFFF, 0xFFFF, 0xFFFF, 0xFFFF, 0xFFFF, 0xFFFF, 0xFFFF, 0xFFFF, 0xFFFF, 0xFFFF, 0xFFFF, 0xFFFF, 0xFFFF, 0xFFFF, 0xFFFF, 0xFFFF,   // 0x5190 (20880) pixels
0xFFFF, 0xFFFF, 0xFFFF, 0xFFFF, 0xFFFF, 0xFFFF, 0xFFFF, 0xFFFF, 0xFFFF, 0xFFFF, 0xFFFF, 0xFFFF, 0xFFFF, 0xFFFF, 0xFFFF, 0xFFFF,   // 0x51A0 (20896) pixels
0xFFFF, 0xFFFF, 0xFFFF, 0xFFFF, 0xFFFF, 0xFFFF, 0xFFFF, 0xFFFF, 0xFFFF, 0xFFFF, 0xFFFF, 0xFFFF, 0xFFFF, 0xFFFF, 0xFFFF, 0xFFFF,   // 0x51B0 (20912) pixels
0xFFFF, 0xFFFF, 0xFFFF, 0xFFFF, 0xFFFF, 0xFFFF, 0xFFFF, 0xFFFF, 0xFFFF, 0xFFFF, 0xFFFF, 0xFFFF, 0xFFFF, 0xFFFF, 0xFFFF, 0xFFFF,   // 0x51C0 (20928) pixels
0xFFFF, 0xFFFF, 0xFFFF, 0xFFFF, 0xFFFF, 0xFFFF, 0xFFFF, 0xFFFF, 0xFFFF, 0xFFFF, 0xFFFF, 0xFFFF, 0xFFFF, 0xFFFF, 0xFFFF, 0xFFFF,   // 0x51D0 (20944) pixels
0xFFFF, 0xFFFF, 0xFFFF, 0xFFFF, 0xFFFF, 0xFFFF, 0xFFFF, 0xFFFF, 0xFFFF, 0xFFFF, 0xFFFF, 0xFFFF, 0xFFFF, 0xFFFF, 0xFFFF, 0xFFFF,   // 0x51E0 (20960) pixels
0xFFFF, 0xFFFF, 0xFFFF, 0xFFFF, 0xFFFF, 0xFFFF, 0xFFFF, 0xFFFF, 0xFFFF, 0xFFFF, 0xFFFF, 0xFFFF, 0xFFFF, 0xFFFF, 0xFFFF, 0xFFFF,   // 0x51F0 (20976) pixels
0xFFFF, 0xFFFF, 0xFFFF, 0xFFFF, 0xFFFF, 0xFFFF, 0xFFFF, 0xFFFF, 0xFFFF, 0xFFFF, 0xFFFF, 0xFFFF, 0xFFFF, 0xFFFF, 0xFFFF, 0xFFFF,   // 0x5200 (20992) pixels
0xFFFF, 0xFFFF, 0xFFFF, 0xFFFF, 0xFFFF, 0xFFFF, 0xFFFF, 0xFFFF, 0xFFFF, 0xFFFF, 0xFFFF, 0xFFFF, 0xFFFF, 0xFFFF, 0xFFFF, 0xFFFF,   // 0x5210 (21008) pixels
0xFFFF, 0xFFFF, 0xFFFF, 0xFFFF, 0xFFFF, 0xFFFF, 0xFFFF, 0xFFFF, 0xFFFF, 0xFFFF, 0xFFFF, 0xFFFF, 0xFFFF, 0xFFFF, 0xFFFF, 0xFFFF,   // 0x5220 (21024) pixels
0xFFFF, 0xFFFF, 0xFFFF, 0xFFFF, 0xFFFF, 0xFFFF, 0xFFFF, 0xFFFF, 0xFFFF, 0xFFFF, 0xFFFF, 0xFFFF, 0xFFFF, 0xFFFF, 0xFFFF, 0xFFFF,   // 0x5230 (21040) pixels
0xFFFF, 0xFFFF, 0xFFFF, 0xFFFF, 0xFFFF, 0xFFFF, 0xFFFF, 0xFFFF, 0xFFFF, 0xFFFF, 0xFFFF, 0xFFFF, 0xFFFF, 0xFFFF, 0xFFFF, 0xFFFF,   // 0x5240 (21056) pixels
0xFFFF, 0xFFFF, 0xFFFF, 0xFFFF, 0xFFFF, 0xFFFF, 0xFFFF, 0xFFFF, 0xFFFF, 0xFFFF, 0xFFFF, 0xFFFF, 0xFFFF, 0xFFFF, 0xFFFF, 0xFFFF,   // 0x5250 (21072) pixels
0xFFFF, 0xFFFF, 0xFFFF, 0xFFFF, 0xFFFF, 0xFFFF, 0xFFFF, 0xFFFF, 0xFFFF, 0xFFFF, 0xFFFF, 0xFFFF, 0xFFFF, 0xFFFF, 0xFFFF, 0xFFFF,   // 0x5260 (21088) pixels
0xFFFF, 0xFFFF, 0xFFFF, 0xFFFF, 0xFFFF, 0xFFFF, 0xFFFF, 0xFFFF, 0xFFFF, 0xFFFF, 0xFFFF, 0xFFFF, 0xFFFF, 0xFFFF, 0xFFFF, 0xFFFF,   // 0x5270 (21104) pixels
0xFFFF, 0xFFFF, 0xFFFF, 0xFFFF, 0xFFFF, 0xFFFF, 0xFFFF, 0xFFFF, 0xFFFF, 0xFFFF, 0xFFFF, 0xFFFF, 0xFFFF, 0xFFFF, 0xFFFF, 0xFFFF,   // 0x5280 (21120) pixels
0xFFFF, 0xFFFF, 0xFFFF, 0xFFFF, 0xFFFF, 0xFFFF, 0xFFFF, 0xFFFF, 0xFFFF, 0xFFFF, 0xFFFF, 0xFFFF, 0xFFFF, 0xFFFF, 0xFFFF, 0xFFFF,   // 0x5290 (21136) pixels
0xFFFF, 0xFFFF, 0xFFFF, 0xFFFF, 0xFFFF, 0xFFFF, 0xFFFF, 0xFFFF, 0xFFFF, 0xFFFF, 0xFFFF, 0xFFFF, 0xFFFF, 0xFFFF, 0xFFFF, 0xFFFF,   // 0x52A0 (21152) pixels
0xFFFF, 0xFFFF, 0xFFFF, 0xFFFF, 0xFFFF, 0xFFFF, 0xFFFF, 0xFFFF, 0xFFFF, 0xFFFF, 0xFFFF, 0xFFFF, 0xFFFF, 0xFFFF, 0xFFFF, 0xFFFF,   // 0x52B0 (21168) pixels
0xFFFF, 0xFFFF, 0xFFFF, 0xFFFF, 0xFFFF, 0xFFFF, 0xFFFF, 0xFFFF, 0xFFFF, 0xFFFF, 0xFFFF, 0xFFFF, 0xFFFF, 0xFFFF, 0xFFFF, 0xFFFF,   // 0x52C0 (21184) pixels
0xFFFF, 0xFFFF, 0xFFFF, 0xFFFF, 0xFFFF, 0xFFFF, 0xFFFF, 0xFFFF, 0xFFFF, 0xFFFF, 0xFFFF, 0xFFFF, 0xFFFF, 0xFFFF, 0xFFFF, 0xFFFF,   // 0x52D0 (21200) pixels
0xFFFF, 0xFFFF, 0xFFFF, 0xFFFF, 0xFFFF, 0xFFFF, 0xFFFF, 0xFFFF, 0xFFFF, 0xFFFF, 0xFFFF, 0xFFFF, 0xFFFF, 0xFFFF, 0xFFFF, 0xFFFF,   // 0x52E0 (21216) pixels
0xFFFF, 0xFFFF, 0xFFFF, 0xFFFF, 0xFFFF, 0xFFFF, 0xFFFF, 0xFFFF, 0xFFFF, 0xFFFF, 0xFFFF, 0xFFFF, 0xFFFF, 0xFFFF, 0xFFFF, 0xFFFF,   // 0x52F0 (21232) pixels
0xFFFF, 0xFFFF, 0xFFFF, 0xFFFF, 0xFFFF, 0xFFFF, 0xFFFF, 0xFFFF, 0xFFFF, 0xFFFF, 0xFFFF, 0xFFFF, 0xFFFF, 0xFFFF, 0xFFFF, 0xFFFF,   // 0x5300 (21248) pixels
0xFFFF, 0xFFFF, 0xFFFF, 0xFFFF, 0xFFFF, 0xFFFF, 0xFFFF, 0xFFFF, 0xFFFF, 0xFFFF, 0xFFFF, 0xFFFF, 0xFFFF, 0xFFFF, 0xFFFF, 0xFFFF,   // 0x5310 (21264) pixels
0xFFFF, 0xFFFF, 0xFFFF, 0xFFFF, 0xFFFF, 0xFFFF, 0xFFFF, 0xFFFF, 0xFFFF, 0xFFFF, 0xFFFF, 0xFFFF, 0xFFFF, 0xFFFF, 0xFFFF, 0xFFFF,   // 0x5320 (21280) pixels
0xFFFF, 0xFFFF, 0xFFFF, 0xFFFF, 0xFFFF, 0xFFFF, 0xFFFF, 0xFFFF, 0xFFFF, 0xFFFF, 0xFFFF, 0xFFFF, 0xFFFF, 0xFFFF, 0xFFFF, 0xFFFF,   // 0x5330 (21296) pixels
0xFFFF, 0xFFFF, 0xFFFF, 0xFFFF, 0xFFFF, 0xFFFF, 0xFFFF, 0xFFFF, 0xFFFF, 0xFFFF, 0xFFFF, 0xFFFF, 0xFFFF, 0xFFFF, 0xFFFF, 0xFFFF,   // 0x5340 (21312) pixels
0xFFFF, 0xFFFF, 0xFFFF, 0xFFFF, 0xFFFF, 0xFFFF, 0xFFFF, 0xFFFF, 0xFFFF, 0xFFFF, 0xFFFF, 0xFFFF, 0xFFFF, 0xFFFF, 0xFFFF, 0xFFFF,   // 0x5350 (21328) pixels
0xFFFF, 0xFFFF, 0xFFFF, 0xFFFF, 0xFFFF, 0xFFFF, 0xFFFF, 0xFFFF, 0xFFFF, 0xFFFF, 0xFFFF, 0xFFFF, 0xFFFF, 0xFFFF, 0xFFFF, 0xFFFF,   // 0x5360 (21344) pixels
0xFFFF, 0xFFFF, 0xFFFF, 0xFFFF, 0xFFFF, 0xFFFF, 0xFFFF, 0xFFFF, 0xFFFF, 0xFFFF, 0xFFFF, 0xFFFF, 0xFFFF, 0xFFFF, 0xFFFF, 0xFFFF,   // 0x5370 (21360) pixels
0xFFFF, 0xFFFF, 0xFFFF, 0xFFFF, 0xFFFF, 0xFFFF, 0xFFFF, 0xFFFF, 0xFFFF, 0xFFFF, 0xFFFF, 0xFFFF, 0xFFFF, 0xFFFF, 0xFFFF, 0xFFFF,   // 0x5380 (21376) pixels
0xFFFF, 0xFFFF, 0xFFFF, 0xFFFF, 0xFFFF, 0xFFFF, 0xFFFF, 0xFFFF, 0xFFFF, 0xFFFF, 0xFFFF, 0xFFFF, 0xFFFF, 0xFFFF, 0xFFFF, 0xFFFF,   // 0x5390 (21392) pixels
0xFFFF, 0xFFFF, 0xFFFF, 0xFFFF, 0xFFFF, 0xFFFF, 0xFFFF, 0xFFFF, 0xFFFF, 0xFFFF, 0xFFFF, 0xFFFF, 0xFFFF, 0xFFFF, 0xFFFF, 0xFFFF,   // 0x53A0 (21408) pixels
0xFFFF, 0xFFFF, 0xFFFF, 0xFFFF, 0xFFFF, 0xFFFF, 0xFFFF, 0xFFFF, 0xFFFF, 0xFFFF, 0xFFFF, 0xFFFF, 0xFFFF, 0xFFFF, 0xFFFF, 0xFFFF,   // 0x53B0 (21424) pixels
0xFFFF, 0xFFFF, 0xFFFF, 0xFFFF, 0xFFFF, 0xFFFF, 0xFFFF, 0xFFFF, 0xFFFF, 0xFFFF, 0xFFFF, 0xFFFF, 0xFFFF, 0xFFFF, 0xFFFF, 0xFFFF,   // 0x53C0 (21440) pixels
0xFFFF, 0xFFFF, 0xFFFF, 0xFFFF, 0xFFFF, 0xFFFF, 0xFFFF, 0xFFFF, 0xFFFF, 0xFFFF, 0xFFFF, 0xFFFF, 0xFFFF, 0xFFFF, 0xFFFF, 0xFFFF,   // 0x53D0 (21456) pixels
0xFFFF, 0xFFFF, 0xFFFF, 0xFFFF, 0xFFFF, 0xFFFF, 0xFFFF, 0xFFFF, 0xFFFF, 0xFFFF, 0xFFFF, 0xFFFF, 0xFFFF, 0xFFFF, 0xFFFF, 0xFFFF,   // 0x53E0 (21472) pixels
0xFFFF, 0xFFFF, 0xFFFF, 0xFFFF, 0xFFFF, 0xFFFF, 0xFFFF, 0xFFFF, 0xFFFF, 0xFFFF, 0xFFFF, 0xFFFF, 0xFFFF, 0xFFFF, 0xFFFF, 0xFFFF,   // 0x53F0 (21488) pixels
0xFFFF, 0xFFFF, 0xFFFF, 0xFFFF, 0xFFFF, 0xFFFF, 0xFFFF, 0xFFFF, 0xFFFF, 0xFFFF, 0xFFFF, 0xFFFF, 0xFFFF, 0xFFFF, 0xFFFF, 0xFFFF,   // 0x5400 (21504) pixels
0xFFFF, 0xFFFF, 0xFFFF, 0xFFFF, 0xFFFF, 0xFFFF, 0xFFFF, 0xFFFF, 0xFFFF, 0xFFFF, 0xFFFF, 0xFFFF, 0xFFFF, 0xFFFF, 0xFFFF, 0xFFFF,   // 0x5410 (21520) pixels
0xFFFF, 0xFFFF, 0xFFFF, 0xFFFF, 0xFFFF, 0xFFFF, 0xFFFF, 0xFFFF, 0xFFFF, 0xFFFF, 0xFFFF, 0xFFFF, 0xFFFF, 0xFFFF, 0xFFFF, 0xFFFF,   // 0x5420 (21536) pixels
0xFFFF, 0xFFFF, 0xFFFF, 0xFFFF, 0xFFFF, 0xFFFF, 0xFFFF, 0xFFFF, 0xFFFF, 0xFFFF, 0xFFFF, 0xFFFF, 0xFFFF, 0xFFFF, 0xFFFF, 0xFFFF,   // 0x5430 (21552) pixels
0xFFFF, 0xFFFF, 0xFFFF, 0xFFFF, 0xFFFF, 0xFFFF, 0xFFFF, 0xFFFF, 0xFFFF, 0xFFFF, 0xFFFF, 0xFFFF, 0xFFFF, 0xFFFF, 0xFFFF, 0xFFFF,   // 0x5440 (21568) pixels
0xFFFF, 0xFFFF, 0xFFFF, 0xFFFF, 0xFFFF, 0xFFFF, 0xFFFF, 0xFFFF, 0xFFFF, 0xFFFF, 0xFFFF, 0xFFFF, 0xFFFF, 0xFFFF, 0xFFFF, 0xFFFF,   // 0x5450 (21584) pixels
0xFFFF, 0xFFFF, 0xFFFF, 0xFFFF, 0xFFFF, 0xFFFF, 0xFFFF, 0xFFFF, 0xFFFF, 0xFFFF, 0xFFFF, 0xFFFF, 0xFFFF, 0xFFFF, 0xFFFF, 0xFFFF,   // 0x5460 (21600) pixels
0xFFFF, 0xFFFF, 0xFFFF, 0xFFFF, 0xFFFF, 0xFFFF, 0xFFFF, 0xFFFF, 0xFFFF, 0xFFFF, 0xFFFF, 0xFFFF, 0xFFFF, 0xFFFF, 0xFFFF, 0xFFFF,   // 0x5470 (21616) pixels
0xFFFF, 0xFFFF, 0xFFFF, 0xFFFF, 0xFFFF, 0xFFFF, 0xFFFF, 0xFFFF, 0xFFFF, 0xFFFF, 0xFFFF, 0xFFFF, 0xFFFF, 0xFFFF, 0xFFFF, 0xFFFF,   // 0x5480 (21632) pixels
0xFFFF, 0xFFFF, 0xFFFF, 0xFFFF, 0xFFFF, 0xFFFF, 0xFFFF, 0xFFFF, 0xFFFF, 0xFFFF, 0xFFFF, 0xFFFF, 0xFFFF, 0xFFFF, 0xFFFF, 0xFFFF,   // 0x5490 (21648) pixels
0xFFFF, 0xFFFF, 0xFFFF, 0xFFFF, 0xFFFF, 0xFFFF, 0xFFFF, 0xFFFF, 0xFFFF, 0xFFFF, 0xFFFF, 0xFFFF, 0xFFFF, 0xFFFF, 0xFFFF, 0xFFFF,   // 0x54A0 (21664) pixels
0xFFFF, 0xFFFF, 0xFFFF, 0xFFFF, 0xFFFF, 0xFFFF, 0xFFFF, 0xFFFF, 0xFFFF, 0xFFFF, 0xFFFF, 0xFFFF, 0xFFFF, 0xFFFF, 0xFFFF, 0xFFFF,   // 0x54B0 (21680) pixels
0xFFFF, 0xFFFF, 0xFFFF, 0xFFFF, 0xFFFF, 0xFFFF, 0xFFFF, 0xFFFF, 0xFFFF, 0xFFFF, 0xFFFF, 0xFFFF, 0xFFFF, 0xFFFF, 0xFFFF, 0xFFFF,   // 0x54C0 (21696) pixels
};
